source_date,retrieved_at_utc,fund_ticker,provider,rank,holding_ticker,holding_name,weight,shares_held,market_value_usd
2026-09-23,2026-09-23T23:38:25.440000Z,VGT,Vanguard,1,NVDA,NVIDIA Corp,17.7434646078482,137054413,30258873302.14
2026-09-23,2026-09-23T23:38:25.440000Z,VGT,Vanguard,2,AAPL,Apple Inc,15.8011311891506,85045002,26946508883.7
2026-09-23,2026-09-23T23:38:25.440000Z,VGT,Vanguard,3,MSFT,Microsoft Corp,11.5205650949883,38728601,19646632001.29
2026-09-23,2026-09-23T23:38:25.440000Z,VGT,Vanguard,4,AVGO,Broadcom Inc,4.52435029949442,20833869,7715615045.46
2026-09-23,2026-09-23T23:38:25.440000Z,VGT,Vanguard,5,MU,Micron Technology Inc,4.1840229999265,7442384,7135236812.32
2026-09-23,2026-09-23T23:38:25.440000Z,VGT,Vanguard,6,AMD,Advanced Micro Devices Inc,2.9522680719706,10695657,5034659663.04
2026-09-23,2026-09-23T23:38:25.440000Z,VGT,Vanguard,7,CSCO,Cisco Systems Inc,1.71379531038334,26451500,2922626235
2026-09-23,2026-09-23T23:38:25.440000Z,VGT,Vanguard,8,PLTR,Palantir Technologies Inc,1.61050711119716,14735934,2746483378.92
2026-09-23,2026-09-23T23:38:25.440000Z,VGT,Vanguard,9,INTC,Intel Corp,1.54232769568926,29384576,2630213397.76
2026-09-23,2026-09-23T23:38:25.440000Z,VGT,Vanguard,10,LRCX,Lam Research Corp,1.48958396180784,8425708,2540266704.92
2026-09-23,2026-09-23T23:38:25.440000Z,VGT,Vanguard,11,AMAT,Applied Materials Inc,1.43389696383291,5334542,2445300707.38
2026-09-23,2026-09-23T23:38:25.440000Z,VGT,Vanguard,12,PANW,Palo Alto Networks Inc,1.24165568171298,5541207,2117461430.91
2026-09-23,2026-09-23T23:38:25.440000Z,VGT,Vanguard,13,ORCL,Oracle Corp,0.969100787873756,11082746,1652659083.52
2026-09-23,2026-09-23T23:38:25.440000Z,VGT,Vanguard,14,TXN,Texas Instruments Inc,0.948816084436898,6201627,1618066500.57
2026-09-23,2026-09-23T23:38:25.440000Z,VGT,Vanguard,15,CRWD,Crowdstrike Holdings Inc,0.930527804072504,6869604,1586878524
2026-09-23,2026-09-23T23:38:25.440000Z,VGT,Vanguard,16,KLAC,KLA Corp,0.921496758843536,8956839,1571477402.55
2026-09-23,2026-09-23T23:38:25.440000Z,VGT,Vanguard,17,SNDK,Sandisk Corp,0.914616336138121,995560,1559743852
2026-09-23,2026-09-23T23:38:25.440000Z,VGT,Vanguard,18,IBM,International Business Machines Corp,0.857581129291105,6253383,1462478682.21
2026-09-23,2026-09-23T23:38:25.440000Z,VGT,Vanguard,19,ANET,Arista Networks Inc,0.850191755422807,7409051,1449877190.19
2026-09-23,2026-09-23T23:38:25.440000Z,VGT,Vanguard,20,CRM,Salesforce Inc,0.843885142663248,5587956,1439122188.24
2026-09-23,2026-09-23T23:38:25.440000Z,VGT,Vanguard,21,APH,Amphenol Corp,0.785408213586059,8447798,1339398372.9
2026-09-23,2026-09-23T23:38:25.440000Z,VGT,Vanguard,22,STX,Seagate Technology Holdings PLC,0.737678227706545,1518629,1258001891.02
2026-09-23,2026-09-23T23:38:25.440000Z,VGT,Vanguard,23,QCOM,QUALCOMM Inc,0.735569131666761,7358078,1254405137.44
2026-09-23,2026-09-23T23:38:25.440000Z,VGT,Vanguard,24,MRVL,Marvell Technology Inc,0.7331628950146,5907123,1250301654.18
2026-09-23,2026-09-23T23:38:25.440000Z,VGT,Vanguard,25,ADI,Analog Devices Inc,0.716762573883526,3375306,1222333314.84
2026-09-23,2026-09-23T23:38:25.440000Z,VGT,Vanguard,26,WDC,Western Digital Corp,0.635926232975397,2407011,1084478806.05
2026-09-23,2026-09-23T23:38:25.440000Z,VGT,Vanguard,27,NOW,ServiceNow Inc,0.616999963307429,7109959,1052202832.41
2026-09-23,2026-09-23T23:38:25.440000Z,VGT,Vanguard,28,DELL,Dell Technologies Inc,0.571197495312126,2136123,974093449.23
2026-09-23,2026-09-23T23:38:25.440000Z,VGT,Vanguard,29,ADBE,Adobe Inc,0.492661637277386,2869504,840162076.16
2026-09-23,2026-09-23T23:38:25.440000Z,VGT,Vanguard,30,GLW,Corning Inc,0.491041650785886,5630333,837399427.09
2026-09-23,2026-09-23T23:38:25.440000Z,VGT,Vanguard,31,ACN,Accenture PLC,0.48447112261421,4353891,826194356.16
2026-09-23,2026-09-23T23:38:25.440000Z,VGT,Vanguard,32,SNOW,Snowflake Inc,0.462451614925242,2379517,788643319.31
2026-09-23,2026-09-23T23:38:25.440000Z,VGT,Vanguard,33,FTNT,Fortinet Inc,0.456154580668516,4551013,777904652.09
2026-09-23,2026-09-23T23:38:25.440000Z,VGT,Vanguard,34,NET,Cloudflare Inc,0.410905397163709,2296676,700738814.36
2026-09-23,2026-09-23T23:38:25.440000Z,VGT,Vanguard,35,INTU,Intuit Inc,0.404494340107813,1919860,689805698
2026-09-23,2026-09-23T23:38:25.440000Z,VGT,Vanguard,36,CDNS,Cadence Design Systems Inc,0.403118748878042,2029222,687459829.16
2026-09-23,2026-09-23T23:38:25.440000Z,VGT,Vanguard,37,MSI,Motorola Solutions Inc,0.351901396835164,1236588,600116156.4
2026-09-23,2026-09-23T23:38:25.440000Z,VGT,Vanguard,38,SNPS,Synopsys Inc,0.346900272875368,1345771,591587473.89
2026-09-23,2026-09-23T23:38:25.440000Z,VGT,Vanguard,39,DDOG,Datadog Inc,0.323323713712117,2326110,551381114.4
2026-09-23,2026-09-23T23:38:25.440000Z,VGT,Vanguard,40,HPE,Hewlett Packard Enterprise Co,0.306969557505822,10020894,523491502.56
2026-09-23,2026-09-23T23:38:25.440000Z,VGT,Vanguard,41,LITE,Lumentum Holdings Inc,0.297027309229038,553737,506536458.12
2026-09-23,2026-09-23T23:38:25.440000Z,VGT,Vanguard,42,TEL,TE Connectivity PLC,0.272137033973054,2261095,464089748.75
2026-09-23,2026-09-23T23:38:25.440000Z,VGT,Vanguard,43,MPWR,Monolithic Power Systems Inc,0.2658799484741,357651,453419208.27
2026-09-23,2026-09-23T23:38:25.440000Z,VGT,Vanguard,44,KEYS,Keysight Technologies Inc,0.253916470796647,1341857,433017253.9
2026-09-23,2026-09-23T23:38:25.440000Z,VGT,Vanguard,45,ADSK,Autodesk Inc,0.252469348160121,1665375,430549398.75
2026-09-23,2026-09-23T23:38:25.440000Z,VGT,Vanguard,46,NXPI,NXP Semiconductors NV,0.252171057129136,1914355,430040707.2
2026-09-23,2026-09-23T23:38:25.440000Z,VGT,Vanguard,47,TER,Teradyne Inc,0.248885835477324,1213270,424438244.1
2026-09-23,2026-09-23T23:38:25.440000Z,VGT,Vanguard,48,CIEN,Ciena Corp,0.239495632586985,1066940,408424632
2026-09-23,2026-09-23T23:38:25.440000Z,VGT,Vanguard,49,ROP,Roper Technologies Inc,0.207952323867205,835136,354632151.04
2026-09-23,2026-09-23T23:38:25.440000Z,VGT,Vanguard,50,COHR,Coherent Corp,0.206751015166301,1269062,352583495.46
2026-09-23,2026-09-23T23:38:25.440000Z,VGT,Vanguard,51,ALAB,Astera Labs Inc,0.198767866807002,1141388,338969408.24
2026-09-23,2026-09-23T23:38:25.440000Z,VGT,Vanguard,52,WDAY,Workday Inc,0.193811749812417,1673930,330517478.5
2026-09-23,2026-09-23T23:38:25.440000Z,VGT,Vanguard,53,FLEX,Flex Ltd,0.193167877750784,3015281,329419449.25
2026-09-23,2026-09-23T23:38:25.440000Z,VGT,Vanguard,54,MCHP,Microchip Technology Inc,0.188690971932422,4381004,321784743.8
2026-09-23,2026-09-23T23:38:25.440000Z,VGT,Vanguard,55,CRDO,Credo Technology Group Holding Ltd,0.185844713781501,1401171,316930868.49
2026-09-23,2026-09-23T23:38:25.440000Z,VGT,Vanguard,56,MDB,MongoDB Inc,0.179277748168109,674354,305731872.98
2026-09-23,2026-09-23T23:38:25.440000Z,VGT,Vanguard,57,NTAP,NetApp Inc,0.179242522783902,1649694,305671801.26
2026-09-23,2026-09-23T23:38:25.440000Z,VGT,Vanguard,58,TWLO,Twilio Inc,0.17453306434765,1263169,297640511.47
2026-09-23,2026-09-23T23:38:25.440000Z,VGT,Vanguard,59,TEAM,Atlassian Corp,0.165248515098467,1451342,281807076.14
2026-09-23,2026-09-23T23:38:25.440000Z,VGT,Vanguard,60,JBL,Jabil Inc,0.162106212301713,905616,276448340.16
2026-09-23,2026-09-23T23:38:25.440000Z,VGT,Vanguard,61,CTSH,Cognizant Technology Solutions Corp,0.161451216321275,4263415,275331340.7
2026-09-23,2026-09-23T23:38:25.440000Z,VGT,Vanguard,62,OKTA,Okta Inc,0.161086563557622,1587549,274709478.96
2026-09-23,2026-09-23T23:38:25.440000Z,VGT,Vanguard,63,TDY,Teledyne Technologies Inc,0.148239923182784,412434,252801420.3
2026-09-23,2026-09-23T23:38:25.440000Z,VGT,Vanguard,64,MSTR,Strategy Inc,0.147917547492299,1897485,252251655.9
2026-09-23,2026-09-23T23:38:25.440000Z,VGT,Vanguard,65,P,Everpure Inc,0.147204708571901,2700764,251036013.8
2026-09-23,2026-09-23T23:38:25.440000Z,VGT,Vanguard,66,HPQ,HP Inc,0.146965984305643,8348731,250628904.62
2026-09-23,2026-09-23T23:38:25.440000Z,VGT,Vanguard,67,ON,ON Semiconductor Corp,0.143480959880115,3302547,244685707.23
2026-09-23,2026-09-23T23:38:25.440000Z,VGT,Vanguard,68,FICO,Fair Isaac Corp,0.14051185891525,208874,239622341.54
2026-09-23,2026-09-23T23:38:25.440000Z,VGT,Vanguard,69,VRSN,VeriSign Inc,0.134085324701462,793197,228662831.16
2026-09-23,2026-09-23T23:38:25.440000Z,VGT,Vanguard,70,Q,Qnity Electronics Inc,0.133288563908456,1903241,227304072.63
2026-09-23,2026-09-23T23:38:25.440000Z,VGT,Vanguard,71,FFIV,F5 Inc,0.132207485055383,553780,225460451.4
2026-09-23,2026-09-23T23:38:25.440000Z,VGT,Vanguard,72,ZM,Zoom Communications Inc,0.125675433940444,2216808,214320997.44
2026-09-23,2026-09-23T23:38:25.440000Z,VGT,Vanguard,73,SMCI,Super Micro Computer Inc,0.123159176991464,5633849,210029890.72
2026-09-23,2026-09-23T23:38:25.440000Z,VGT,Vanguard,74,CDW,CDW Corp/DE,0.119835130208383,1348207,204361217.06
2026-09-23,2026-09-23T23:38:25.440000Z,VGT,Vanguard,75,ENTG,Entegris Inc,0.118006283059773,1487489,201242386.81
2026-09-23,2026-09-23T23:38:25.440000Z,VGT,Vanguard,76,FSLR,First Solar Inc,0.116698185551078,985694,199011618.6
2026-09-23,2026-09-23T23:38:25.440000Z,VGT,Vanguard,77,SNX,TD SYNNEX Corp,0.111355061672259,751037,189899705.45
2026-09-23,2026-09-23T23:38:25.440000Z,VGT,Vanguard,78,PTC,PTC Inc,0.111264738920171,1218349,189745673.26
2026-09-23,2026-09-23T23:38:25.440000Z,VGT,Vanguard,79,NTNX,Nutanix Inc,0.110888624858913,2757828,189104265.96
2026-09-23,2026-09-23T23:38:25.440000Z,VGT,Vanguard,80,GWRE,Guidewire Software Inc,0.110450135353686,919934,188356486.5
2026-09-23,2026-09-23T23:38:25.440000Z,VGT,Vanguard,81,GEN,Gen Digital Inc,0.109188020525993,6006585,186204135
2026-09-23,2026-09-23T23:38:25.440000Z,VGT,Vanguard,82,ZS,Zscaler Inc,0.107341306145627,971706,183054834.81
2026-09-23,2026-09-23T23:38:25.440000Z,VGT,Vanguard,83,ZBRA,Zebra Technologies Corp,0.105829912915147,510472,180477375.6
2026-09-23,2026-09-23T23:38:25.440000Z,VGT,Vanguard,84,TYL,Tyler Technologies Inc,0.104543349169092,478973,178283330.06
2026-09-23,2026-09-23T23:38:25.440000Z,VGT,Vanguard,85,MKSI,MKS Inc,0.10400212962243,692165,177360359.6
2026-09-23,2026-09-23T23:38:25.440000Z,VGT,Vanguard,86,MTSI,MACOM Technology Solutions Holdings Inc,0.10175881161244,657752,173534710.16
2026-09-23,2026-09-23T23:38:25.440000Z,VGT,Vanguard,87,DT,Dynatrace Inc,0.101660390502554,3175799,173366867.41
2026-09-23,2026-09-23T23:38:25.440000Z,VGT,Vanguard,88,LSCC,Lattice Semiconductor Corp,0.100990809865579,1493194,172224995.96
2026-09-23,2026-09-23T23:38:25.440000Z,VGT,Vanguard,89,IOT,Samsara Inc,0.0992164623611476,4141961,169199106.85
2026-09-23,2026-09-23T23:38:25.440000Z,VGT,Vanguard,90,AKAM,Akamai Technologies Inc,0.0963159246612233,1512177,164252665.74
2026-09-23,2026-09-23T23:38:25.440000Z,VGT,Vanguard,91,TRMB,Trimble Inc,0.0953779713242149,2713599,162653124.06
2026-09-23,2026-09-23T23:38:25.440000Z,VGT,Vanguard,92,MANH,Manhattan Associates Inc,0.0953652389819605,728668,162631410.92
2026-09-23,2026-09-23T23:38:25.440000Z,VGT,Vanguard,93,RBRK,Rubrik Inc,0.0947924368273634,1737474,161654580.96
2026-09-23,2026-09-23T23:38:25.440000Z,VGT,Vanguard,94,DOCU,Docusign Inc,0.0925664301759978,2382050,157858453.5
2026-09-23,2026-09-23T23:38:25.440000Z,VGT,Vanguard,95,IT,Gartner Inc,0.0920185472704971,792106,156924119.66
2026-09-23,2026-09-23T23:38:25.440000Z,VGT,Vanguard,96,U,Unity Software Inc,0.0915847782538028,3709843,156184390.3
2026-09-23,2026-09-23T23:38:25.440000Z,VGT,Vanguard,97,GDDY,GoDaddy Inc,0.0914415671308356,1593177,155940164.76
2026-09-23,2026-09-23T23:38:25.440000Z,VGT,Vanguard,98,SMTC,Semtech Corp,0.0912249632916269,1170057,155570778.72
2026-09-23,2026-09-23T23:38:25.440000Z,VGT,Vanguard,99,ONTO,Onto Innovation Inc,0.0870231642506272,555388,148405227.48
2026-09-23,2026-09-23T23:38:25.440000Z,VGT,Vanguard,100,FROG,JFrog Ltd,0.0859080599055778,1464011,146503580.77
2026-09-23,2026-09-23T23:38:25.440000Z,VGT,Vanguard,101,FN,Fabrinet,0.0844924382516638,348944,144089445.92
2026-09-23,2026-09-23T23:38:25.440000Z,VGT,Vanguard,102,SITM,SiTime Corp,0.0841946571385214,253938,143581623.96
2026-09-23,2026-09-23T23:38:25.440000Z,VGT,Vanguard,103,HUBS,HubSpot Inc,0.0835403315998613,545094,142465767.84
2026-09-23,2026-09-23T23:38:25.440000Z,VGT,Vanguard,104,ARW,Arrow Electronics Inc,0.0810968301090869,676509,138298734.87
2026-09-23,2026-09-23T23:38:25.440000Z,VGT,Vanguard,105,LFUS,Littelfuse Inc,0.0806871644811505,333835,137600110.3
2026-09-23,2026-09-23T23:38:25.440000Z,VGT,Vanguard,106,CGNX,Cognex Corp,0.080359991203733,2248067,137042164.32
2026-09-23,2026-09-23T23:38:25.440000Z,VGT,Vanguard,107,DOCN,DigitalOcean Holdings Inc,0.0800826568525721,1233799,136569211.31
2026-09-23,2026-09-23T23:38:25.440000Z,VGT,Vanguard,108,TTMI,TTM Technologies Inc,0.0797484616102416,1143620,135999290.4
2026-09-23,2026-09-23T23:38:25.440000Z,VGT,Vanguard,109,SWKS,Skyworks Solutions Inc,0.0790152277763602,2010877,134748867.77
2026-09-23,2026-09-23T23:38:25.440000Z,VGT,Vanguard,110,AEIS,Advanced Energy Industries Inc,0.0790009421663874,486616,134724505.76
2026-09-23,2026-09-23T23:38:25.440000Z,VGT,Vanguard,111,SANM,Sanmina Corp,0.0789795858391362,684669,134688085.68
2026-09-23,2026-09-23T23:38:25.440000Z,VGT,Vanguard,112,ESTC,Elastic NV,0.0771191286806429,1348184,131515349.2
2026-09-23,2026-09-23T23:38:25.440000Z,VGT,Vanguard,113,PATH,UiPath Inc,0.0771186990687475,7044168,131514616.56
2026-09-23,2026-09-23T23:38:25.440000Z,VGT,Vanguard,114,IDCC,InterDigital Inc,0.0732483240669445,372845,124914260.35
2026-09-23,2026-09-23T23:38:25.440000Z,VGT,Vanguard,115,QRVO,Qorvo Inc,0.0709520205566342,1259349,120998251.92
2026-09-23,2026-09-23T23:38:25.440000Z,VGT,Vanguard,116,IONQ,IonQ Inc,0.0706744708893673,3066012,120524931.72
2026-09-23,2026-09-23T23:38:25.440000Z,VGT,Vanguard,117,AVT,Avnet Inc,0.0699288292032055,1331547,119253349.32
2026-09-23,2026-09-23T23:38:25.440000Z,VGT,Vanguard,118,S,SentinelOne Inc,0.0697977579235146,5385965,119029826.5
2026-09-23,2026-09-23T23:38:25.440000Z,VGT,Vanguard,119,GTLB,Gitlab Inc,0.069677402699894,2553171,118824578.34
2026-09-23,2026-09-23T23:38:25.440000Z,VGT,Vanguard,120,PCOR,Procore Technologies Inc,0.0691851792452646,1881141,117985163.52
2026-09-23,2026-09-23T23:38:25.440000Z,VGT,Vanguard,121,SLAB,Silicon Laboratories Inc,0.068919924702894,536557,117532810.85
2026-09-23,2026-09-23T23:38:25.440000Z,VGT,Vanguard,122,RMBS,Rambus Inc,0.0683740789355633,1345045,116601951.05
2026-09-23,2026-09-23T23:38:25.440000Z,VGT,Vanguard,123,ZETA,Zeta Global Holdings Corp,0.0670494039455639,3692054,114342912.38
2026-09-23,2026-09-23T23:38:25.440000Z,VGT,Vanguard,124,QLYS,Qualys Inc,0.0661990702665696,606494,112892793.16
2026-09-23,2026-09-23T23:38:25.440000Z,VGT,Vanguard,125,FORM,FormFactor Inc,0.0661401194739651,1121084,112792261.24
2026-09-23,2026-09-23T23:38:25.440000Z,VGT,Vanguard,126,EPAM,EPAM Systems Inc,0.0661150587702969,956883,112749523.89
2026-09-23,2026-09-23T23:38:25.440000Z,VGT,Vanguard,127,VSAT,Viasat Inc,0.0661149646842129,1676072,112749363.44
2026-09-23,2026-09-23T23:38:25.440000Z,VGT,Vanguard,128,VIAV,Viavi Solutions Inc,0.0657842734551079,3091359,112185418.11
2026-09-23,2026-09-23T23:38:25.440000Z,VGT,Vanguard,129,APPF,Appfolio Inc,0.0652751615278705,475288,111317202.48
2026-09-23,2026-09-23T23:38:25.440000Z,VGT,Vanguard,130,PLXS,Plexus Corp,0.064942189269763,462477,110749367.19
2026-09-23,2026-09-23T23:38:25.440000Z,VGT,Vanguard,131,BSY,Bentley Systems Inc,0.0647707343487681,3005632,110456976
2026-09-23,2026-09-23T23:38:25.440000Z,VGT,Vanguard,132,RAL,Ralliant Corp,0.063401390827857,1751527,108121761.71
2026-09-23,2026-09-23T23:38:25.440000Z,VGT,Vanguard,133,CVLT,Commvault Systems Inc,0.0630634499683848,782035,107545453.2
2026-09-23,2026-09-23T23:38:25.440000Z,VGT,Vanguard,134,BOX,Box Inc,0.0629720961278106,3001388,107389662.64
2026-09-23,2026-09-23T23:38:25.440000Z,VGT,Vanguard,135,AUR,Aurora Innovation Inc,0.0628594717955788,19040426,107197598.38
2026-09-23,2026-09-23T23:38:25.440000Z,VGT,Vanguard,136,PI,Impinj Inc,0.0628186644004037,614548,107128007.36
2026-09-23,2026-09-23T23:38:25.440000Z,VGT,Vanguard,137,RIOT,Riot Platforms Inc,0.0626492224876794,5624588,106839049.06
2026-09-23,2026-09-23T23:38:25.440000Z,VGT,Vanguard,138,NOVT,Novanta Inc,0.0624099777309884,727883,106431052.26
2026-09-23,2026-09-23T23:38:25.440000Z,VGT,Vanguard,139,DBX,Dropbox Inc,0.0623011143030544,3019193,106245401.67
2026-09-23,2026-09-23T23:38:25.440000Z,VGT,Vanguard,140,RNG,RingCentral Inc,0.0622225737205261,1524152,106111462.24
2026-09-23,2026-09-23T23:38:25.440000Z,VGT,Vanguard,141,HUT,Hut 8 Corp,0.0620226287416604,1344996,105770485.44
2026-09-23,2026-09-23T23:38:25.440000Z,VGT,Vanguard,142,NSIT,Insight Enterprises Inc,0.0615944305007242,668961,105040256.22
2026-09-23,2026-09-23T23:38:25.440000Z,VGT,Vanguard,143,ACIW,ACI Worldwide Inc,0.0615292805112053,1969391,104929152.48
2026-09-23,2026-09-23T23:38:25.440000Z,VGT,Vanguard,144,VRNS,Varonis Systems Inc,0.0608950491213455,2372574,103847563.98
2026-09-23,2026-09-23T23:38:25.440000Z,VGT,Vanguard,145,TENB,Tenable Holdings Inc,0.0606097650854043,2709333,103361053.95
2026-09-23,2026-09-23T23:38:25.440000Z,VGT,Vanguard,146,AAOI,Applied Optoelectronics Inc,0.0591652003589469,936926,100897560.94
2026-09-23,2026-09-23T23:38:25.440000Z,VGT,Vanguard,147,CRCL,Circle Internet Group Inc,0.0584954746845646,1044013,99755442.15
2026-09-23,2026-09-23T23:38:25.440000Z,VGT,Vanguard,148,WK,Workiva Inc. Class A,0.0580148222467496,1236697,98935760
2026-09-23,2026-09-23T23:38:25.440000Z,VGT,Vanguard,149,BMI,Badger Meter Inc,0.0576362279543473,725549,98290123.03
2026-09-23,2026-09-23T23:38:25.440000Z,VGT,Vanguard,150,VNT,Vontier Corp,0.0575834823105037,3048748,98200173.08
2026-09-23,2026-09-23T23:38:25.440000Z,VGT,Vanguard,151,BILL,BILL Holdings Inc,0.057453888924114,1990233,97979170.59
2026-09-23,2026-09-23T23:38:25.440000Z,VGT,Vanguard,152,ITRI,Itron Inc,0.0568633927628774,999610,96972166.1
2026-09-23,2026-09-23T23:38:25.440000Z,VGT,Vanguard,153,APLD,Applied Digital Corp,0.0567120768552905,3806144,96714119.04
2026-09-23,2026-09-23T23:38:25.440000Z,VGT,Vanguard,154,QTWO,Q2 Holdings Inc,0.0565582461958506,1482961,96451783.44
2026-09-23,2026-09-23T23:38:25.440000Z,VGT,Vanguard,155,ALGM,Allegro MicroSystems Inc,0.0558829698236629,2628971,95300198.75
2026-09-23,2026-09-23T23:38:25.440000Z,VGT,Vanguard,156,AMKR,Amkor Technology Inc,0.0554336336559865,1998603,94533921.9
2026-09-23,2026-09-23T23:38:25.440000Z,VGT,Vanguard,157,DIOD,Diodes Inc,0.0551971506146584,1036681,94130634.8
2026-09-23,2026-09-23T23:38:25.440000Z,VGT,Vanguard,158,VSH,Vishay Intertechnology Inc,0.0550637714669493,3085875,93903176.25
2026-09-23,2026-09-23T23:38:25.440000Z,VGT,Vanguard,159,QBTS,D-Wave Quantum Inc,0.0547098275057366,5424394,93299576.8
2026-09-23,2026-09-23T23:38:25.440000Z,VGT,Vanguard,160,DLB,Dolby Laboratories Inc,0.054549997150582,1511160,93027009.6
2026-09-23,2026-09-23T23:38:25.440000Z,VGT,Vanguard,161,WULF,Terawulf Inc,0.054380456267155,6129404,92737882.52
2026-09-23,2026-09-23T23:38:25.440000Z,VGT,Vanguard,162,CCC,CCC Intelligent Solutions Holdings Inc,0.0543787697191247,12430966,92735006.36
2026-09-23,2026-09-23T23:38:25.440000Z,VGT,Vanguard,163,ACMR,ACM Research Inc,0.0538068925342313,1260090,91759753.8
2026-09-23,2026-09-23T23:38:25.440000Z,VGT,Vanguard,164,BDC,Belden Inc,0.0537620381415234,801007,91683261.22
2026-09-23,2026-09-23T23:38:25.440000Z,VGT,Vanguard,165,ENPH,Enphase Energy Inc,0.0534860566421145,2504465,91212615.3
2026-09-23,2026-09-23T23:38:25.440000Z,VGT,Vanguard,166,KLIC,Kulicke & Soffa Industries Inc,0.0530137200009312,1129242,90407114.52
2026-09-23,2026-09-23T23:38:25.440000Z,VGT,Vanguard,167,CRUS,Cirrus Logic Inc,0.0524521973868644,816816,89449520.16
2026-09-23,2026-09-23T23:38:25.440000Z,VGT,Vanguard,168,ACLS,Axcelis Technologies Inc,0.0502618349303198,743208,85714178.64
2026-09-23,2026-09-23T23:38:25.440000Z,VGT,Vanguard,169,MARA,MARA Holdings Inc,0.0497738985994395,7881344,84882074.88
2026-09-23,2026-09-23T23:38:25.440000Z,VGT,Vanguard,170,SYNA,Synaptics Inc,0.0497468320648997,877129,84835916.88
2026-09-23,2026-09-23T23:38:25.440000Z,VGT,Vanguard,171,CIFR,Cipher Digital Inc,0.0495529907602118,5451958,84505349
2026-09-23,2026-09-23T23:38:25.440000Z,VGT,Vanguard,172,OLED,Universal Display Corp,0.0488447701676887,1001534,83297582.78
2026-09-23,2026-09-23T23:38:25.440000Z,VGT,Vanguard,173,OSIS,OSI Systems Inc,0.0488353213154213,400565,83281469.15
2026-09-23,2026-09-23T23:38:25.440000Z,VGT,Vanguard,174,RGTI,Rigetti Computing Inc,0.0487855734318909,5312684,83196631.44
2026-09-23,2026-09-23T23:38:25.440000Z,VGT,Vanguard,175,MXL,MaxLinear Inc,0.0483600523431879,1376581,82470967.71
2026-09-23,2026-09-23T23:38:25.440000Z,VGT,Vanguard,176,CORZ,Core Scientific Inc,0.0481932095929855,5042113,82186441.9
2026-09-23,2026-09-23T23:38:25.440000Z,VGT,Vanguard,177,SPSC,SPS Commerce Inc,0.0478539080827901,955595,81607813
2026-09-23,2026-09-23T23:38:25.440000Z,VGT,Vanguard,178,YOU,Clear Secure Inc,0.0477658442117993,1845020,81457633
2026-09-23,2026-09-23T23:38:25.440000Z,VGT,Vanguard,179,PEGA,Pegasystems Inc,0.0474072034580254,2196306,80846023.86
2026-09-23,2026-09-23T23:38:25.440000Z,VGT,Vanguard,180,FSLY,Fastly Inc,0.0462568457169753,3461354,78884257.66
2026-09-23,2026-09-23T23:38:25.440000Z,VGT,Vanguard,181,MIR,Mirion Technologies Inc,0.0456428704951432,5165044,77837213.08
2026-09-23,2026-09-23T23:38:25.440000Z,VGT,Vanguard,182,UCTT,Ultra Clean Holdings Inc,0.0451672546387473,1135576,77026120.08
2026-09-23,2026-09-23T23:38:25.440000Z,VGT,Vanguard,183,AGYS,Agilysys Inc,0.0450655735413372,660190,76852717.9
2026-09-23,2026-09-23T23:38:25.440000Z,VGT,Vanguard,184,BELFB,Bel Fuse Inc,0.0444057592568491,303791,75727501.53
2026-09-23,2026-09-23T23:38:25.440000Z,VGT,Vanguard,185,CLSK,Cleanspark Inc,0.0443025998673935,6501857,75551578.34
2026-09-23,2026-09-23T23:38:25.440000Z,VGT,Vanguard,186,EXTR,Extreme Networks Inc,0.0441989699126482,3351483,75374852.67
2026-09-23,2026-09-23T23:38:25.440000Z,VGT,Vanguard,187,KN,Knowles Corp,0.0433895893640392,2164850,73994573
2026-09-23,2026-09-23T23:38:25.440000Z,VGT,Vanguard,188,POWI,Power Integrations Inc,0.0425060514540486,1410818,72487828.84
2026-09-23,2026-09-23T23:38:25.440000Z,VGT,Vanguard,189,AMBA,Ambarella Inc,0.0412411028555367,1013702,70330644.76
2026-09-23,2026-09-23T23:38:25.440000Z,VGT,Vanguard,190,KD,Kyndryl Holdings Inc,0.0412047187142722,5224431,70268596.95
2026-09-23,2026-09-23T23:38:25.440000Z,VGT,Vanguard,191,DGII,Digi International Inc,0.041117544506515,935681,70119934.14
2026-09-23,2026-09-23T23:38:25.440000Z,VGT,Vanguard,192,NTCT,NetScout Systems Inc,0.0406513497955153,1785344,69324907.52
2026-09-23,2026-09-23T23:38:25.440000Z,VGT,Vanguard,193,ADEA,Adeia Inc,0.040382424078062,2729540,68866294.2
2026-09-23,2026-09-23T23:38:25.440000Z,VGT,Vanguard,194,ALRM,Alarm.com Holdings Inc,0.0401298795775794,1188944,68435616.64
2026-09-23,2026-09-23T23:38:25.440000Z,VGT,Vanguard,195,VECO,Veeco Instruments Inc,0.0392197993177311,1509788,66883608.4
2026-09-23,2026-09-23T23:38:25.440000Z,VGT,Vanguard,196,FRSH,Freshworks Inc,0.039186366195728,4800761,66826593.12
2026-09-23,2026-09-23T23:38:25.440000Z,VGT,Vanguard,197,LIF,Life360 Inc,0.0389716022100392,1550638,66460344.68
2026-09-23,2026-09-23T23:38:25.440000Z,VGT,Vanguard,198,BHE,Benchmark Electronics Inc,0.0373103337061287,905340,63627295.2
2026-09-23,2026-09-23T23:38:25.440000Z,VGT,Vanguard,199,BRZE,Braze Inc,0.0369133161622391,1849302,62950240.08
2026-09-23,2026-09-23T23:38:25.440000Z,VGT,Vanguard,200,CXT,Crane NXT Co,0.0365404348742,1274322,62314345.8
2026-09-23,2026-09-23T23:38:25.440000Z,VGT,Vanguard,201,TDC,Teradata Corp,0.0365245426820385,2147836,62287244
2026-09-23,2026-09-23T23:38:25.440000Z,VGT,Vanguard,202,FIVN,Five9 Inc,0.0355186812523032,1752659,60571895.04
2026-09-23,2026-09-23T23:38:25.440000Z,VGT,Vanguard,203,INTA,Intapp Inc,0.0347737059501092,1367338,59301449.06
2026-09-23,2026-09-23T23:38:25.440000Z,VGT,Vanguard,204,SOUN,SoundHound AI Inc,0.0345884691857654,8238206,58985554.96
2026-09-23,2026-09-23T23:38:25.440000Z,VGT,Vanguard,205,RAMP,LiveRamp Holdings Inc,0.0344587217491722,1557908,58764289.76
2026-09-23,2026-09-23T23:38:25.440000Z,VGT,Vanguard,206,PLUS,ePlus Inc,0.0344292283155503,667432,58713993.04
2026-09-23,2026-09-23T23:38:25.440000Z,VGT,Vanguard,207,NCNO,nCino Inc,0.0343474174367831,2591791,58574476.6
2026-09-23,2026-09-23T23:38:25.440000Z,VGT,Vanguard,208,PENG,Penguin Solutions Inc,0.0343061471580118,1192015,58504096.2
2026-09-23,2026-09-23T23:38:25.440000Z,VGT,Vanguard,209,CALX,Calix Inc,0.0337296161100818,1508943,57520907.16
2026-09-23,2026-09-23T23:38:25.440000Z,VGT,Vanguard,210,AEHR,Aehr Test Systems,0.0330746357510412,711542,56403934.34
2026-09-23,2026-09-23T23:38:25.440000Z,VGT,Vanguard,211,COHU,Cohu Inc,0.0316328918889856,1170179,53945251.9
2026-09-23,2026-09-23T23:38:25.440000Z,VGT,Vanguard,212,KVYO,Klaviyo Inc,0.0311247441901825,2579139,53078680.62
2026-09-23,2026-09-23T23:38:25.440000Z,VGT,Vanguard,213,GPGI,GPGI Inc,0.0299304711932817,3860970,51042023.4
2026-09-23,2026-09-23T23:38:25.440000Z,VGT,Vanguard,214,LASR,nLight Inc,0.029294826858545,1181879,49958025.33
2026-09-23,2026-09-23T23:38:25.440000Z,VGT,Vanguard,215,PRGS,Progress Software Corp,0.0292509101074029,1078088,49883131.76
2026-09-23,2026-09-23T23:38:25.440000Z,VGT,Vanguard,216,ROG,Rogers Corp,0.0285899391709936,388277,48755942.89
2026-09-23,2026-09-23T23:38:25.440000Z,VGT,Vanguard,217,IPGP,IPG Photonics Corp,0.0284879111718294,638564,48581949.12
2026-09-23,2026-09-23T23:38:25.440000Z,VGT,Vanguard,218,DXC,DXC Technology Co,0.0282311956525814,4260545,48144158.5
2026-09-23,2026-09-23T23:38:25.440000Z,VGT,Vanguard,219,SEDG,SolarEdge Technologies Inc,0.0280493608815386,1485530,47834066
2026-09-23,2026-09-23T23:38:25.440000Z,VGT,Vanguard,220,ICHR,Ichor Holdings Ltd,0.0271744383952683,865074,46342014.18
2026-09-23,2026-09-23T23:38:25.440000Z,VGT,Vanguard,221,ATEN,A10 Networks Inc,0.0264765689138777,1778334,45151900.26
2026-09-23,2026-09-23T23:38:25.440000Z,VGT,Vanguard,222,BLKB,Blackbaud Inc,0.026266438701545,932034,44793554.04
2026-09-23,2026-09-23T23:38:25.440000Z,VGT,Vanguard,223,OUST,Ouster Inc,0.0259710664267094,1286000,44289840
2026-09-23,2026-09-23T23:38:25.440000Z,VGT,Vanguard,224,AVPT,AvePoint Inc,0.0250467626730546,3068504,42713575.68
2026-09-23,2026-09-23T23:38:25.440000Z,VGT,Vanguard,225,NVTS,Navitas Semiconductor Corp,0.0245942016308163,3618792,41941799.28
2026-09-23,2026-09-23T23:38:25.440000Z,VGT,Vanguard,226,QUBT,Quantum Computing Inc,0.0244741365406495,5071330,41737045.9
2026-09-23,2026-09-23T23:38:25.440000Z,VGT,Vanguard,227,PLAB,Photronics Inc,0.0242015598374801,1466674,41272206.36
2026-09-23,2026-09-23T23:38:25.440000Z,VGT,Vanguard,228,CTS,CTS Corp,0.0236444073915452,714044,40322064.68
2026-09-23,2026-09-23T23:38:25.440000Z,VGT,Vanguard,229,BL,BlackLine Inc,0.0210262429521645,1079385,35857169.7
2026-09-23,2026-09-23T23:38:25.440000Z,VGT,Vanguard,230,PDFS,PDF Solutions Inc,0.0205466520950534,787754,35039297.92
2026-09-23,2026-09-23T23:38:25.440000Z,VGT,Vanguard,231,APPN,Appian Corp,0.0203145178479853,806599,34643427.05
2026-09-23,2026-09-23T23:38:25.440000Z,VGT,Vanguard,232,ARLO,Arlo Technologies Inc,0.020058942925333,2601337,34207581.55
2026-09-23,2026-09-23T23:38:25.440000Z,VGT,Vanguard,233,AI,C3.ai Inc,0.0198465404622382,3128037,33845360.34
2026-09-23,2026-09-23T23:38:25.440000Z,VGT,Vanguard,234,EFOR,Everforth Inc,0.0194640738751203,1023847,33193119.74
2026-09-23,2026-09-23T23:38:25.440000Z,VGT,Vanguard,235,VISN,Vistance Networks Inc,0.0191566672542186,5177319,32668882.89
2026-09-23,2026-09-23T23:38:25.440000Z,VGT,Vanguard,236,NSSC,Napco Security Technologies Inc,0.0190985838889842,898726,32569830.24
2026-09-23,2026-09-23T23:38:25.440000Z,VGT,Vanguard,237,HLIT,Harmonic Inc,0.0190332473340025,2709383,32458408.34
2026-09-23,2026-09-23T23:38:25.440000Z,VGT,Vanguard,238,AMPL,Amplitude Inc,0.0184878947548416,2236056,31528389.6
2026-09-23,2026-09-23T23:38:25.440000Z,VGT,Vanguard,239,SCSC,ScanSource Inc,0.0178850201018121,534249,30500275.41
2026-09-23,2026-09-23T23:38:25.440000Z,VGT,Vanguard,240,NN,NextNav Inc,0.0170495886968514,1832109,29075569.83
2026-09-23,2026-09-23T23:38:25.440000Z,VGT,Vanguard,241,ALKT,Alkami Technology Inc,0.0168258209514551,1406567,28693966.8
2026-09-23,2026-09-23T23:38:25.440000Z,VGT,Vanguard,242,VYX,NCR Voyix Corp,0.0161780408019332,3292276,27589272.88
2026-09-23,2026-09-23T23:38:25.440000Z,VGT,Vanguard,243,PD,PagerDuty Inc,0.0155480510906901,1875171,26514917.94
2026-09-23,2026-09-23T23:38:25.440000Z,VGT,Vanguard,244,APPS,Digital Turbine Inc,0.0154948508841074,2455780,26424192.8
2026-09-23,2026-09-23T23:38:25.440000Z,VGT,Vanguard,245,VERX,Vertex Inc,0.0152955450221299,1842112,26084305.92
2026-09-23,2026-09-23T23:38:25.440000Z,VGT,Vanguard,246,PGY,Pagaya Technologies Ltd,0.0151631933155684,1189448,25858599.52
2026-09-23,2026-09-23T23:38:25.440000Z,VGT,Vanguard,247,DBD,Diebold Nixdorf Inc,0.0146898678703959,369272,25051412.48
2026-09-23,2026-09-23T23:38:25.440000Z,VGT,Vanguard,248,RDVT,Red Violet Inc,0.013932056106751,324755,23759075.8
2026-09-23,2026-09-23T23:38:25.440000Z,VGT,Vanguard,249,CXM,Sprinklr Inc,0.0138955058298098,2886327,23696744.67
2026-09-23,2026-09-23T23:38:25.440000Z,VGT,Vanguard,250,CNXN,PC Connection Inc,0.0134808564599497,287838,22989621.06
2026-09-23,2026-09-23T23:38:25.440000Z,VGT,Vanguard,251,BBAI,BigBear.ai Holdings Inc,0.0134457015303573,7325773,22929669.49
2026-09-23,2026-09-23T23:38:25.440000Z,VGT,Vanguard,252,ASAN,Asana Inc,0.012961333838613,2154352,22103651.52
2026-09-23,2026-09-23T23:38:25.440000Z,VGT,Vanguard,253,MITK,Mitek Systems Inc,0.0125277500035039,1157326,21364237.96
2026-09-23,2026-09-23T23:38:25.440000Z,VGT,Vanguard,254,DJCO,Daily Journal Corp,0.0120396983885842,32960,20531937.6
2026-09-23,2026-09-23T23:38:25.440000Z,VGT,Vanguard,255,RPD,Rapid7 Inc,0.0114718988693582,1453465,19563638.9
2026-09-23,2026-09-23T23:38:25.440000Z,VGT,Vanguard,256,DAKT,Daktronics Inc,0.0112016456497409,978124,19102761.72
2026-09-23,2026-09-23T23:38:25.440000Z,VGT,Vanguard,257,VPG,Vishay Precision Group Inc,0.0110645259043783,305273,18868924.13
2026-09-23,2026-09-23T23:38:25.440000Z,VGT,Vanguard,258,CEVA,CEVA Inc,0.0107423046804334,677243,18319423.15
2026-09-23,2026-09-23T23:38:25.440000Z,VGT,Vanguard,259,INDI,indie Semiconductor Inc,0.0106772041762659,4901320,18208403.8
2026-09-23,2026-09-23T23:38:25.440000Z,VGT,Vanguard,260,CCSI,Consensus Cloud Solutions Inc,0.0105751348190991,471486,18034339.5
2026-09-23,2026-09-23T23:38:25.440000Z,VGT,Vanguard,261,PAR,PAR Technology Corp,0.0101588933508538,921516,17324500.8
2026-09-23,2026-09-23T23:38:25.440000Z,VGT,Vanguard,262,LWLG,Lightwave Logic Inc,0.0100143457950211,3145119,17077996.17
2026-09-23,2026-09-23T23:38:25.440000Z,VGT,Vanguard,263,NTSK,Netskope Inc,0.00970880326895257,1081446,16556938.26
2026-09-23,2026-09-23T23:38:25.440000Z,VGT,Vanguard,264,MEI,Methode Electronics Inc,0.00946787707167775,885687,16146074.01
2026-09-23,2026-09-23T23:38:25.440000Z,VGT,Vanguard,265,AOSL,Alpha & Omega Semiconductor Ltd,0.00929434527880732,642747,15850141.02
2026-09-23,2026-09-23T23:38:25.440000Z,VGT,Vanguard,266,OSPN,OneSpan Inc,0.00888010719619235,916690,15143718.8
2026-09-23,2026-09-23T23:38:25.440000Z,VGT,Vanguard,267,SPT,Sprout Social Inc,0.00870066740122495,1303841,14837710.58
2026-09-23,2026-09-23T23:38:25.440000Z,VGT,Vanguard,268,CRSR,Corsair Gaming Inc,0.00855433654907274,1200672,14588164.8
2026-09-23,2026-09-23T23:38:25.440000Z,VGT,Vanguard,269,KE,Kimball Electronics Inc,0.00844887645727009,610005,14408318.1
2026-09-23,2026-09-23T23:38:25.440000Z,VGT,Vanguard,270,ADTN,ADTRAN Holdings Inc,0.00824817793946831,1814975,14066056.25
2026-09-23,2026-09-23T23:38:25.440000Z,VGT,Vanguard,271,EVLV,Evolv Technologies Holdings Inc,0.00818977124530981,2680701,13966452.21
2026-09-23,2026-09-23T23:38:25.440000Z,VGT,Vanguard,272,GDYN,Grid Dynamics Holdings Inc,0.00798073395029896,1705510,13609969.8
2026-09-23,2026-09-23T23:38:25.440000Z,VGT,Vanguard,273,NTGR,NETGEAR Inc,0.00787795512131497,634910,13434695.6
2026-09-23,2026-09-23T23:38:25.440000Z,VGT,Vanguard,274,NVEC,NVE Corp,0.00714738118810806,121742,12188809.04
2026-09-23,2026-09-23T23:38:25.440000Z,VGT,Vanguard,275,KODK,Eastman Kodak Co,0.00698140195992633,1325808,11905755.84
2026-09-23,2026-09-23T23:38:25.440000Z,VGT,Vanguard,276,YEXT,Yext Inc,0.00679868157759649,1712578,11594153.06
2026-09-23,2026-09-23T23:38:25.440000Z,VGT,Vanguard,277,WEAV,Weave Communications Inc,0.00647619323009462,1510834,11044196.54
2026-09-23,2026-09-23T23:38:25.440000Z,VGT,Vanguard,278,XRX,Xerox Holdings Corp,0.00553311510119888,2921336,9435915.28
2026-09-23,2026-09-23T23:38:25.440000Z,VGT,Vanguard,279,AIOT,Powerfleet Inc NJ,0.00542796604174709,3085533,9256599
2026-09-23,2026-09-23T23:38:25.440000Z,VGT,Vanguard,280,CRNC,Cerence Inc,0.00512495391824888,1035528,8739856.32
2026-09-23,2026-09-23T23:38:25.440000Z,VGT,Vanguard,281,CLFD,Clearfield Inc,0.0050119409333798,294627,8547129.27
2026-09-23,2026-09-23T23:38:25.440000Z,VGT,Vanguard,282,BELFA,Bel Fuse Inc,0.0046185584899335,38464,7876273.28
2026-09-23,2026-09-23T23:38:25.440000Z,VGT,Vanguard,283,IIIV,I3 Verticals Inc,0.00447266514246997,475232,7627473.6
2026-09-23,2026-09-23T23:38:25.440000Z,VGT,Vanguard,284,NABL,N-able Inc/US,0.00404347975116105,1732553,6895560.94
2026-09-23,2026-09-23T23:38:25.440000Z,VGT,Vanguard,285,RMNI,Rimini Street Inc,0.00400056885619464,1216111,6822382.71
2026-09-23,2026-09-23T23:38:25.440000Z,VGT,Vanguard,286,BLND,Blend Labs Inc,0.00385078875953141,4236745,6566954.75
2026-09-23,2026-09-23T23:38:25.440000Z,VGT,Vanguard,287,RXT,Rackspace Technology Inc,0.00381718702729084,2079761,6509651.93
2026-09-23,2026-09-23T23:38:25.440000Z,VGT,Vanguard,288,HCKT,Hackett Group Inc/The,0.00380548345142282,578920,6489693.2
2026-09-23,2026-09-23T23:38:25.440000Z,VGT,Vanguard,289,XPER,Xperi Inc,0.00374604022122626,1075475,6388321.5
2026-09-23,2026-09-23T23:38:25.440000Z,VGT,Vanguard,290,EGHT,8x8 Inc,0.00340231691722835,3086251,5802151.88
2026-09-23,2026-09-23T23:38:25.440000Z,VGT,Vanguard,291,SMRT,SmartRent Inc,0.00338603094152757,4341638,5774378.54
2026-09-23,2026-09-23T23:38:25.440000Z,VGT,Vanguard,292,RBBN,Ribbon Communications Inc,0.0028351009135039,2429572,4834848.28
2026-09-23,2026-09-23T23:38:25.440000Z,VGT,Vanguard,293,CMRC,Commerce.com Inc,0.00260374203076318,1842448,4440299.68
2026-09-23,2026-09-23T23:38:25.440000Z,VGT,Vanguard,294,UIS,Unisys Corp,0.00257755438749461,1628015,4395640.5
2026-09-23,2026-09-23T23:38:25.440000Z,VGT,Vanguard,295,PMTS,CPI Card Group Inc,0.00256057055633885,150731,4366677.07
2026-09-23,2026-09-23T23:38:25.440000Z,VGT,Vanguard,296,EXFY,Expensify Inc,0.00218728827804209,1480198,3730098.96
2026-09-23,2026-09-23T23:38:25.440000Z,VGT,Vanguard,297,DOMO,Domo Inc,0.00184805938623649,833755,3151593.9
2026-09-23,2026-09-23T23:38:25.440000Z,VGT,Vanguard,298,LAW,CS Disco Inc,0.00156087567925319,607727,2661844.26
2026-09-23,2026-09-23T23:38:25.440000Z,VGT,Vanguard,299,DMRC,Digimarc Corp,0.00121234207541279,345731,2067471.38
2026-09-23,2026-09-23T23:38:25.440000Z,VGT,Vanguard,300,MVIS,MicroVision Inc,0.000657140175612852,619147,1120656.07
2026-09-23,2026-09-23T23:38:25.440000Z,VGT,Vanguard,301,EXOD,Exodus Movement Inc,0.000450281397113337,101038,767888.8
2026-09-23,2026-09-23T23:38:25.440000Z,VGT,Vanguard,302,KOPN,Kopin Corp,0.000436977360955733,167838,745200.72
2026-09-23,2026-09-23T23:38:25.440000Z,VGT,Vanguard,303,AEVA,Aeva Technologies Inc,0.000387203998831685,42166,660319.56
2026-09-23,2026-09-23T23:38:25.440000Z,VGT,Vanguard,304,ONDS,Ondas Inc,0.000385812902801653,85950,657947.25
2026-09-23,2026-09-23T23:38:25.440000Z,VGT,Vanguard,305,CRWV,CoreWeave Inc,0.000281597233596819,5657,480222.73
2026-09-23,2026-09-23T23:38:25.440000Z,VGT,Vanguard,306,IREN,IREN Ltd,0.000226866065525962,10424,386886.76
2026-09-23,2026-09-23T23:38:25.440000Z,VGT,Vanguard,307,BMNR,BitMine Immersion Technologies Inc,0.000134606207334358,9066,229551.12
2026-09-23,2026-09-23T23:38:25.440000Z,VGT,Vanguard,308,VIA,Via Transportation Inc,0.000115168966458571,7032,196403.76
2026-09-23,2026-09-23T23:38:25.440000Z,VGT,Vanguard,309,TTAN,ServiceTitan Inc,0.000111012337674474,1931,189315.24
2026-09-23,2026-09-23T23:38:25.440000Z,VGT,Vanguard,310,FIG,Figma Inc,0.000110501422971081,6855,188443.95
2026-09-23,2026-09-23T23:38:25.440000Z,VGT,Vanguard,311,ADIG,ADI Global Distribution Inc,0.000110263530896089,8598,188038.26
2026-09-23,2026-09-23T23:38:25.440000Z,VGT,Vanguard,312,TE,T1 Energy Inc,0.000105311383601265,40358,179593.1
2026-09-23,2026-09-23T23:38:25.440000Z,VGT,Vanguard,313,THRY,Thryv Holdings Inc,9.84123902848557e-05,87868,167827.88
2026-09-23,2026-09-23T23:38:25.440000Z,VGT,Vanguard,314,FEIM,Frequency Electronics Inc,9.71926253363666e-05,2751,165747.75
2026-09-23,2026-09-23T23:38:25.440000Z,VGT,Vanguard,315,AIP,Arteris Inc,9.48920637226892e-05,7396,161824.48
2026-09-23,2026-09-23T23:38:25.440000Z,VGT,Vanguard,316,CBRS,Cerebras Systems Inc,9.20469052325615e-05,852,156972.48
2026-09-23,2026-09-23T23:38:25.440000Z,VGT,Vanguard,317,AXTI,AXT Inc,8.88525639358178e-05,2500,151525
2026-09-23,2026-09-23T23:38:25.440000Z,VGT,Vanguard,318,VERI,Veritone Inc,8.84757328969656e-05,190100,150882.37
2026-09-22,2026-09-23T23:38:25.440000Z,ACWI,iShares,1,NVDA,NVIDIA,5.02454186742687,7333765,1678478795.55
2026-09-22,2026-09-23T23:38:25.440000Z,ACWI,iShares,2,AAPL,APPLE,4.76256339827906,4682747,1590963293.25
2026-09-22,2026-09-23T23:38:25.440000Z,ACWI,iShares,3,MSFT,MICROSOFT,3.35469227886428,2250312,1120655376
2026-09-22,2026-09-23T23:38:25.440000Z,ACWI,iShares,4,AMZN,AMAZON.COM INC,2.35609363171405,3086781,787067419.38
2026-09-22,2026-09-23T23:38:25.440000Z,ACWI,iShares,5,GOOGL,ALPHABET CLASS A,1.96899250964093,1873089,657753933.24
2026-09-22,2026-09-23T23:38:25.440000Z,ACWI,iShares,6,2330.TW,TAIWAN SEMICONDUCTOR MANUFACTURING,1.82589129391592,7851000,609950101.06
2026-09-22,2026-09-23T23:38:25.440000Z,ACWI,iShares,7,AVGO,Broadcom Inc,1.5731952385903,1441640,525535445.6
2026-09-22,2026-09-23T23:38:25.440000Z,ACWI,iShares,8,GOOG,ALPHABET CLASS C,1.54820151564023,1488691,517186140.31
2026-09-22,2026-09-23T23:38:25.440000Z,ACWI,iShares,9,META,META PLATFORMS CLASS A,1.54286333163753,699710,515402887.45
2026-09-22,2026-09-23T23:38:25.440000Z,ACWI,iShares,10,MU,MICRON TECHNOLOGY,1.18272212677173,360436,395095525.76
2026-09-22,2026-09-23T23:38:25.440000Z,ACWI,iShares,11,TSLA,"Tesla, Inc.",1.03479044801234,912320,345678048
2026-09-22,2026-09-23T23:38:25.440000Z,ACWI,iShares,12,AMD,ADVANCED MICRO DEVICES,0.971586465126671,520327,324564372.79
2026-09-22,2026-09-23T23:38:25.440000Z,ACWI,iShares,13,005930.KS,SAMSUNG ELECTRONICS LTD,0.903457845499817,1482504,301805592.7
2026-09-22,2026-09-23T23:38:25.440000Z,ACWI,iShares,14,LLY,ELI LILLY,0.894642511865778,255406,298860776.84
2026-09-22,2026-09-23T23:38:25.440000Z,ACWI,iShares,15,JPM,JPMORGAN CHASE & CO,0.862050449450428,846980,287973200
2026-09-22,2026-09-23T23:38:25.440000Z,ACWI,iShares,16,000660.KS,SK HYNIX,0.713597954855807,175962,238381740.54
2026-09-22,2026-09-23T23:38:25.440000Z,ACWI,iShares,17,BRK-B,BERKSHIRE HATHAWAY INC CLASS B,0.675422428847975,448130,225628973.7
2026-09-22,2026-09-23T23:38:25.440000Z,ACWI,iShares,18,ASML.AS,ASML HOLDING,0.63843566249869,123648,213273319.26
2026-09-22,2026-09-23T23:38:25.440000Z,ACWI,iShares,19,XOM,EXXONMOBIL HOLDINGS CORP,0.628562815190528,1323012,209975234.52
2026-09-22,2026-09-23T23:38:25.440000Z,ACWI,iShares,20,JNJ,Johnson & Johnson,0.619347319532284,768590,206896742.1
2026-09-22,2026-09-23T23:38:25.440000Z,ACWI,iShares,21,V,VISA CLASS A,0.572288054371447,528053,191176308.12
2026-09-22,2026-09-23T23:38:25.440000Z,ACWI,iShares,22,INTC,INTEL CORPORATION,0.520010458853897,1402492,173712659.12
2026-09-22,2026-09-23T23:38:25.440000Z,ACWI,iShares,23,WMT,WALMART,0.459894671423818,1395120,153630614.4
2026-09-22,2026-09-23T23:38:25.440000Z,ACWI,iShares,24,ABBV,ABBVIE,0.447141231462964,563215,149370250.15
2026-09-22,2026-09-23T23:38:25.440000Z,ACWI,iShares,25,MA,MASTERCARD CLASS A,0.429953652094581,258376,143628634.64
2026-09-22,2026-09-23T23:38:25.440000Z,ACWI,iShares,26,CSCO,Cisco Systems Inc,0.401845498393902,1261170,134238934.8
2026-09-22,2026-09-23T23:38:25.440000Z,ACWI,iShares,27,PLTR,PALANTIR TECHNOLOGIES CLASS A,0.385385211265967,695931,128740275.69
2026-09-22,2026-09-23T23:38:25.440000Z,ACWI,iShares,28,COST,COSTCO WHOLESALE CORP,0.38014154576247,141191,126988597.31
2026-09-22,2026-09-23T23:38:25.440000Z,ACWI,iShares,29,LRCX,LAM RESEARCH,0.370387988332693,397898,123730362.08
2026-09-22,2026-09-23T23:38:25.440000Z,ACWI,iShares,30,CVX,CHEVRON,0.35729909754685,589684,119357938.44
2026-09-22,2026-09-23T23:38:25.440000Z,ACWI,iShares,31,AMAT,APPLIED MATERIAL INC,0.357197577768248,252559,119324025.14
2026-09-22,2026-09-23T23:38:25.440000Z,ACWI,iShares,32,CAT,CATERPILLAR INC,0.356732152032815,147484,119168546.84
2026-09-22,2026-09-23T23:38:25.440000Z,ACWI,iShares,33,MRK,Merck & Co Inc,0.354943519844606,785707,118571043.37
2026-09-22,2026-09-23T23:38:25.440000Z,ACWI,iShares,34,BAC,BANK OF AMERICA,0.347667675864869,2066557,116140503.4
2026-09-22,2026-09-23T23:38:25.440000Z,ACWI,iShares,35,700.HK,TENCENT HOLDINGS,0.337958580968705,1960800,112897121.15
2026-09-22,2026-09-23T23:38:25.440000Z,ACWI,iShares,36,HSBA.L,HSBC HOLDINGS PLC,0.335385625099108,5561502,112037609.58
2026-09-22,2026-09-23T23:38:25.440000Z,ACWI,iShares,37,PG,PROCTER & GAMBLE,0.328389724499,740120,109700586.4
2026-09-22,2026-09-23T23:38:25.440000Z,ACWI,iShares,38,KO,COCA-COLA,0.328267476015645,1237555,109659748.55
2026-09-22,2026-09-23T23:38:25.440000Z,ACWI,iShares,39,UNH,UNITEDHEALTH GROUP,0.322939452761786,289261,107879889.95
2026-09-22,2026-09-23T23:38:25.440000Z,ACWI,iShares,40,GE,GE AEROSPACE,0.316008185409912,330695,105564457.9
2026-09-22,2026-09-23T23:38:25.440000Z,ACWI,iShares,41,ROP.SW,ROCHE PS PAR AG,0.296149711588366,223049,98930613.84
2026-09-22,2026-09-23T23:38:25.440000Z,ACWI,iShares,42,PANW,PALO ALTO NETWORKS,0.291510055853917,259980,97380708.6
2026-09-22,2026-09-23T23:38:25.440000Z,ACWI,iShares,43,HD,HOME DEPOT,0.289298885249365,316496,96642053.6
2026-09-22,2026-09-23T23:38:25.440000Z,ACWI,iShares,44,NFLX,NETFLIX,0.286591054453839,1326739,95737486.24
2026-09-22,2026-09-23T23:38:25.440000Z,ACWI,iShares,45,PM,PHILIP MORRIS INTERNATIONAL,0.282712333903149,496461,94441776.03
2026-09-22,2026-09-23T23:38:25.440000Z,ACWI,iShares,46,RY.TO,ROYAL BANK OF CANADA,0.270485171794443,442504,90357218.1
2026-09-22,2026-09-23T23:38:25.440000Z,ACWI,iShares,47,GS,GOLDMAN SACHS GROUP,0.268580970480286,94494,89721108.06
2026-09-22,2026-09-23T23:38:25.440000Z,ACWI,iShares,48,SNDK,SANDISK,0.266909191154547,47250,89162640
2026-09-22,2026-09-23T23:38:25.440000Z,ACWI,iShares,49,SHEL.L,SHELL,0.255067909216835,1818866,85206987.69
2026-09-22,2026-09-23T23:38:25.440000Z,ACWI,iShares,50,NOVN.SW,NOVARTIS AG,0.249184049122436,586750,83241448.41
2026-09-22,2026-09-23T23:38:25.440000Z,ACWI,iShares,51,ORCL,ORACLE,0.246526789924477,551969,82353774.8
2026-09-22,2026-09-23T23:38:25.440000Z,ACWI,iShares,52,RTX,RTX,0.245147106608292,428781,81892883.19
2026-09-22,2026-09-23T23:38:25.440000Z,ACWI,iShares,53,GEV,GE VERNOVA,0.244294742705877,85878,81608145.84
2026-09-22,2026-09-23T23:38:25.440000Z,ACWI,iShares,54,AZN.L,ASTRAZENECA PLC,0.243715422323789,481382,81414620.34
2026-09-22,2026-09-23T23:38:25.440000Z,ACWI,iShares,55,WFC,WELLS FARGO,0.2394972567386,962183,80005516.45
2026-09-22,2026-09-23T23:38:25.440000Z,ACWI,iShares,56,CRWD,CROWDSTRIKE HOLDINGS CLASS A,0.237210206510891,316890,79241513.4
2026-09-22,2026-09-23T23:38:25.440000Z,ACWI,iShares,57,KLAC,KLA,0.235304666978341,417401,78604956.32
2026-09-22,2026-09-23T23:38:25.440000Z,ACWI,iShares,58,TXN,TEXAS INSTRUMENT INC,0.234959348918096,289192,78489600.72
2026-09-22,2026-09-23T23:38:25.440000Z,ACWI,iShares,59,8306.T,MITSUBISHI UFJ FINANCIAL GROUP,0.234864981231889,3408700,78458076.62
2026-09-22,2026-09-23T23:38:25.440000Z,ACWI,iShares,60,9988.HK,ALIBABA GROUP HOLDING,0.234073681177103,5342376,78193738.02
2026-09-22,2026-09-23T23:38:25.440000Z,ACWI,iShares,61,TMO,THERMO FISHER SCIENTIFIC INC,0.233652555906691,118528,78053058.56
2026-09-22,2026-09-23T23:38:25.440000Z,ACWI,iShares,62,NESN.SW,NESTLE SA,0.230622325417913,820376,77040791.62
2026-09-22,2026-09-23T23:38:25.440000Z,ACWI,iShares,63,MS,MORGAN STANLEY,0.2258106706024,376828,75433429.04
2026-09-22,2026-09-23T23:38:25.440000Z,ACWI,iShares,64,2454.TW,MEDIATEK,0.225759231755257,461000,75416245.58
2026-09-22,2026-09-23T23:38:25.440000Z,ACWI,iShares,65,SIE.DE,SIEMENS N AG,0.217264344130566,231619,72578476.66
2026-09-22,2026-09-23T23:38:25.440000Z,ACWI,iShares,66,C,CITIGROUP,0.215948536046194,544568,72138922.96
2026-09-22,2026-09-23T23:38:25.440000Z,ACWI,iShares,67,MRVL,MARVELL TECHNOLOGY,0.214581515902942,273221,71682261.56
2026-09-22,2026-09-23T23:38:25.440000Z,ACWI,iShares,68,AMGN,AMGEN INC,0.210916376761966,171748,70457899.52
2026-09-22,2026-09-23T23:38:25.440000Z,ACWI,iShares,69,ANET,ARISTA NETWORKS,0.209273401880669,340704,69909053.76
2026-09-22,2026-09-23T23:38:25.440000Z,ACWI,iShares,70,BHP.AX,BHP GROUP LTD,0.209111092549695,1605863,69854833.34
2026-09-22,2026-09-23T23:38:25.440000Z,ACWI,iShares,71,IBM,INTERNATIONAL BUSINESS MACHINES,0.207206174589414,299155,69218483.9
2026-09-22,2026-09-23T23:38:25.440000Z,ACWI,iShares,72,LIN,LINDE PLC,0.206193326348964,148158,68880135.78
2026-09-22,2026-09-23T23:38:25.440000Z,ACWI,iShares,73,SAP.DE,SAP,0.201718826593213,323006,67385401.9
2026-09-22,2026-09-23T23:38:25.440000Z,ACWI,iShares,74,SAN.MC,BANCO SANTANDER,0.199943676422468,4596961,66792402.18
2026-09-22,2026-09-23T23:38:25.440000Z,ACWI,iShares,75,QCOM,QUALCOMM,0.199854061441156,336725,66762465.75
2026-09-22,2026-09-23T23:38:25.440000Z,ACWI,iShares,76,STX,Seagate Technology Holdings PLC,0.194337269078034,70577,64919547.68
2026-09-22,2026-09-23T23:38:25.440000Z,ACWI,iShares,77,TD.TO,TORONTO DOMINION,0.194327148891242,528602,64916166.97
2026-09-22,2026-09-23T23:38:25.440000Z,ACWI,iShares,78,APH,AMPHENOL CORP CLASS A,0.194162708930031,782970,64861234.8
2026-09-22,2026-09-23T23:38:25.440000Z,ACWI,iShares,79,VZ,VERIZON COMMUNICATIONS INC,0.184708837941768,1328377,61703111.65
2026-09-22,2026-09-23T23:38:25.440000Z,ACWI,iShares,80,ADI,ANALOG DEVICES,0.181535978859038,155348,60643198.76
2026-09-22,2026-09-23T23:38:25.440000Z,ACWI,iShares,81,GILD,GILEAD SCIENCES,0.179978220296502,393809,60122820.03
2026-09-22,2026-09-23T23:38:25.440000Z,ACWI,iShares,82,CRM,SALESFORCE,0.177443899436114,254099,59276214.72
2026-09-22,2026-09-23T23:38:25.440000Z,ACWI,iShares,83,ALV.DE,ALLIANZ,0.177406515803595,120392,59263726.49
2026-09-22,2026-09-23T23:38:25.440000Z,ACWI,iShares,84,SU.PA,SCHNEIDER ELECTRIC,0.174934636942642,173122,58437980.31
2026-09-22,2026-09-23T23:38:25.440000Z,ACWI,iShares,85,7203.T,TOYOTA MOTOR,0.173420830999346,3012000,57932284.22
2026-09-22,2026-09-23T23:38:25.440000Z,ACWI,iShares,86,CBA.AX,COMMONWEALTH BANK OF AUSTRALIA,0.172282530412353,531717,57552027.98
2026-09-22,2026-09-23T23:38:25.440000Z,ACWI,iShares,87,DIS,WALT DISNEY,0.17148899193106,551791,57286941.62
2026-09-22,2026-09-23T23:38:25.440000Z,ACWI,iShares,88,ABT,ABBOTT LABORATORIES,0.171352479076587,552043,57241338.67
2026-09-22,2026-09-23T23:38:25.440000Z,ACWI,iShares,89,PEP,PEPSICO,0.171025365204905,435491,57132064.29
2026-09-22,2026-09-23T23:38:25.440000Z,ACWI,iShares,90,SHOP.TO,SHOPIFY SUBORDINATE VOTING CLASS A,0.170675460968688,386072,57015176.65
2026-09-22,2026-09-23T23:38:25.440000Z,ACWI,iShares,91,MCD,MCDONALDS CORP,0.169324346537697,225939,56563828.65
2026-09-22,2026-09-23T23:38:25.440000Z,ACWI,iShares,92,TTE.PA,TOTALENERGIES,0.166654868583193,622569,55672073.29
2026-09-22,2026-09-23T23:38:25.440000Z,ACWI,iShares,93,T,AT&T,0.166427061358761,2214979,55595972.9
2026-09-22,2026-09-23T23:38:25.440000Z,ACWI,iShares,94,DE,DEERE,0.164070972634546,77951,54808907.12
2026-09-22,2026-09-23T23:38:25.440000Z,ACWI,iShares,95,ETN,EATON PLC,0.163826271450631,123680,54727163.2
2026-09-22,2026-09-23T23:38:25.440000Z,ACWI,iShares,96,SCHW,CHARLES SCHWAB,0.158772105502599,528538,53038788.3
2026-09-22,2026-09-23T23:38:25.440000Z,ACWI,iShares,97,DELL,DELL TECHNOLOGIES INC CLASS C,0.157949036710733,96123,52763837.16
2026-09-22,2026-09-23T23:38:25.440000Z,ACWI,iShares,98,NEE,NEXTERA ENERGY,0.15740125163187,663397,52580846.22
2026-09-22,2026-09-23T23:38:25.440000Z,ACWI,iShares,99,UNP,UNION PACIFIC,0.154885830022968,188552,51740554.32
2026-09-22,2026-09-23T23:38:25.440000Z,ACWI,iShares,100,RR.,ROLLS-ROYCE HOLDINGS PLC,0.154671399564214,2612597,51668922.52
2026-09-22,2026-09-23T23:38:25.440000Z,ACWI,iShares,101,WELL,WELLTOWER,0.154385039747097,223852,51573262.28
2026-09-22,2026-09-23T23:38:25.440000Z,ACWI,iShares,102,BBVA.MC,BANCO BILBAO VIZCAYA ARGENTARIA SA,0.154378698805914,1807130,51571144.05
2026-09-22,2026-09-23T23:38:25.440000Z,ACWI,iShares,103,AXP,AMERICAN EXPRESS,0.154355940621602,169022,51563541.54
2026-09-22,2026-09-23T23:38:25.440000Z,ACWI,iShares,104,WDC,Western Digital Corp,0.153345108150438,110258,51225866.8
2026-09-22,2026-09-23T23:38:25.440000Z,ACWI,iShares,105,PFE,PFIZER,0.150804871067965,1803698,50377285.14
2026-09-22,2026-09-23T23:38:25.440000Z,ACWI,iShares,106,8316.T,SUMITOMO MITSUI FINANCIAL GROUP,0.150578399397703,1158300,50301630.9
2026-09-22,2026-09-23T23:38:25.440000Z,ACWI,iShares,107,ABBN.SW,ABB Ltd,0.149742439746586,494144,50022373.49
2026-09-22,2026-09-23T23:38:25.440000Z,ACWI,iShares,108,BLK,BLACKROCK,0.149604281779148,46853,49976220.98
2026-09-22,2026-09-23T23:38:25.440000Z,ACWI,iShares,109,6501.T,HITACHI,0.14786063365374,1406300,49393744.71
2026-09-22,2026-09-23T23:38:25.440000Z,ACWI,iShares,110,UBSG.SW,UBS GROUP AG,0.146690755285625,997434,49002939.72
2026-09-22,2026-09-23T23:38:25.440000Z,ACWI,iShares,111,COP,CONOCOPHILLIPS,0.144752181749424,386009,48355347.43
2026-09-22,2026-09-23T23:38:25.440000Z,ACWI,iShares,112,8035.T,TOKYO ELECTRON,0.144251783353854,142700,48188186.3
2026-09-22,2026-09-23T23:38:25.440000Z,ACWI,iShares,113,6857.T,ADVANTEST,0.142624277401876,233800,47644508.03
2026-09-22,2026-09-23T23:38:25.440000Z,ACWI,iShares,114,9984.T,SOFTBANK GROUP,0.141916808030271,1180700,47408173.58
2026-09-22,2026-09-23T23:38:25.440000Z,ACWI,iShares,115,BA,BOEING,0.140927015738502,238102,47077527.44
2026-09-22,2026-09-23T23:38:25.440000Z,ACWI,iShares,116,IBE.MC,IBERDROLA,0.139624340658346,2001099,46642360.9
2026-09-22,2026-09-23T23:38:25.440000Z,ACWI,iShares,117,6098.T,RECRUIT HOLDINGS LTD,0.138895976023131,420600,46399046.26
2026-09-22,2026-09-23T23:38:25.440000Z,ACWI,iShares,118,TJX,TJX,0.137009669787769,349942,45768914.18
2026-09-22,2026-09-23T23:38:25.440000Z,ACWI,iShares,119,ISRG,INTUITIVE SURGICAL,0.135689812413315,112731,45328007.79
2026-09-22,2026-09-23T23:38:25.440000Z,ACWI,iShares,120,NOW,SERVICENOW,0.134627883582405,328272,44973264
2026-09-22,2026-09-23T23:38:25.440000Z,ACWI,iShares,121,DHR,DANAHER,0.133563591405847,201808,44617730.72
2026-09-22,2026-09-23T23:38:25.440000Z,ACWI,iShares,122,NEM,NEWMONT,0.130761314973132,343247,43681613.22
2026-09-22,2026-09-23T23:38:25.440000Z,ACWI,iShares,123,6758.T,SONY GROUP,0.130116018514412,1849100,43466048.01
2026-09-22,2026-09-23T23:38:25.440000Z,ACWI,iShares,124,285A.T,KIOXIA HOLDINGS,0.127444011433714,122700,42573447.78
2026-09-22,2026-09-23T23:38:25.440000Z,ACWI,iShares,125,SAF.PA,SAFRAN SA,0.127391091966941,112021,42555769.71
2026-09-22,2026-09-23T23:38:25.440000Z,ACWI,iShares,126,ULVR.L,UNILEVER PLC,0.127321397832031,678329,42532487.96
2026-09-22,2026-09-23T23:38:25.440000Z,ACWI,iShares,127,AIR.PA,AIRBUS GROUP,0.126204625156901,189335,42159423.25
2026-09-22,2026-09-23T23:38:25.440000Z,ACWI,iShares,128,005935.KS,SAMSUNG ELECTRONICS NON VOTING PRE,0.125904306306614,270093,42059099.91
2026-09-22,2026-09-23T23:38:25.440000Z,ACWI,iShares,129,VRTX,VERTEX PHARMACEUTICALS,0.124816316702269,80964,41695650.36
2026-09-22,2026-09-23T23:38:25.440000Z,ACWI,iShares,130,UCG.MI,UNICREDIT,0.124601105266876,436797,41623757.67
2026-09-22,2026-09-23T23:38:25.440000Z,ACWI,iShares,131,ENR.DE,SIEMENS ENERGY N AG,0.12328564230419,246760,41184319.26
2026-09-22,2026-09-23T23:38:25.440000Z,ACWI,iShares,132,D05.SI,DBS GROUP HOLDINGS LTD,0.121831000647267,667260,40698387.36
2026-09-22,2026-09-23T23:38:25.440000Z,ACWI,iShares,133,BKNG,BOOKING HOLDINGS,0.121663639529886,247488,40642479.36
2026-09-22,2026-09-23T23:38:25.440000Z,ACWI,iShares,134,BMY,BRISTOL MYERS SQUIBB,0.121581789921217,652452,40615137
2026-09-22,2026-09-23T23:38:25.440000Z,ACWI,iShares,135,NOVO-B,NOVO NORDISK CLASS B,0.120995069135138,1020349,40419139.35
2026-09-22,2026-09-23T23:38:25.440000Z,ACWI,iShares,136,GLW,CORNING,0.120835395619029,252776,40365799.44
2026-09-22,2026-09-23T23:38:25.440000Z,ACWI,iShares,137,PLD,PROLOGIS REIT,0.120489867294691,296220,40250373.6
2026-09-22,2026-09-23T23:38:25.440000Z,ACWI,iShares,138,8411.T,MIZUHO FINANCIAL GROUP,0.119730141997583,740490,39996582.74
2026-09-22,2026-09-23T23:38:25.440000Z,ACWI,iShares,139,UBER,UBER TECHNOLOGIES,0.118932598949237,568467,39730158.63
2026-09-22,2026-09-23T23:38:25.440000Z,ACWI,iShares,140,SPGI,S&P GLOBAL,0.117124109377023,97222,39126021.68
2026-09-22,2026-09-23T23:38:25.440000Z,ACWI,iShares,141,PGR,PROGRESSIVE,0.115725082812053,186811,38658668.34
2026-09-22,2026-09-23T23:38:25.440000Z,ACWI,iShares,142,PH,PARKER-HANNIFIN,0.115577710134513,40016,38609437.6
2026-09-22,2026-09-23T23:38:25.440000Z,ACWI,iShares,143,BMO.TO,BANK OF MONTREAL,0.114762750579703,219839,38337195.4
2026-09-22,2026-09-23T23:38:25.440000Z,ACWI,iShares,144,AI.PA,LAIR LIQUIDE SOCIETE ANONYME POUR,0.113456407073652,197961,37900803.4
2026-09-22,2026-09-23T23:38:25.440000Z,ACWI,iShares,145,CB,CHUBB,0.112848024326363,112272,37697569.44
2026-09-22,2026-09-23T23:38:25.440000Z,ACWI,iShares,146,2308.TW,DELTA ELECTRONICS,0.112445678028234,626000,37563163.21
2026-09-22,2026-09-23T23:38:25.440000Z,ACWI,iShares,147,COF,CAPITAL ONE FINANCIAL CORP,0.111586135959958,185869,37276027.95
2026-09-22,2026-09-23T23:38:25.440000Z,ACWI,iShares,148,BNP.PA,BNP PARIBAS SA,0.110642483255512,318868,36960795.02
2026-09-22,2026-09-23T23:38:25.440000Z,ACWI,iShares,149,MDT,MEDTRONIC PLC,0.110412675738237,406346,36884026.42
2026-09-22,2026-09-23T23:38:25.440000Z,ACWI,iShares,150,BNS.TO,BANK OF NOVA SCOTIA,0.109105370058431,387611,36447313
2026-09-22,2026-09-23T23:38:25.440000Z,ACWI,iShares,151,MPC,MARATHON PETROLEUM,0.108682635417554,93169,36306095.92
2026-09-22,2026-09-23T23:38:25.440000Z,ACWI,iShares,152,MO,ALTRIA GROUP INC,0.108455388069164,527829,36230182.56
2026-09-22,2026-09-23T23:38:25.440000Z,ACWI,iShares,153,BATS.L,BRITISH AMERICAN TOBACCO,0.107739746596808,647460,35991118.17
2026-09-22,2026-09-23T23:38:25.440000Z,ACWI,iShares,154,BP.,BP PLC,0.107216758252149,4948517,35816410.73
2026-09-22,2026-09-23T23:38:25.440000Z,ACWI,iShares,155,VLO,VALERO ENERGY CORP,0.10719477131557,94949,35809065.86
2026-09-22,2026-09-23T23:38:25.440000Z,ACWI,iShares,156,MC.PA,LVMH,0.106939476162148,77672,35723782.96
2026-09-22,2026-09-23T23:38:25.440000Z,ACWI,iShares,157,ACN,ACCENTURE PLC CLASS A,0.106728348142843,194063,35653254.36
2026-09-22,2026-09-23T23:38:25.440000Z,ACWI,iShares,158,SNOW,SNOWFLAKE,0.106453401259504,105652,35561406.68
2026-09-22,2026-09-23T23:38:25.440000Z,ACWI,iShares,159,NET,CLOUDFLARE CLASS A,0.105902297157151,100219,35377307
2026-09-22,2026-09-23T23:38:25.440000Z,ACWI,iShares,160,CVS,CVS HEALTH,0.105862964839889,406018,35364167.8
2026-09-22,2026-09-23T23:38:25.440000Z,ACWI,iShares,161,CFR.SW,COMPAGNIE FINANCIERE RICHEMONT SA,0.105671179680211,170709,35300100.8
2026-09-22,2026-09-23T23:38:25.440000Z,ACWI,iShares,162,XTSLA,BLK CSH FND TREASURY SL AGENCY,0.105548912906514,35259257,35259256.84
2026-09-22,2026-09-23T23:38:25.440000Z,ACWI,iShares,163,RIO.L,RIO TINTO,0.104878085555437,362876,35035162.88
2026-09-22,2026-09-23T23:38:25.440000Z,ACWI,iShares,164,LOW,LOWES COMPANIES INC,0.103849776797428,176926,34691650.08
2026-09-22,2026-09-23T23:38:25.440000Z,ACWI,iShares,165,FTNT,FORTINET,0.103568178336447,198540,34597580.4
2026-09-22,2026-09-23T23:38:25.440000Z,ACWI,iShares,166,SBUX,STARBUCKS CORP,0.102811168182199,361105,34344696.55
2026-09-22,2026-09-23T23:38:25.440000Z,ACWI,iShares,167,LMT,LOCKHEED MARTIN CORP,0.102234796915658,65383,34152156.22
2026-09-22,2026-09-23T23:38:25.440000Z,ACWI,iShares,168,ADP,AUTOMATIC DATA PROCESSING INC,0.102163487273589,126570,34128334.8
2026-09-22,2026-09-23T23:38:25.440000Z,ACWI,iShares,169,FCX,FREEPORT MCMORAN INC,0.101417294314836,455670,33879064.5
2026-09-22,2026-09-23T23:38:25.440000Z,ACWI,iShares,170,ISP.MI,INTESA SANPAOLO,0.101229085021745,4389951,33816192.04
2026-09-22,2026-09-23T23:38:25.440000Z,ACWI,iShares,171,CM.TO,CANADIAN IMPERIAL BANK OF COMMERCE,0.101190263965934,294087,33803223.63
2026-09-22,2026-09-23T23:38:25.440000Z,ACWI,iShares,172,ZURN.SW,ZURICH INSURANCE GROUP AG,0.101016012209259,47063,33745013.77
2026-09-22,2026-09-23T23:38:25.440000Z,ACWI,iShares,173,DTE.DE,DEUTSCHE TELEKOM N AG,0.100936399201056,1086968,33718418.56
2026-09-22,2026-09-23T23:38:25.440000Z,ACWI,iShares,174,ENB.TO,ENBRIDGE,0.100354563492852,698778,33524052.8
2026-09-22,2026-09-23T23:38:25.440000Z,ACWI,iShares,175,OR.PA,LOREAL SA,0.0996820117307491,74715,33299382.79
2026-09-22,2026-09-23T23:38:25.440000Z,ACWI,iShares,176,939.HK,CHINA CONSTRUCTION BANK CORP H,0.0996217017685007,26785260,33279235.88
2026-09-22,2026-09-23T23:38:25.440000Z,ACWI,iShares,177,INGA.AS,ING GROEP,0.0994727560317639,916101,33229479.65
2026-09-22,2026-09-23T23:38:25.440000Z,ACWI,iShares,178,EQIX,EQUINIX REIT,0.0993159045567328,31321,33177082.46
2026-09-22,2026-09-23T23:38:25.440000Z,ACWI,iShares,179,MCK,Mckesson Corp,0.0992940988771419,37218,33169798.14
2026-09-22,2026-09-23T23:38:25.440000Z,ACWI,iShares,180,AEM.TO,AGNICO EAGLE MINES,0.0987681356428202,161846,32994096.92
2026-09-22,2026-09-23T23:38:25.440000Z,ACWI,iShares,181,BNY,BANK OF NEW YORK MELLON CORP,0.0983371933083672,218753,32850138.01
2026-09-22,2026-09-23T23:38:25.440000Z,ACWI,iShares,182,1299.HK,AIA GROUP,0.0976007724511453,3353800,32604132.14
2026-09-22,2026-09-23T23:38:25.440000Z,ACWI,iShares,183,PSX,PHILLIPS 66,0.0968659051953097,126017,32358645.26
2026-09-22,2026-09-23T23:38:25.440000Z,ACWI,iShares,184,GSK.L,GLAXOSMITHKLINE,0.0940942765801212,1235641,31432765.85
2026-09-22,2026-09-23T23:38:25.440000Z,ACWI,iShares,185,2317.TW,HON HAI PRECISION INDUSTRY,0.0940478482688276,3932000,31417256.19
2026-09-22,2026-09-23T23:38:25.440000Z,ACWI,iShares,186,CNQ.TO,CANADIAN NATURAL RESOURCES LTD,0.0934533643851718,652465,31218665.23
2026-09-22,2026-09-23T23:38:25.440000Z,ACWI,iShares,187,CME,CME GROUP CLASS A,0.0918240173950461,114795,30674371.95
2026-09-22,2026-09-23T23:38:25.440000Z,ACWI,iShares,188,PWR,"Quanta Services, Inc.",0.0917979409954918,47719,30665660.97
2026-09-22,2026-09-23T23:38:25.440000Z,ACWI,iShares,189,TT,TRANE TECHNOLOGIES PLC,0.0912544160096346,69627,30484093.14
2026-09-22,2026-09-23T23:38:25.440000Z,ACWI,iShares,190,SO,SOUTHERN,0.0911056535954067,357421,30434398.15
2026-09-22,2026-09-23T23:38:25.440000Z,ACWI,iShares,191,SYK,STRYKER,0.0910617362397055,110581,30419727.29
2026-09-22,2026-09-23T23:38:25.440000Z,ACWI,iShares,192,8058.T,MITSUBISHI,0.0905529165636713,961700,30249752.98
2026-09-22,2026-09-23T23:38:25.440000Z,ACWI,iShares,193,SPCX,SPACE EXPLORATION TECHNOLOGIES COR,0.0902722991954254,194907,30156011.04
2026-09-22,2026-09-23T23:38:25.440000Z,ACWI,iShares,194,HOOD,ROBINHOOD MARKETS CLASS A,0.0900557111947854,242122,30083658.5
2026-09-22,2026-09-23T23:38:25.440000Z,ACWI,iShares,195,ADBE,Adobe Inc,0.0900105720682026,126206,30068579.5
2026-09-22,2026-09-23T23:38:25.440000Z,ACWI,iShares,196,8766.T,TOKIO MARINE HOLDINGS,0.0885104229633142,567100,29567445.56
2026-09-22,2026-09-23T23:38:25.440000Z,ACWI,iShares,197,SAN.PA,SANOFI SA,0.0881738660665779,346038,29455016.68
2026-09-22,2026-09-23T23:38:25.440000Z,ACWI,iShares,198,6861.T,KEYENCE,0.0880386180895201,60400,29409836.27
2026-09-22,2026-09-23T23:38:25.440000Z,ACWI,iShares,199,VRT,VERTIV HOLDINGS CLASS A,0.0879616503257367,115932,29384124.72
2026-09-22,2026-09-23T23:38:25.440000Z,ACWI,iShares,200,BX,BLACKSTONE,0.087770232230168,236434,29320180.34
2026-09-22,2026-09-23T23:38:25.440000Z,ACWI,iShares,201,DUK,DUKE ENERGY CORP,0.0866834051850905,248965,28957119.15
2026-09-22,2026-09-23T23:38:25.440000Z,ACWI,iShares,202,USB,US BANCORP,0.0863665878777682,485385,28851284.4
2026-09-22,2026-09-23T23:38:25.440000Z,ACWI,iShares,203,HWM,HOWMET AEROSPACE,0.0857904015202962,127169,28658805.84
2026-09-22,2026-09-23T23:38:25.440000Z,ACWI,iShares,204,JCI,Johnson Controls International Plc,0.0855241360533793,195096,28569858.24
2026-09-22,2026-09-23T23:38:25.440000Z,ACWI,iShares,205,IFX.DE,INFINEON TECHNOLOGIES AG,0.0853363128331818,414325,28507114.75
2026-09-22,2026-09-23T23:38:25.440000Z,ACWI,iShares,206,PNC,PNC FINANCIAL SERVICES GROUP,0.0852625151957364,124945,28482462.2
2026-09-22,2026-09-23T23:38:25.440000Z,ACWI,iShares,207,MMM,3M,0.0841796664945701,166100,28120730
2026-09-22,2026-09-23T23:38:25.440000Z,ACWI,iShares,208,BARC.L,BARCLAYS PLC,0.0838256798899932,4509164,28002478.62
2026-09-22,2026-09-23T23:38:25.440000Z,ACWI,iShares,209,ELV,ELEVANCE HEALTH INC,0.0837022281955135,69481,27961238.83
2026-09-22,2026-09-23T23:38:25.440000Z,ACWI,iShares,210,HDFCBANK,HDFC BANK,0.0824166355162503,3563783,27531778.77
2026-09-22,2026-09-23T23:38:25.440000Z,ACWI,iShares,211,ICE,INTERCONTINENTAL EXCHANGE INC,0.0822762599571298,179722,27484885.46
2026-09-22,2026-09-23T23:38:25.440000Z,ACWI,iShares,212,WMB,WILLIAMS,0.0821109215539757,386442,27429653.16
2026-09-22,2026-09-23T23:38:25.440000Z,ACWI,iShares,213,EMR,EMERSON ELECTRIC,0.0820928511752769,177856,27423616.64
2026-09-22,2026-09-23T23:38:25.440000Z,ACWI,iShares,214,CSX,CSX,0.0814962171736385,584338,27224307.42
2026-09-22,2026-09-23T23:38:25.440000Z,ACWI,iShares,215,NAB.AX,NATIONAL AUSTRALIA BANK,0.0814592334440248,991894,27211952.78
2026-09-22,2026-09-23T23:38:25.440000Z,ACWI,iShares,216,WBC.AX,WESTPAC BANKING CORPORATION,0.0805534206427841,1084823,26909360.5
2026-09-22,2026-09-23T23:38:25.440000Z,ACWI,iShares,217,MELI,MERCADOLIBRE,0.0800388889019983,14638,26737478.04
2026-09-22,2026-09-23T23:38:25.440000Z,ACWI,iShares,218,REGN,REGENERON PHARMACEUTICALS,0.0794500071314979,33015,26540758.5
2026-09-22,2026-09-23T23:38:25.440000Z,ACWI,iShares,219,CDNS,CADENCE DESIGN SYSTEMS,0.0792852090567706,87426,26485706.7
2026-09-22,2026-09-23T23:38:25.440000Z,ACWI,iShares,220,HPE,HEWLETT PACKARD ENTERPRISE,0.0785713362095732,430071,26247233.13
2026-09-22,2026-09-23T23:38:25.440000Z,ACWI,iShares,221,WM,WASTE MANAGEMENT INC,0.0781964209338222,125780,26121990.4
2026-09-22,2026-09-23T23:38:25.440000Z,ACWI,iShares,222,LLOY.L,LLOYDS BANKING GROUP PLC,0.0781938646864342,18071584,26121136.47
2026-09-22,2026-09-23T23:38:25.440000Z,ACWI,iShares,223,CEG,CONSTELLATION ENERGY CORP,0.0781769095396214,99125,26115472.5
2026-09-22,2026-09-23T23:38:25.440000Z,ACWI,iShares,224,CS.PA,AXA SA,0.0780736142208541,519086,26080966.07
2026-09-22,2026-09-23T23:38:25.440000Z,ACWI,iShares,225,AMT,AMERICAN TOWER REIT,0.0779075797669199,148505,26025501.25
2026-09-22,2026-09-23T23:38:25.440000Z,ACWI,iShares,226,MRSH,MARSH,0.0778825512752275,153033,26017140.33
2026-09-22,2026-09-23T23:38:25.440000Z,ACWI,iShares,227,ANZ.AX,ANZ GROUP HOLDINGS LTD,0.0773592312198035,953328,25842322.08
2026-09-22,2026-09-23T23:38:25.440000Z,ACWI,iShares,228,8001.T,ITOCHU,0.0771472206241539,1757300,25771498.65
2026-09-22,2026-09-23T23:38:25.440000Z,ACWI,iShares,229,O39.SI,OVERSEA-CHINESE BANKING,0.0769057518615051,1019600,25690834.54
2026-09-22,2026-09-23T23:38:25.440000Z,ACWI,iShares,230,BA.,BAE SYSTEMS PLC,0.0765154808110846,960935,25560462.12
2026-09-22,2026-09-23T23:38:25.440000Z,ACWI,iShares,231,6981.T,MURATA MANUFACTURING,0.0763316946674506,516600,25499067.24
2026-09-22,2026-09-23T23:38:25.440000Z,ACWI,iShares,232,INTU,INTUIT,0.0762091497069348,87081,25458130.35
2026-09-22,2026-09-23T23:38:25.440000Z,ACWI,iShares,233,TMUS,T MOBILE US INC,0.076146805355773,156624,25437303.84
2026-09-22,2026-09-23T23:38:25.440000Z,ACWI,iShares,234,CMCSA,COMCAST CLASS A,0.0760708382922101,1133449,25411926.58
2026-09-22,2026-09-23T23:38:25.440000Z,ACWI,iShares,235,ENEL.MI,ENEL,0.0757194905858127,2478784,25294556.74
2026-09-22,2026-09-23T23:38:25.440000Z,ACWI,iShares,236,7011.T,MITSUBISHI HEAVY INDUSTRIES,0.0754260874304929,1021600,25196543.63
2026-09-22,2026-09-23T23:38:25.440000Z,ACWI,iShares,237,SU.TO,SUNCOR ENERGY INC,0.0753835879205317,376317,25182346.41
2026-09-22,2026-09-23T23:38:25.440000Z,ACWI,iShares,238,DDOG,DATADOG INC CLASS A,0.0749597413406294,101185,25040757.88
2026-09-22,2026-09-23T23:38:25.440000Z,ACWI,iShares,239,MDLZ,MONDELEZ INTERNATIONAL CLASS A,0.0748983851768193,409631,25020261.48
2026-09-22,2026-09-23T23:38:25.440000Z,ACWI,iShares,240,GD,GENERAL DYNAMICS CORP,0.0747323499146376,72701,24964796.39
2026-09-22,2026-09-23T23:38:25.440000Z,ACWI,iShares,241,9983.T,FAST RETAILING,0.0747152510494437,58000,24959084.41
2026-09-22,2026-09-23T23:38:25.440000Z,ACWI,iShares,242,SLB,SLB,0.074330768158781,476413,24830645.56
2026-09-22,2026-09-23T23:38:25.440000Z,ACWI,iShares,243,CP.TO,CANADIAN PACIFIC KANSAS CITY,0.0740477708608443,281044,24736108.59
2026-09-22,2026-09-23T23:38:25.440000Z,ACWI,iShares,244,8031.T,MITSUI,0.0738805915692173,752100,24680261.33
2026-09-22,2026-09-23T23:38:25.440000Z,ACWI,iShares,245,402340.KS,SK SQUARE,0.0738435905071848,29571,24667900.9
2026-09-22,2026-09-23T23:38:25.440000Z,ACWI,iShares,246,MAR,MARRIOTT INTERNATIONAL CLASS A,0.0735762822812419,70616,24578604.96
2026-09-22,2026-09-23T23:38:25.440000Z,ACWI,iShares,247,MSI,Motorola Solutions Inc,0.0733304242855967,53638,24496474.6
2026-09-22,2026-09-23T23:38:25.440000Z,ACWI,iShares,248,RELIANCE,RELIANCE INDUSTRIES LTD,0.0728928539324196,1876847,24350301.56
2026-09-22,2026-09-23T23:38:25.440000Z,ACWI,iShares,249,GM,GENERAL MOTORS,0.0728608520907715,291667,24339611.15
2026-09-22,2026-09-23T23:38:25.440000Z,ACWI,iShares,250,TRV,TRAVELERS COMPANIES,0.0723638355823867,66776,24173579.76
2026-09-22,2026-09-23T23:38:25.440000Z,ACWI,iShares,251,BN.TO,BROOKFIELD CLASS A,0.071898868572318,634330,24018254.7
2026-09-22,2026-09-23T23:38:25.440000Z,ACWI,iShares,252,APP,APPLOVIN CLASS A,0.0716570122998916,72818,23937461.14
2026-09-22,2026-09-23T23:38:25.440000Z,ACWI,iShares,253,SHW,SHERWIN WILLIAMS,0.0715604185204366,72804,23905193.4
2026-09-22,2026-09-23T23:38:25.440000Z,ACWI,iShares,254,BE,BLOOM ENERGY CLASS A,0.0711779637323178,85985,23777432.05
2026-09-22,2026-09-23T23:38:25.440000Z,ACWI,iShares,255,SNPS,SYNOPSYS,0.0710757481723515,58018,23743286.32
2026-09-22,2026-09-23T23:38:25.440000Z,ACWI,iShares,256,LITE,LUMENTUM HOLDINGS,0.0709614666744901,25067,23705109.89
2026-09-22,2026-09-23T23:38:25.440000Z,ACWI,iShares,257,ITW,ILLINOIS TOOL INC,0.0708925346571095,87559,23682082.73
2026-09-22,2026-09-23T23:38:25.440000Z,ACWI,iShares,258,EOG,EOG RESOURCES,0.0708241652697998,169576,23659243.52
2026-09-22,2026-09-23T23:38:25.440000Z,ACWI,iShares,259,SPOT,SPOTIFY TECHNOLOGY,0.0704703458826519,46960,23541048
2026-09-22,2026-09-23T23:38:25.440000Z,ACWI,iShares,260,INVE-B.ST,INVESTOR CLASS B,0.0700867504477533,563365,23412905.61
2026-09-22,2026-09-23T23:38:25.440000Z,ACWI,iShares,261,MFC.TO,MANULIFE FINANCIAL,0.0699694619099401,528823,23373724.66
2026-09-22,2026-09-23T23:38:25.440000Z,ACWI,iShares,262,NG.,NATIONAL GRID PLC,0.0698330040162975,1519239,23328140.07
2026-09-22,2026-09-23T23:38:25.440000Z,ACWI,iShares,263,ABX.TO,BARRICK MINING,0.0696068026000537,529061,23252576.11
2026-09-22,2026-09-23T23:38:25.440000Z,ACWI,iShares,264,ICICIBANK,ICICI BANK,0.0695026152753882,1657035,23217771.7
2026-09-22,2026-09-23T23:38:25.440000Z,ACWI,iShares,265,ROST,ROSS STORES INC,0.0693654374128263,99660,23171946.6
2026-09-22,2026-09-23T23:38:25.440000Z,ACWI,iShares,266,MUV2.DE,MUENCHENER RUECKVERSICHERUNGS-GESE,0.0691071617419447,40206,23085668.04
2026-09-22,2026-09-23T23:38:25.440000Z,ACWI,iShares,267,CMI,CUMMINS INC,0.0689886317958289,43803,23046072.39
2026-09-22,2026-09-23T23:38:25.440000Z,ACWI,iShares,268,WBD,WARNER BROS. DISCOVERY SERIES A,0.0689160920609222,746735,23021840.05
2026-09-22,2026-09-23T23:38:25.440000Z,ACWI,iShares,269,TGT,TARGET CORP,0.0688312465780914,144595,22993496.9
2026-09-22,2026-09-23T23:38:25.440000Z,ACWI,iShares,270,ORLY,OREILLY AUTOMOTIVE INC,0.0685260405844082,266739,22891540.98
2026-09-22,2026-09-23T23:38:25.440000Z,ACWI,iShares,271,MCO,MOODYS CORP,0.068122536546561,48496,22756748
2026-09-22,2026-09-23T23:38:25.440000Z,ACWI,iShares,272,UPS,UNITED PARCEL SERVICE INC CLASS B,0.0680829614856305,237233,22743527.71
2026-09-22,2026-09-23T23:38:25.440000Z,ACWI,iShares,273,CI,CIGNA,0.0680695104809222,83068,22739034.32
2026-09-22,2026-09-23T23:38:25.440000Z,ACWI,iShares,274,DASH,DOORDASH CLASS A,0.0680211343829389,118219,22722873.99
2026-09-22,2026-09-23T23:38:25.440000Z,ACWI,iShares,275,3711.TW,ASE TECHNOLOGY HOLDING,0.0679973960937505,1037873,22714944.07
2026-09-22,2026-09-23T23:38:25.440000Z,ACWI,iShares,276,WPM.TO,WHEATON PRECIOUS METALS,0.0670463296342616,145301,22397234.53
2026-09-22,2026-09-23T23:38:25.440000Z,ACWI,iShares,277,HLT,HILTON WORLDWIDE HOLDINGS,0.066539835376114,72066,22228037.04
2026-09-22,2026-09-23T23:38:25.440000Z,ACWI,iShares,278,GLEN.L,GLENCORE PLC,0.066174040215571,3035745,22105840.94
2026-09-22,2026-09-23T23:38:25.440000Z,ACWI,iShares,279,NWG.L,NATWEST GROUP PLC,0.065979002398504,2376145,22040687.37
2026-09-22,2026-09-23T23:38:25.440000Z,ACWI,iShares,280,HCA,HCA HEALTHCARE,0.0659614002944634,50294,22034807.28
2026-09-22,2026-09-23T23:38:25.440000Z,ACWI,iShares,281,ABI,ANHEUSER-BUSCH INBEV SA,0.0658607258230145,281352,22001176.36
2026-09-22,2026-09-23T23:38:25.440000Z,ACWI,iShares,282,NSC,NORFOLK SOUTHERN CORP,0.0658527919457329,70059,21998526
2026-09-22,2026-09-23T23:38:25.440000Z,ACWI,iShares,283,CTAS,CINTAS,0.0656376184979728,110295,21926646
2026-09-22,2026-09-23T23:38:25.440000Z,ACWI,iShares,284,ECL,ECOLAB,0.0653729426443591,79061,21838229.42
2026-09-22,2026-09-23T23:38:25.440000Z,ACWI,iShares,285,ABNB,AIRBNB CLASS A,0.0652076847366698,134621,21783024.01
2026-09-22,2026-09-23T23:38:25.440000Z,ACWI,iShares,286,DLR,DIGITAL REALTY TRUST REIT,0.0651566552519221,117242,21765977.3
2026-09-22,2026-09-23T23:38:25.440000Z,ACWI,iShares,287,NOC,NORTHROP GRUMMAN CORP,0.0645154602302149,42270,21551782.2
2026-09-22,2026-09-23T23:38:25.440000Z,ACWI,iShares,288,HON,Honeywell International Inc.,0.0634967661750185,100125,21211481.25
2026-09-22,2026-09-23T23:38:25.440000Z,ACWI,iShares,289,SPG,SIMON PROPERTY GROUP REIT INC,0.0633726287873008,102792,21170012.4
2026-09-22,2026-09-23T23:38:25.440000Z,ACWI,iShares,290,BSX,BOSTON SCIENTIFIC CORP,0.0632960415284832,470713,21144427.96
2026-09-22,2026-09-23T23:38:25.440000Z,ACWI,iShares,291,CL,COLGATE-PALMOLIVE,0.0632734216443006,242813,21136871.65
2026-09-22,2026-09-23T23:38:25.440000Z,ACWI,iShares,292,AEP,AMERICAN ELECTRIC POWER INC,0.0627826402565457,174382,20972923.14
2026-09-22,2026-09-23T23:38:25.440000Z,ACWI,iShares,293,URI,UNITED RENTALS,0.0623939186465337,19983,20843068.32
2026-09-22,2026-09-23T23:38:25.440000Z,ACWI,iShares,294,MPWR,Monolithic Power Systems Inc,0.0618694949740397,14970,20667881.4
2026-09-22,2026-09-23T23:38:25.440000Z,ACWI,iShares,295,FDX,FEDEX CORP,0.0613644615783608,69268,20499171.92
2026-09-22,2026-09-23T23:38:25.440000Z,ACWI,iShares,296,ITX.MC,INDUSTRIA DE DISENO TEXTIL SA,0.0611630904236241,335138,20431902.66
2026-09-22,2026-09-23T23:38:25.440000Z,ACWI,iShares,297,DBK.DE,DEUTSCHE BANK AG,0.0610885740146631,546397,20407010
2026-09-22,2026-09-23T23:38:25.440000Z,ACWI,iShares,298,1398.HK,INDUSTRIAL AND COMMERCIAL BANK OF,0.0610399346076027,21211260,20390761.71
2026-09-22,2026-09-23T23:38:25.440000Z,ACWI,iShares,299,MNST,MONSTER BEVERAGE,0.0603828881459578,455642,20171271.34
2026-09-22,2026-09-23T23:38:25.440000Z,ACWI,iShares,300,6752.T,PANASONIC HOLDINGS,0.0603165312949438,739200,20149104.43
2026-09-22,2026-09-23T23:38:25.440000Z,ACWI,iShares,301,NDA-FI.HE,NORDEA BANK,0.0600339661100731,980230,20054711.81
2026-09-22,2026-09-23T23:38:25.440000Z,ACWI,iShares,302,TER,TERADYNE,0.0595941476314193,49933,19907787.77
2026-09-22,2026-09-23T23:38:25.440000Z,ACWI,iShares,303,CNR.TO,CANADIAN NATIONAL RAILWAY,0.0595571916217016,166290,19895442.39
2026-09-22,2026-09-23T23:38:25.440000Z,ACWI,iShares,304,TDG,TRANSDIGM GROUP,0.0595211278872979,17874,19883395.08
2026-09-22,2026-09-23T23:38:25.440000Z,ACWI,iShares,305,MQG.AX,MACQUARIE GROUP LTD DEF,0.0592810948715748,115038,19803210.59
2026-09-22,2026-09-23T23:38:25.440000Z,ACWI,iShares,306,CSL.AX,CSL,0.0592057968274031,154022,19778056.82
2026-09-22,2026-09-23T23:38:25.440000Z,ACWI,iShares,307,APD,AIR PRODUCTS AND CHEMICALS,0.059168564217427,68664,19765619.04
2026-09-22,2026-09-23T23:38:25.440000Z,ACWI,iShares,308,6503.T,MITSUBISHI ELECTRIC,0.0588226792763275,602900,19650074.07
2026-09-22,2026-09-23T23:38:25.440000Z,ACWI,iShares,309,DG.PA,VINCI SA,0.0588058590170432,152876,19644455.16
2026-09-22,2026-09-23T23:38:25.440000Z,ACWI,iShares,310,TEL,TE Connectivity PLC,0.0587335693599026,91907,19620306.36
2026-09-22,2026-09-23T23:38:25.440000Z,ACWI,iShares,311,DHL.DE,DHL AG,0.0584599141458877,291146,19528890.17
2026-09-22,2026-09-23T23:38:25.440000Z,ACWI,iShares,312,009150.KS,SAMSUNG ELECTRO MECHANICS LTD,0.0581050379900902,17741,19410341.63
2026-09-22,2026-09-23T23:38:25.440000Z,ACWI,iShares,313,4063.T,SHIN ETSU CHEMICAL,0.0579409325834776,520900,19355521.22
2026-09-22,2026-09-23T23:38:25.440000Z,ACWI,iShares,314,TRP.TO,TC ENERGY,0.0579029632409301,323112,19342837.33
2026-09-22,2026-09-23T23:38:25.440000Z,ACWI,iShares,315,KKR,KKR AND CO INC,0.0579018803988147,196490,19342475.6
2026-09-22,2026-09-23T23:38:25.440000Z,ACWI,iShares,316,TRGP,TARGA RESOURCES,0.0578251263715945,68463,19316835.45
2026-09-22,2026-09-23T23:38:25.440000Z,ACWI,iShares,317,KMI,KINDER MORGAN,0.0577693947423244,617148,19298217.96
2026-09-22,2026-09-23T23:38:25.440000Z,ACWI,iShares,318,ARGX,ARGENX,0.057402047267604,19591,19175503.3
2026-09-22,2026-09-23T23:38:25.440000Z,ACWI,iShares,319,1810.HK,XIAOMI,0.0572852202690531,5518200,19136476.53
2026-09-22,2026-09-23T23:38:25.440000Z,ACWI,iShares,320,TFC,TRUIST FINANCIAL,0.0572371529216179,397762,19120419.34
2026-09-22,2026-09-23T23:38:25.440000Z,ACWI,iShares,321,RCL,ROYAL CARIBBEAN GROUP,0.0571101722987767,81221,19078000.69
2026-09-22,2026-09-23T23:38:25.440000Z,ACWI,iShares,322,PCAR,PACCAR INC,0.0567324522245614,166390,18951821
2026-09-22,2026-09-23T23:38:25.440000Z,ACWI,iShares,323,4502.T,TAKEDA PHARMACEUTICAL,0.0566183736566948,498434,18913712.36
2026-09-22,2026-09-23T23:38:25.440000Z,ACWI,iShares,324,ALL,ALLSTATE CORP,0.05644477298829,82160,18855720
2026-09-22,2026-09-23T23:38:25.440000Z,ACWI,iShares,325,DB1.DE,DEUTSCHE BOERSE AG,0.0563331508941467,58757,18818431.96
2026-09-22,2026-09-23T23:38:25.440000Z,ACWI,iShares,326,REL.L,RELX PLC,0.0562737217121368,574899,18798579.28
2026-09-22,2026-09-23T23:38:25.440000Z,ACWI,iShares,327,AJG,ARTHUR J GALLAGHER,0.0562458837820407,81533,18789279.85
2026-09-22,2026-09-23T23:38:25.440000Z,ACWI,iShares,328,NXPI,NXP Semiconductors NV,0.0562405879348208,79082,18787510.74
2026-09-22,2026-09-23T23:38:25.440000Z,ACWI,iShares,329,KEYS,KEYSIGHT TECHNOLOGIES,0.0557614932372689,53632,18627466.24
2026-09-22,2026-09-23T23:38:25.440000Z,ACWI,iShares,330,AON,AON PLC CLASS A,0.0557450189378532,65089,18621962.9
2026-09-22,2026-09-23T23:38:25.440000Z,ACWI,iShares,331,WES.AX,WESFARMERS,0.0554630089890856,355636,18527755.76
2026-09-22,2026-09-23T23:38:25.440000Z,ACWI,iShares,332,COR,CENCORA,0.0551713175223778,58615,18430314.45
2026-09-22,2026-09-23T23:38:25.440000Z,ACWI,iShares,333,COHR,COHERENT,0.0550171464954351,59212,18378812.68
2026-09-22,2026-09-23T23:38:25.440000Z,ACWI,iShares,334,CRH,CRH PUBLIC LIMITED PLC,0.0549477659306224,208492,18355635.68
2026-09-22,2026-09-23T23:38:25.440000Z,ACWI,iShares,335,FIX,COMFORT SYSTEMS USA,0.0549435227509443,11294,18354218.22
2026-09-22,2026-09-23T23:38:25.440000Z,ACWI,iShares,336,STAN.L,STANDARD CHARTERED PLC,0.0549136411819911,606558,18344236.1
2026-09-22,2026-09-23T23:38:25.440000Z,ACWI,iShares,337,AAL.L,ANGLO AMERICAN PLC,0.0548341875482231,334016,18317694.13
2026-09-22,2026-09-23T23:38:25.440000Z,ACWI,iShares,338,7974.T,NINTENDO,0.0546953194605109,344600,18271304.4
2026-09-22,2026-09-23T23:38:25.440000Z,ACWI,iShares,339,2303.TW,UNITED MICRO ELECTRONICS CORP,0.0545910814856682,3609000,18236483.07
2026-09-22,2026-09-23T23:38:25.440000Z,ACWI,iShares,340,FAST,FASTENAL,0.0545057759603297,363578,18207986.24
2026-09-22,2026-09-23T23:38:25.440000Z,ACWI,iShares,341,BKR,BAKER HUGHES CLASS A,0.0541982892717887,316194,18105268.44
2026-09-22,2026-09-23T23:38:25.440000Z,ACWI,iShares,342,GWW,WW GRAINGER INC,0.0541199646400494,14251,18079103.62
2026-09-22,2026-09-23T23:38:25.440000Z,ACWI,iShares,343,AME,AMETEK INC,0.0539326491489625,73414,18016529.74
2026-09-22,2026-09-23T23:38:25.440000Z,ACWI,iShares,344,OKE,ONEOK,0.0538677412761852,199743,17994846.87
2026-09-22,2026-09-23T23:38:25.440000Z,ACWI,iShares,345,LNG,CHENIERE ENERGY,0.0533539032811774,65296,17823196.16
2026-09-22,2026-09-23T23:38:25.440000Z,ACWI,iShares,346,NUE,NUCOR,0.053161017228523,72290,17758761.4
2026-09-22,2026-09-23T23:38:25.440000Z,ACWI,iShares,347,9433.T,KDDI,0.0531290940862341,912200,17748097.28
2026-09-22,2026-09-23T23:38:25.440000Z,ACWI,iShares,348,BAYN.DE,BAYER AG,0.0530213345171277,312396,17712099.54
2026-09-22,2026-09-23T23:38:25.440000Z,ACWI,iShares,349,D,DOMINION ENERGY,0.0526977716659066,281980,17604011.4
2026-09-22,2026-09-23T23:38:25.440000Z,ACWI,iShares,350,CABK.MC,CAIXABANK SA,0.0525800153623317,1182618,17564674.19
2026-09-22,2026-09-23T23:38:25.440000Z,ACWI,iShares,351,ATCO-A.ST,ATLAS COPCO CLASS A,0.0517831275931694,815449,17298468.98
2026-09-22,2026-09-23T23:38:25.440000Z,ACWI,iShares,352,GLE.PA,SOCIETE GENERALE SA,0.0516876983786334,209030,17266590.27
2026-09-22,2026-09-23T23:38:25.440000Z,ACWI,iShares,353,CTVA,CORTEVA,0.0511893919670957,212847,17100127.98
2026-09-22,2026-09-23T23:38:25.440000Z,ACWI,iShares,354,RHM.DE,RHEINMETALL AG,0.05082931072728,14968,16979840.65
2026-09-22,2026-09-23T23:38:25.440000Z,ACWI,iShares,355,NOKIA.HE,NOKIA,0.0507986906296499,1597408,16969611.82
2026-09-22,2026-09-23T23:38:25.440000Z,ACWI,iShares,356,HONA,HONEYWELL AEROSPACE INC,0.0506483762904008,101120,16919398.4
2026-09-22,2026-09-23T23:38:25.440000Z,ACWI,iShares,357,3988.HK,BANK OF CHINA LTD H,0.0505952532949312,22021000,16901652.34
2026-09-22,2026-09-23T23:38:25.440000Z,ACWI,iShares,358,SRE,SEMPRA,0.050512612082666,208373,16874045.54
2026-09-22,2026-09-23T23:38:25.440000Z,ACWI,iShares,359,APO,APOLLO GLOBAL MANAGEMENT,0.0504644480448808,135787,16857956.05
2026-09-22,2026-09-23T23:38:25.440000Z,ACWI,iShares,360,VOLV-B.ST,VOLVO CLASS B,0.0502973950494107,496220,16802150.98
2026-09-22,2026-09-23T23:38:25.440000Z,ACWI,iShares,361,MET,METLIFE,0.0500173270499897,174193,16708592.56
2026-09-22,2026-09-23T23:38:25.440000Z,ACWI,iShares,362,BAS.DE,BASF N,0.0498297099029716,280893,16645917.91
2026-09-22,2026-09-23T23:38:25.440000Z,ACWI,iShares,363,DVN,DEVON ENERGY,0.049751777331144,354142,16619884.06
2026-09-22,2026-09-23T23:38:25.440000Z,ACWI,iShares,364,CAH,CARDINAL HEALTH,0.0497073395837878,74784,16605039.36
2026-09-22,2026-09-23T23:38:25.440000Z,ACWI,iShares,365,BDX,BECTON DICKINSON,0.0496328809495561,90602,16580166
2026-09-22,2026-09-23T23:38:25.440000Z,ACWI,iShares,366,VALE3,CIA VALE DO RIO DOCE SH,0.0495650332710455,1162242,16557501.07
2026-09-22,2026-09-23T23:38:25.440000Z,ACWI,iShares,367,O,REALTY INCOME REIT,0.0495629018325609,292885,16556789.05
2026-09-22,2026-09-23T23:38:25.440000Z,ACWI,iShares,368,NTRA,NATERA,0.0494124637715729,42227,16506534.3
2026-09-22,2026-09-23T23:38:25.440000Z,ACWI,iShares,369,AFL,AFLAC,0.0492532596676557,143572,16453351.2
2026-09-22,2026-09-23T23:38:25.440000Z,ACWI,iShares,370,CIEN,CIENA,0.0491260951535388,44527,16410871.12
2026-09-22,2026-09-23T23:38:25.440000Z,ACWI,iShares,371,EW,EDWARDS LIFESCIENCES,0.049122177847282,184834,16409562.52
2026-09-22,2026-09-23T23:38:25.440000Z,ACWI,iShares,372,PRX.AS,PROSUS NV CLASS N,0.0490409866310466,381131,16382440.1
2026-09-22,2026-09-23T23:38:25.440000Z,ACWI,iShares,373,SREN.SW,SWISS RE AG,0.0489121896066384,96810,16339414.67
2026-09-22,2026-09-23T23:38:25.440000Z,ACWI,iShares,374,FNV.TO,FRANCO NEVADA,0.048911637154499,61107,16339230.12
2026-09-22,2026-09-23T23:38:25.440000Z,ACWI,iShares,375,NU,NU HOLDINGS CLASS A,0.0484797689575577,1143712,16194961.92
2026-09-22,2026-09-23T23:38:25.440000Z,ACWI,iShares,376,ANG,ANGLOGOLD ASHANTI PLC,0.0483499805427429,159056,16151605.31
2026-09-22,2026-09-23T23:38:25.440000Z,ACWI,iShares,377,STT,STATE STREET,0.0483312641946744,89572,16145353
2026-09-22,2026-09-23T23:38:25.440000Z,ACWI,iShares,378,RACE.MI,FERRARI,0.0480881439129504,38900,16064137.19
2026-09-22,2026-09-23T23:38:25.440000Z,ACWI,iShares,379,LSEG.L,LONDON STOCK EXCHANGE GROUP PLC,0.0480548501026278,147509,16053015.19
2026-09-22,2026-09-23T23:38:25.440000Z,ACWI,iShares,380,ALAB,ASTERA LABS,0.0479022955707016,44027,16002053.42
2026-09-22,2026-09-23T23:38:25.440000Z,ACWI,iShares,381,F,FORD MOTOR CO,0.0477126207752029,1216694,15938691.4
2026-09-22,2026-09-23T23:38:25.440000Z,ACWI,iShares,382,BHARTIARTL,BHARTI AIRTEL LTD,0.0473376624827234,831974,15813434.3
2026-09-22,2026-09-23T23:38:25.440000Z,ACWI,iShares,383,1120,AL RAJHI BANK,0.047297672730951,920621,15800075.48
2026-09-22,2026-09-23T23:38:25.440000Z,ACWI,iShares,384,WAB,WESTINGHOUSE AIR BRAKE TECHNOLOGIE,0.0471766424562008,54398,15759644.58
2026-09-22,2026-09-23T23:38:25.440000Z,ACWI,iShares,385,EL.PA,ESSILORLUXOTTICA SA,0.0470008282373515,94959,15700912.77
2026-09-22,2026-09-23T23:38:25.440000Z,ACWI,iShares,386,RMS.PA,HERMES INTERNATIONAL,0.0469608016055445,10118,15687541.63
2026-09-22,2026-09-23T23:38:25.440000Z,ACWI,iShares,387,LONN.SW,LONZA GROUP AG,0.0468667110883631,22836,15656110.12
2026-09-22,2026-09-23T23:38:25.440000Z,ACWI,iShares,388,ENI.MI,ENI,0.0462470183540802,577481,15449097.99
2026-09-22,2026-09-23T23:38:25.440000Z,ACWI,iShares,389,AZO,AUTOZONE,0.0462299151183627,5335,15443384.55
2026-09-22,2026-09-23T23:38:25.440000Z,ACWI,iShares,390,CPG.L,COMPASS GROUP PLC,0.0461360031939455,512027,15412012.7
2026-09-22,2026-09-23T23:38:25.440000Z,ACWI,iShares,391,ROK,ROCKWELL AUTOMATION INC,0.0460929674866003,36044,15397636.36
2026-09-22,2026-09-23T23:38:25.440000Z,ACWI,iShares,392,7741.T,HOYA,0.0460802576448572,107100,15393390.56
2026-09-22,2026-09-23T23:38:25.440000Z,ACWI,iShares,393,PSA,PUBLIC STORAGE REIT,0.0460466162581709,53095,15382152.45
2026-09-22,2026-09-23T23:38:25.440000Z,ACWI,iShares,394,5803.T,FUJIKURA,0.0460338404095479,488400,15377884.6
2026-09-22,2026-09-23T23:38:25.440000Z,ACWI,iShares,395,388.HK,HONG KONG EXCHANGES AND CLEARING,0.0458351407223718,302200,15311507.76
2026-09-22,2026-09-23T23:38:25.440000Z,ACWI,iShares,396,3037.TW,UNIMICRON TECHNOLOGY,0.0455924322277856,430586,15230429.51
2026-09-22,2026-09-23T23:38:25.440000Z,ACWI,iShares,397,VST,VISTRA,0.0455028552640413,108258,15200505.78
2026-09-22,2026-09-23T23:38:25.440000Z,ACWI,iShares,398,A,AGILENT TECHNOLOGIES INC,0.0452747871552745,90424,15124318.24
2026-09-22,2026-09-23T23:38:25.440000Z,ACWI,iShares,399,FITB,FIFTH THIRD BANCORP,0.0451530820836602,285892,15083661.92
2026-09-22,2026-09-23T23:38:25.440000Z,ACWI,iShares,400,NBIS,NEBIUS NV CLASS A,0.0451245689076737,63841,15074136.92
2026-09-22,2026-09-23T23:38:25.440000Z,ACWI,iShares,401,ETR,ENTERGY CORP,0.0450056136736931,148620,15034399.2
2026-09-22,2026-09-23T23:38:25.440000Z,ACWI,iShares,402,2914.T,JAPAN TOBACCO,0.0447326084104153,341300,14943200.13
2026-09-22,2026-09-23T23:38:25.440000Z,ACWI,iShares,403,GRMN,GARMIN,0.0447121031711302,52469,14936350.23
2026-09-22,2026-09-23T23:38:25.440000Z,ACWI,iShares,404,TEVA,TEVA PHARMACEUTICAL INDUSTRIES,0.0444830575917749,376008,14859836.16
2026-09-22,2026-09-23T23:38:25.440000Z,ACWI,iShares,405,8053.T,SUMITOMO,0.0444464839130638,1300200,14847618.5
2026-09-22,2026-09-23T23:38:25.440000Z,ACWI,iShares,406,105560.KS,KB FINANCIAL GROUP,0.0443700463895808,114578,14822084.08
2026-09-22,2026-09-23T23:38:25.440000Z,ACWI,iShares,407,ENGI.PA,ENGIE SA,0.0442220633654316,542451,14772649.45
2026-09-22,2026-09-23T23:38:25.440000Z,ACWI,iShares,408,ASM.AS,ASM INTERNATIONAL NV,0.0441216240042024,14964,14739097.07
2026-09-22,2026-09-23T23:38:25.440000Z,ACWI,iShares,409,3690.HK,MEITUAN,0.0438959372320758,1571220,14663705.03
2026-09-22,2026-09-23T23:38:25.440000Z,ACWI,iShares,410,DGE.L,DIAGEO PLC,0.0438635323443368,670053,14652879.98
2026-09-22,2026-09-23T23:38:25.440000Z,ACWI,iShares,411,ADSK,AUTODESK,0.0436924401169765,66459,14595725.58
2026-09-22,2026-09-23T23:38:25.440000Z,ACWI,iShares,412,ITUB4,ITAU UNIBANCO HOLDING PREF SA,0.0436800167241373,1727554,14591575.47
2026-09-22,2026-09-23T23:38:25.440000Z,ACWI,iShares,413,9434.T,SOFTBANK,0.0434700705722344,9205400,14521441.68
2026-09-22,2026-09-23T23:38:25.440000Z,ACWI,iShares,414,VMRK,VIVMARK RESIDENTIAL,0.0434454274649281,232770,14513209.5
2026-09-22,2026-09-23T23:38:25.440000Z,ACWI,iShares,415,SLF.TO,SUN LIFE FINANCIAL INC,0.0432937590716219,179044,14462543.75
2026-09-22,2026-09-23T23:38:25.440000Z,ACWI,iShares,416,AMP,AMERIPRISE FINANCE INC,0.0432711242198928,28212,14454982.44
2026-09-22,2026-09-23T23:38:25.440000Z,ACWI,iShares,417,PETR4,PETROLEO BRASILEIRO PREF SA,0.0432409884121957,1527322,14444915.39
2026-09-22,2026-09-23T23:38:25.440000Z,ACWI,iShares,418,MSTR,STRATEGY INC CLASS A,0.0430822443507861,86009,14391885.97
2026-09-22,2026-09-23T23:38:25.440000Z,ACWI,iShares,419,XEL,XCEL ENERGY INC,0.0430779579148988,199701,14390454.06
2026-09-22,2026-09-23T23:38:25.440000Z,ACWI,iShares,420,HUM,HUMANA,0.0429164698831338,38539,14336508
2026-09-22,2026-09-23T23:38:25.440000Z,ACWI,iShares,421,IQV,IQVIA HOLDINGS,0.0428142051996799,52954,14302345.86
2026-09-22,2026-09-23T23:38:25.440000Z,ACWI,iShares,422,PYPL,PAYPAL HOLDINGS,0.0427350695963389,269917,14275910.13
2026-09-22,2026-09-23T23:38:25.440000Z,ACWI,iShares,423,8002.T,MARUBENI,0.0427242172869803,451100,14272284.85
2026-09-22,2026-09-23T23:38:25.440000Z,ACWI,iShares,424,2318.HK,PING AN INSURANCE (GROUP) CO OF CH,0.0426651978265868,2074000,14252569.04
2026-09-22,2026-09-23T23:38:25.440000Z,ACWI,iShares,425,LHX,L3HARRIS TECHNOLOGIES,0.0426401103627615,59378,14244188.42
2026-09-22,2026-09-23T23:38:25.440000Z,ACWI,iShares,426,2383.TW,ELITE MATERIAL,0.0425876802748872,92690,14226673.83
2026-09-22,2026-09-23T23:38:25.440000Z,ACWI,iShares,427,EOAN.DE,E.ON N,0.0425596243873797,711219,14217301.59
2026-09-22,2026-09-23T23:38:25.440000Z,ACWI,iShares,428,NKE,NIKE CLASS B,0.042298422172011,391414,14130045.4
2026-09-22,2026-09-23T23:38:25.440000Z,ACWI,iShares,429,RSG,REPUBLIC SERVICES INC,0.0422534153585388,65995,14115010.6
2026-09-22,2026-09-23T23:38:25.440000Z,ACWI,iShares,430,6702.T,FUJITSU,0.0421615022601446,556700,14084306.47
2026-09-22,2026-09-23T23:38:25.440000Z,ACWI,iShares,431,RWE.DE,RWE AG,0.0418237568803501,202222,13971480.57
2026-09-22,2026-09-23T23:38:25.440000Z,ACWI,iShares,432,PDD,PDD HOLDINGS ADS,0.0416628986530045,173214,13917744.9
2026-09-22,2026-09-23T23:38:25.440000Z,ACWI,iShares,433,TSCO.L,TESCO PLC,0.0414515160357338,2152511,13847131.25
2026-09-22,2026-09-23T23:38:25.440000Z,ACWI,iShares,434,EBS,ERSTE GROUP BANK AG,0.0414213487063838,100105,13837053.67
2026-09-22,2026-09-23T23:38:25.440000Z,ACWI,iShares,435,8591.T,ORIX,0.0413058144548197,353100,13798458.75
2026-09-22,2026-09-23T23:38:25.440000Z,ACWI,iShares,436,CLS.TO,CELESTICA,0.0413016782631636,38674,13797077.03
2026-09-22,2026-09-23T23:38:25.440000Z,ACWI,iShares,437,HOLN.SW,HOLCIM LTD AG,0.0411642247582663,165956,13751159.85
2026-09-22,2026-09-23T23:38:25.440000Z,ACWI,iShares,438,NDAQ,NASDAQ INC,0.0411305841498925,145396,13739922
2026-09-22,2026-09-23T23:38:25.440000Z,ACWI,iShares,439,COIN,COINBASE GLOBAL INC CLASS A,0.0411058922184496,68293,13731673.51
2026-09-22,2026-09-23T23:38:25.440000Z,ACWI,iShares,440,CVNA,CARVANA CLASS A,0.041018492793233,209518,13702477.2
2026-09-22,2026-09-23T23:38:25.440000Z,ACWI,iShares,441,LR.PA,LEGRAND SA,0.0409491305786323,85118,13679306.33
2026-09-22,2026-09-23T23:38:25.440000Z,ACWI,iShares,442,BN.PA,DANONE SA,0.0407917373382898,195548,13626728.16
2026-09-22,2026-09-23T23:38:25.440000Z,ACWI,iShares,443,8750.T,DAIICHI LIFE GROUP,0.040419794707069,1109800,13502478.46
2026-09-22,2026-09-23T23:38:25.440000Z,ACWI,iShares,444,EXC,EXELON CORP,0.0403932923910129,322814,13493625.2
2026-09-22,2026-09-23T23:38:25.440000Z,ACWI,iShares,445,CBRE,CBRE GROUP CLASS A,0.0402997482192119,95444,13462376.2
2026-09-22,2026-09-23T23:38:25.440000Z,ACWI,iShares,446,FERG,FERGUSON ENTERPRISES INC,0.0402614093578777,60811,13449568.87
2026-09-22,2026-09-23T23:38:25.440000Z,ACWI,iShares,447,RKT.L,RECKITT BENCKISER GROUP PLC,0.0400026272750295,200089,13363121.14
2026-09-22,2026-09-23T23:38:25.440000Z,ACWI,iShares,448,KDP,KEURIG DR PEPPER INC,0.0399638184028017,423680,13350156.8
2026-09-22,2026-09-23T23:38:25.440000Z,ACWI,iShares,449,CARR,CARRIER GLOBAL,0.0399547084954604,241533,13347113.58
2026-09-22,2026-09-23T23:38:25.440000Z,ACWI,iShares,450,CVE.TO,CENOVUS ENERGY,0.0399249748058661,425323,13337180.86
2026-09-22,2026-09-23T23:38:25.440000Z,ACWI,iShares,451,CMG,CHIPOTLE MEXICAN GRILL,0.0398415736014624,407886,13309320.18
2026-09-22,2026-09-23T23:38:25.440000Z,ACWI,iShares,452,WDS.AX,WOODSIDE ENERGY GROUP LTD,0.0398354187966868,591352,13307264.13
2026-09-22,2026-09-23T23:38:25.440000Z,ACWI,iShares,453,TWLO,TWILIO CLASS A,0.0398215497484062,46753,13302631.09
2026-09-22,2026-09-23T23:38:25.440000Z,ACWI,iShares,454,OXY,OCCIDENTAL PETROLEUM CORP,0.0396204133746032,235046,13235440.26
2026-09-22,2026-09-23T23:38:25.440000Z,ACWI,iShares,455,IDXX,IDEXX LABORATORIES,0.0395695843053025,25347,13218460.5
2026-09-22,2026-09-23T23:38:25.440000Z,ACWI,iShares,456,FLEX,Flex Ltd,0.0394669718958095,115196,13184182.2
2026-09-22,2026-09-23T23:38:25.440000Z,ACWI,iShares,457,EBAY,EBAY,0.0394513075801376,120598,13178949.44
2026-09-22,2026-09-23T23:38:25.440000Z,ACWI,iShares,458,VTR,VENTAS REIT,0.0393672352908212,151403,13150864.58
2026-09-22,2026-09-23T23:38:25.440000Z,ACWI,iShares,459,WAT,WATERS CORP,0.0392647347787055,30809,13116623.66
2026-09-22,2026-09-23T23:38:25.440000Z,ACWI,iShares,460,MCHP,Microchip Technology Inc,0.0391776056973129,172613,13087517.66
2026-09-22,2026-09-23T23:38:25.440000Z,ACWI,iShares,461,PRY.MI,PRYSMIAN,0.0391491956177862,88394,13078027.1
2026-09-22,2026-09-23T23:38:25.440000Z,ACWI,iShares,462,8725.T,MS&AD INSURANCE GROUP HOLDINGS,0.0390639458016556,393400,13049548.88
2026-09-22,2026-09-23T23:38:25.440000Z,ACWI,iShares,463,9999.HK,NETEASE,0.0389387600271144,550890,13007729.81
2026-09-22,2026-09-23T23:38:25.440000Z,ACWI,iShares,464,PRU,PRUDENTIAL FINANCIAL INC,0.0388913719668074,110419,12991899.54
2026-09-22,2026-09-23T23:38:25.440000Z,ACWI,iShares,465,MSCI,MSCI,0.0388817830979797,23664,12988696.32
2026-09-22,2026-09-23T23:38:25.440000Z,ACWI,iShares,466,CCO.TO,CAMECO,0.0384426545932821,135517,12842002.77
2026-09-22,2026-09-23T23:38:25.440000Z,ACWI,iShares,467,IBKR,INTERACTIVE BROKERS GROUP INC CLAS,0.0382428919408922,139043,12775270.84
2026-09-22,2026-09-23T23:38:25.440000Z,ACWI,iShares,468,GMEXICOB,GRUPO MEXICO B,0.0381413243559467,991855,12741341.57
2026-09-22,2026-09-23T23:38:25.440000Z,ACWI,iShares,469,XYZ,BLOCK CLASS A,0.0380870644256488,164107,12723215.71
2026-09-22,2026-09-23T23:38:25.440000Z,ACWI,iShares,470,SAND.ST,SANDVIK,0.0380600531830783,325275,12714192.44
2026-09-22,2026-09-23T23:38:25.440000Z,ACWI,iShares,471,AIG,AMERICAN INTERNATIONAL GROUP,0.0378679294574997,168263,12650012.34
2026-09-22,2026-09-23T23:38:25.440000Z,ACWI,iShares,472,7267.T,HONDA MOTOR,0.0377896787055697,1175500,12623872.2
2026-09-22,2026-09-23T23:38:25.440000Z,ACWI,iShares,473,CSU.TO,CONSTELLATION SOFTWARE,0.0377328695626306,6399,12604894.76
2026-09-22,2026-09-23T23:38:25.440000Z,ACWI,iShares,474,2222,SAUDI ARABIAN OIL,0.037537819951137,1836602,12539737.25
2026-09-22,2026-09-23T23:38:25.440000Z,ACWI,iShares,475,RKLB,ROCKET LAB CORP,0.0374461557929754,173786,12509116.28
2026-09-22,2026-09-23T23:38:25.440000Z,ACWI,iShares,476,ADM,ARCHER DANIELS MIDLAND,0.0374303104298616,151856,12503823.04
2026-09-22,2026-09-23T23:38:25.440000Z,ACWI,iShares,477,SSE.L,SSE PLC,0.0371969384812051,377084,12425863.72
2026-09-22,2026-09-23T23:38:25.440000Z,ACWI,iShares,478,U11.SI,UNITED OVERSEAS BANK,0.0370640828868367,369000,12381482.5
2026-09-22,2026-09-23T23:38:25.440000Z,ACWI,iShares,479,SE,SEA ADS REPRESENTING LTD CLASS A,0.036997148677686,119216,12359122.72
2026-09-22,2026-09-23T23:38:25.440000Z,ACWI,iShares,480,6301.T,KOMATSU,0.0368759917176226,276300,12318649.5
2026-09-22,2026-09-23T23:38:25.440000Z,ACWI,iShares,481,YUM,YUM BRANDS,0.036858845554982,88132,12312921.72
2026-09-22,2026-09-23T23:38:25.440000Z,ACWI,iShares,482,ATD.TO,ALIMENTATION COUCHE TARD INC,0.0366535977757798,216194,12244357.45
2026-09-22,2026-09-23T23:38:25.440000Z,ACWI,iShares,483,VEEV,VEEVA SYSTEMS CLASS A,0.0366345174469167,46905,12237983.55
2026-09-22,2026-09-23T23:38:25.440000Z,ACWI,iShares,484,ED,CONSOLIDATED EDISON,0.0365589094547931,117611,12212726.24
2026-09-22,2026-09-23T23:38:25.440000Z,ACWI,iShares,485,DHI,D R HORTON,0.0364765724130069,84555,12185221.05
2026-09-22,2026-09-23T23:38:25.440000Z,ACWI,iShares,486,2881.TW,FUBON FINANCIAL HOLDING,0.036466933193353,2496640,12182001.01
2026-09-22,2026-09-23T23:38:25.440000Z,ACWI,iShares,487,REP.MC,REPSOL,0.0364351027899818,356826,12171367.87
2026-09-22,2026-09-23T23:38:25.440000Z,ACWI,iShares,488,WCN,WASTE CONNECTIONS,0.0363635696225739,78159,12147471.78
2026-09-22,2026-09-23T23:38:25.440000Z,ACWI,iShares,489,RIO.AX,RIO TINTO,0.0363114322999081,102654,12130054.99
2026-09-22,2026-09-23T23:38:25.440000Z,ACWI,iShares,490,HLN.L,HALEON PLC,0.0363083737715964,2652598,12129033.27
2026-09-22,2026-09-23T23:38:25.440000Z,ACWI,iShares,491,WDAY,WORKDAY CLASS A,0.0362749592330442,64378,12117870.94
2026-09-22,2026-09-23T23:38:25.440000Z,ACWI,iShares,492,NTAP,NetApp Inc,0.0361963133378879,62680,12091598.8
2026-09-22,2026-09-23T23:38:25.440000Z,ACWI,iShares,493,GIVN.SW,GIVAUDAN SA,0.0360261422133361,2852,12034752.1
2026-09-22,2026-09-23T23:38:25.440000Z,ACWI,iShares,494,8630.T,SOMPO HOLDINGS,0.0359904497040195,274400,12022828.8
2026-09-22,2026-09-23T23:38:25.440000Z,ACWI,iShares,495,6701.T,NEC,0.0359123129748583,392100,11996726.75
2026-09-22,2026-09-23T23:38:25.440000Z,ACWI,iShares,496,2891.TW,CTBC FINANCIAL HOLDING,0.035848624088999,5448142,11975451.09
2026-09-22,2026-09-23T23:38:25.440000Z,ACWI,iShares,497,PAYX,PAYCHEX,0.0357541025064797,104286,11943875.58
2026-09-22,2026-09-23T23:38:25.440000Z,ACWI,iShares,498,6723.T,RENESAS ELECTRONICS CORP,0.0357234920778847,567200,11933649.98
2026-09-22,2026-09-23T23:38:25.440000Z,ACWI,iShares,499,7182.T,JAPAN POST BANK LTD,0.0355296691166928,571900,11868902.24
2026-09-22,2026-09-23T23:38:25.440000Z,ACWI,iShares,500,TTWO,TAKE TWO INTERACTIVE SOFTWARE,0.0354270536837554,57581,11834622.93
2026-09-22,2026-09-23T23:38:25.440000Z,ACWI,iShares,501,5802.T,SUMITOMO ELECTRIC INDUSTRIES,0.0353107874892349,891700,11795783.5
2026-09-22,2026-09-23T23:38:25.440000Z,ACWI,iShares,502,1211.HK,BYD H,0.0352363893238908,1134900,11770930.34
2026-09-22,2026-09-23T23:38:25.440000Z,ACWI,iShares,503,GFI,GOLD FIELDS,0.0351892267347035,279594,11755175.39
2026-09-22,2026-09-23T23:38:25.440000Z,ACWI,iShares,504,005380.KS,HYUNDAI MOTOR,0.0351382537374761,44224,11738147.55
2026-09-22,2026-09-23T23:38:25.440000Z,ACWI,iShares,505,GMG.AX,GOODMAN GROUP UNITS,0.0349926342685218,632744,11689502.48
2026-09-22,2026-09-23T23:38:25.440000Z,ACWI,iShares,506,ILMN,ILLUMINA INC,0.0349919324103337,47237,11689268.02
2026-09-22,2026-09-23T23:38:25.440000Z,ACWI,iShares,507,POW.TO,POWER CORPORATION OF CANADA,0.0348549623871218,174572,11643512.35
2026-09-22,2026-09-23T23:38:25.440000Z,ACWI,iShares,508,ROP,ROPER TECHNOLOGIES,0.0348507597994297,31997,11642108.45
2026-09-22,2026-09-23T23:38:25.440000Z,ACWI,iShares,509,GALD.SW,GALDERMA GROUP N AG,0.0346282087582193,57973,11567763.92
2026-09-22,2026-09-23T23:38:25.440000Z,ACWI,iShares,510,SGO.PA,COMPAGNIE DE SAINT GOBAIN SA,0.0346154987069305,141895,11563518.05
2026-09-22,2026-09-23T23:38:25.440000Z,ACWI,iShares,511,NTR.TO,NUTRIEN LTD,0.0345973500479637,153006,11557455.38
2026-09-22,2026-09-23T23:38:25.440000Z,ACWI,iShares,512,LUMI.TA,BANK LEUMI LE ISRAEL,0.0345924366215556,450269,11555814.02
2026-09-22,2026-09-23T23:38:25.440000Z,ACWI,iShares,513,DOL.TO,DOLLARAMA,0.0345207417148407,89760,11531863.9
2026-09-22,2026-09-23T23:38:25.440000Z,ACWI,iShares,514,NPN,NASPERS LIMITED CLASS N,0.0344487460801825,249575,11507813.32
2026-09-22,2026-09-23T23:38:25.440000Z,ACWI,iShares,515,G.MI,ASSICURAZIONI GENERALI,0.0344017055363689,226917,11492099.14
2026-09-22,2026-09-23T23:38:25.440000Z,ACWI,iShares,516,SDZ.SW,SANDOZ GROUP AG,0.0342677874557483,132803,11447362.99
2026-09-22,2026-09-23T23:38:25.440000Z,ACWI,iShares,517,1303.TW,NAN YA PLASTICS CORP,0.0342259387646419,1563830,11433383.18
2026-09-22,2026-09-23T23:38:25.440000Z,ACWI,iShares,518,HIG,HARTFORD INSURANCE GROUP,0.0342206313026059,88803,11431610.19
2026-09-22,2026-09-23T23:38:25.440000Z,ACWI,iShares,519,ASSA-B.ST,ASSA ABLOY B,0.0341729770893879,313026,11415691.01
2026-09-22,2026-09-23T23:38:25.440000Z,ACWI,iShares,520,OTP,OTP BANK,0.0341360711012104,78770,11403362.34
2026-09-22,2026-09-23T23:38:25.440000Z,ACWI,iShares,521,SYY,SYSCO,0.0340680462069499,144663,11380638.21
2026-09-22,2026-09-23T23:38:25.440000Z,ACWI,iShares,522,FANG,DIAMONDBACK ENERGY,0.0340665682814783,61681,11380144.5
2026-09-22,2026-09-23T23:38:25.440000Z,ACWI,iShares,523,P,EVERPURE INC CLASS A,0.034009962367885,102455,11361234.95
2026-09-22,2026-09-23T23:38:25.440000Z,ACWI,iShares,524,K.TO,KINROSS GOLD,0.033898824024843,393907,11324108.51
2026-09-22,2026-09-23T23:38:25.440000Z,ACWI,iShares,525,PETR3,PETROLEO BRASILEIRO SA PETROBRAS,0.0338572878860415,1086856,11310233.11
2026-09-22,2026-09-23T23:38:25.440000Z,ACWI,iShares,526,IRM,IRON MOUNTAIN INC,0.0338293684426875,95665,11300906.45
2026-09-22,2026-09-23T23:38:25.440000Z,ACWI,iShares,527,992.HK,LENOVO GROUP,0.0337934429485429,2410000,11288905.32
2026-09-22,2026-09-23T23:38:25.440000Z,ACWI,iShares,528,SEB-A.ST,SKANDINAVISKA ENSKILDA BANKEN,0.0337562107875932,476409,11276467.69
2026-09-22,2026-09-23T23:38:25.440000Z,ACWI,iShares,529,AXON,AXON ENTERPRISE,0.0337337271080833,24534,11268956.88
2026-09-22,2026-09-23T23:38:25.440000Z,ACWI,iShares,530,DSV,DSV,0.0337267784845142,60732,11266635.65
2026-09-22,2026-09-23T23:38:25.440000Z,ACWI,iShares,531,SIKA.SW,SIKA AG,0.0332960734156076,48336,11122756
2026-09-22,2026-09-23T23:38:25.440000Z,ACWI,iShares,532,ALNY,ALNYLAM PHARMACEUTICALS,0.0331625039291438,44022,11078136.3
2026-09-22,2026-09-23T23:38:25.440000Z,ACWI,iShares,533,III.L,3I GROUP PLC,0.0330675954654839,309639,11046431.55
2026-09-22,2026-09-23T23:38:25.440000Z,ACWI,iShares,534,SWED-A.ST,SWEDBANK,0.0330106652650292,264407,11027413.67
2026-09-22,2026-09-23T23:38:25.440000Z,ACWI,iShares,535,3017.TW,ASIA VITAL COMPONENTS,0.0330104736804346,103000,11027349.67
2026-09-22,2026-09-23T23:38:25.440000Z,ACWI,iShares,536,KBC,KBC GROEP,0.0328823736647295,72206,10984557.08
2026-09-22,2026-09-23T23:38:25.440000Z,ACWI,iShares,537,6762.T,TDK,0.0328639926495716,606900,10978416.79
2026-09-22,2026-09-23T23:38:25.440000Z,ACWI,iShares,538,WEC,WEC ENERGY GROUP,0.0328619052456087,106756,10977719.48
2026-09-22,2026-09-23T23:38:25.440000Z,ACWI,iShares,539,ACGL,ARCH CAPITAL GROUP,0.0328582692394199,115603,10976504.85
2026-09-22,2026-09-23T23:38:25.440000Z,ACWI,iShares,540,STMPA.PA,STMICROELECTRONICS,0.0326643282142216,204638,10911717.67
2026-09-22,2026-09-23T23:38:25.440000Z,ACWI,iShares,541,PEG,PUBLIC SERVICE ENTERPRISE GROUP,0.0325666069294925,157394,10879073.28
2026-09-22,2026-09-23T23:38:25.440000Z,ACWI,iShares,542,6954.T,FANUC CORP,0.0325131710524319,291900,10861222.7
2026-09-22,2026-09-23T23:38:25.440000Z,ACWI,iShares,543,9432.T,NTT,0.0324520526331297,9616400,10840805.72
2026-09-22,2026-09-23T23:38:25.440000Z,ACWI,iShares,544,6367.T,DAIKIN INDUSTRIES LTD,0.0324490126047054,82200,10839790.18
2026-09-22,2026-09-23T23:38:25.440000Z,ACWI,iShares,545,DXCM,DEXCOM INC,0.0324446198094329,121058,10838322.74
2026-09-22,2026-09-23T23:38:25.440000Z,ACWI,iShares,546,EME,EMCOR GROUP,0.0324108089003156,14312,10827028
2026-09-22,2026-09-23T23:38:25.440000Z,ACWI,iShares,547,KVUE,KENVUE,0.0323256099738429,604623,10798566.78
2026-09-22,2026-09-23T23:38:25.440000Z,ACWI,iShares,548,ODFL,OLD DOMINION FREIGHT LINE,0.0322947255194074,60844,10788249.64
2026-09-22,2026-09-23T23:38:25.440000Z,ACWI,iShares,549,PRU.L,PRUDENTIAL PLC,0.0322233435840888,841542,10764404.07
2026-09-22,2026-09-23T23:38:25.440000Z,ACWI,iShares,550,MDB,MONGODB CLASS A,0.0320752052866127,25053,10714917.57
2026-09-22,2026-09-23T23:38:25.440000Z,ACWI,iShares,551,4568.T,DAIICHI SANKYO LTD,0.0318181058852715,566000,10629031.95
2026-09-22,2026-09-23T23:38:25.440000Z,ACWI,iShares,552,EXPE,EXPEDIA GROUP,0.0316507535987426,37667,10573126.9
2026-09-22,2026-09-23T23:38:25.440000Z,ACWI,iShares,553,KMB,KIMBERLY CLARK,0.0315946626286172,106707,10554389.37
2026-09-22,2026-09-23T23:38:25.440000Z,ACWI,iShares,554,RVMD,REVOLUTION MEDICINES,0.0315579141588986,54662,10542113.32
2026-09-22,2026-09-23T23:38:25.440000Z,ACWI,iShares,555,SUNB,SUNBELT RENTALS HOLDINGS INC,0.0314847607545875,138994,10517675.98
2026-09-22,2026-09-23T23:38:25.440000Z,ACWI,iShares,556,WOW.AX,WOOLWORTHS GROUP LTD,0.0314774632973809,390159,10515238.22
2026-09-22,2026-09-23T23:38:25.440000Z,ACWI,iShares,557,DANSKE,DANSKE BANK,0.0314614874771322,182907,10509901.4
2026-09-22,2026-09-23T23:38:25.440000Z,ACWI,iShares,558,055550.KS,SHINHAN FINANCIAL GROUP,0.031447703324775,126045,10505296.72
2026-09-22,2026-09-23T23:38:25.440000Z,ACWI,iShares,559,IFC.TO,INTACT FINANCIAL CORP,0.0312823397162727,57794,10450056
2026-09-22,2026-09-23T23:38:25.440000Z,ACWI,iShares,560,OKTA,OKTA CLASS A,0.0312402621713811,53077,10435999.74
2026-09-22,2026-09-23T23:38:25.440000Z,ACWI,iShares,561,JBL,JABIL,0.0312368879475796,33772,10434872.56
2026-09-22,2026-09-23T23:38:25.440000Z,ACWI,iShares,562,RMD,RESMED,0.0312273972059865,46996,10431702.12
2026-09-22,2026-09-23T23:38:25.440000Z,ACWI,iShares,563,STLD,STEEL DYNAMICS INC,0.0312044022350899,44549,10424020.51
2026-09-22,2026-09-23T23:38:25.440000Z,ACWI,iShares,564,ALC.SW,ALCON AG,0.0310597532917825,158434,10375699.65
2026-09-22,2026-09-23T23:38:25.440000Z,ACWI,iShares,565,VMC,VULCAN MATERIALS,0.0309332858462389,41689,10333452.43
2026-09-22,2026-09-23T23:38:25.440000Z,ACWI,iShares,566,BIIB,BIOGEN,0.030908938707196,45817,10325319.12
2026-09-22,2026-09-23T23:38:25.440000Z,ACWI,iShares,567,1180,THE SAUDI NATIONAL BANK,0.0308547151181008,961417,10307205.4
2026-09-22,2026-09-23T23:38:25.440000Z,ACWI,iShares,568,CRDO,Credo Technology Group Holding Ltd,0.0308044271555393,53440,10290406.4
2026-09-22,2026-09-23T23:38:25.440000Z,ACWI,iShares,569,EXPN.L,EXPERIAN PLC,0.030788562933317,288083,10285106.86
2026-09-22,2026-09-23T23:38:25.440000Z,ACWI,iShares,570,2882.TW,CATHAY FINANCIAL HOLDING,0.030762275611098,2905264,10276325.42
2026-09-22,2026-09-23T23:38:25.440000Z,ACWI,iShares,571,KR,KROGER,0.0307621530568277,175483,10276284.48
2026-09-22,2026-09-23T23:38:25.440000Z,ACWI,iShares,572,9618.HK,JD.COM CLASS A,0.0307421958093532,756326,10269617.64
2026-09-22,2026-09-23T23:38:25.440000Z,ACWI,iShares,573,INFY,INFOSYS,0.0306382828697493,950574,10234904.89
2026-09-22,2026-09-23T23:38:25.440000Z,ACWI,iShares,574,VOD.L,VODAFONE GROUP PLC,0.0305364473058522,6107165,10200886.1
2026-09-22,2026-09-23T23:38:25.440000Z,ACWI,iShares,575,AD.AS,KONINKLIJKE AHOLD DELHAIZE,0.0305276970087819,277730,10197963.01
2026-09-22,2026-09-23T23:38:25.440000Z,ACWI,iShares,576,8308.T,RESONA HOLDINGS,0.0304975433597693,653600,10187890
2026-09-22,2026-09-23T23:38:25.440000Z,ACWI,iShares,577,SLHN.SW,SWISS LIFE HOLDING AG,0.0304334981564992,9111,10166495.31
2026-09-22,2026-09-23T23:38:25.440000Z,ACWI,iShares,578,TECK.B,TECK RESOURCES SUBORDINATE VOTING,0.0303619973189915,147128,10142610.02
2026-09-22,2026-09-23T23:38:25.440000Z,ACWI,iShares,579,MTB,M&T BANK,0.030344571502713,45371,10136788.82
2026-09-22,2026-09-23T23:38:25.440000Z,ACWI,iShares,580,ZTS,ZOETIS INC CLASS A,0.0302108850299061,138514,10092130.04
2026-09-22,2026-09-23T23:38:25.440000Z,ACWI,iShares,581,HBAN,HUNTINGTON BANCSHARES INC,0.030201419763077,643019,10088968.11
2026-09-22,2026-09-23T23:38:25.440000Z,ACWI,iShares,582,POLI.TA,BANK HAPOALIM BM,0.0301749662412223,383791,10080131.15
2026-09-22,2026-09-23T23:38:25.440000Z,ACWI,iShares,583,CCI,CROWN CASTLE INC,0.0299585326457916,138287,10007830.19
2026-09-22,2026-09-23T23:38:25.440000Z,ACWI,iShares,584,MTD,METTLER TOLEDO,0.0297923436968429,6676,9952313.76
2026-09-22,2026-09-23T23:38:25.440000Z,ACWI,iShares,585,EQT,EQT,0.0296604529703889,195006,9908254.86
2026-09-22,2026-09-23T23:38:25.440000Z,ACWI,iShares,586,TEAM,ATLASSIAN CORP CLASS A,0.029600653251799,52416,9888278.4
2026-09-22,2026-09-23T23:38:25.440000Z,ACWI,iShares,587,MT.AS,ARCELORMITTAL SA,0.0295998714669128,135404,9888017.24
2026-09-22,2026-09-23T23:38:25.440000Z,ACWI,iShares,588,CNC,CENTENE CORP,0.0295117963168442,155744,9858595.2
2026-09-22,2026-09-23T23:38:25.440000Z,ACWI,iShares,589,8015.T,TOYOTA TSUSHO,0.0294464985095468,207300,9836782.07
2026-09-22,2026-09-23T23:38:25.440000Z,ACWI,iShares,590,VWS,VESTAS WIND SYSTEMS,0.0293678172909808,305064,9810498.13
2026-09-22,2026-09-23T23:38:25.440000Z,ACWI,iShares,591,MLM,MARTIN MARIETTA MATERIALS,0.029051028481867,19435,9704672.9
2026-09-22,2026-09-23T23:38:25.440000Z,ACWI,iShares,592,PKO,POWSZECHNA KASA OSZCZEDNOSCI BANK,0.029025341777352,299418,9696092.1
2026-09-22,2026-09-23T23:38:25.440000Z,ACWI,iShares,593,RBLX,ROBLOX CLASS A,0.0289398972933123,193855,9667548.85
2026-09-22,2026-09-23T23:38:25.440000Z,ACWI,iShares,594,FFH.TO,FAIRFAX FINANCIAL HOLDINGS SUB VOT,0.0287992932096926,5987,9620579.2
2026-09-22,2026-09-23T23:38:25.440000Z,ACWI,iShares,595,NTRS,NORTHERN TRUST,0.0286819811728314,55256,9581390.4
2026-09-22,2026-09-23T23:38:25.440000Z,ACWI,iShares,596,GEHC,GE HEALTHCARE TECHNOLOGIES,0.02860597914508,144198,9556001.46
2026-09-22,2026-09-23T23:38:25.440000Z,ACWI,iShares,597,UCB,UCB SA,0.0285326528955424,39016,9531506.38
2026-09-22,2026-09-23T23:38:25.440000Z,ACWI,iShares,598,2345.TW,ACCTON TECHNOLOGY,0.0284238736473666,157000,9495168.01
2026-09-22,2026-09-23T23:38:25.440000Z,ACWI,iShares,599,MBG.DE,MERCEDES-BENZ GROUP N AG,0.0283820452522531,190613,9481194.98
2026-09-22,2026-09-23T23:38:25.440000Z,ACWI,iShares,600,GFNORTEO,GPO FINANCE BANORTE,0.0282075596126969,828801,9422906.99
2026-09-22,2026-09-23T23:38:25.440000Z,ACWI,iShares,601,ON,ON Semiconductor Corp,0.0281807623461704,127907,9413955.2
2026-09-22,2026-09-23T23:38:25.440000Z,ACWI,iShares,602,ABN.AS,ABN AMRO BANK NV,0.0281715418286608,189723,9410875.03
2026-09-22,2026-09-23T23:38:25.440000Z,ACWI,iShares,603,086790.KS,HANA FINANCIAL GROUP,0.0281502014002839,93913,9403746.13
2026-09-22,2026-09-23T23:38:25.440000Z,ACWI,iShares,604,2360.TW,CHROMA ATE INC,0.0281426176438488,122000,9401212.73
2026-09-22,2026-09-23T23:38:25.440000Z,ACWI,iShares,605,6146.T,DISCO CORP,0.0280365294707193,28100,9365773.33
2026-09-22,2026-09-23T23:38:25.440000Z,ACWI,iShares,606,IR,INGERSOLL RAND INC,0.0279921881742324,126621,9350960.85
2026-09-22,2026-09-23T23:38:25.440000Z,ACWI,iShares,607,EXR,EXTRA SPACE STORAGE REIT,0.027783874622426,68756,9281372.44
2026-09-22,2026-09-23T23:38:25.440000Z,ACWI,iShares,608,8604.T,NOMURA HOLDINGS,0.0277509531447889,922200,9270374.82
2026-09-22,2026-09-23T23:38:25.440000Z,ACWI,iShares,609,2327.TW,YAGEO,0.0277114615728325,513344,9257182.42
2026-09-22,2026-09-23T23:38:25.440000Z,ACWI,iShares,610,4578.T,OTSUKA HOLDINGS,0.0276842936799208,130800,9248106.82
2026-09-22,2026-09-23T23:38:25.440000Z,ACWI,iShares,611,M&M,MAHINDRA AND MAHINDRA LTD,0.0276541954108301,290102,9238052.31
2026-09-22,2026-09-23T23:38:25.440000Z,ACWI,iShares,612,WTW,WILLIS TOWERS WATSON,0.0276081758033598,30566,9222679.18
2026-09-22,2026-09-23T23:38:25.440000Z,ACWI,iShares,613,AEE,AMEREN,0.027528801168302,90460,9196163.6
2026-09-22,2026-09-23T23:38:25.440000Z,ACWI,iShares,614,TCL.AX,TRANSURBAN GROUP STAPLED UNITS,0.0274492169277237,976904,9169578
2026-09-22,2026-09-23T23:38:25.440000Z,ACWI,iShares,615,CFG,CITIZENS FINANCIAL GROUP INC,0.0274268808282218,139901,9162116.49
2026-09-22,2026-09-23T23:38:25.440000Z,ACWI,iShares,616,FTI,TECHNIPFMC PLC,0.0272997062259786,128772,9119633.04
2026-09-22,2026-09-23T23:38:25.440000Z,ACWI,iShares,617,ADS.DE,ADIDAS N AG,0.0272816819473228,54237,9113611.92
2026-09-22,2026-09-23T23:38:25.440000Z,ACWI,iShares,618,HPQ,HP Inc,0.0271872261920729,283460,9082058.4
2026-09-22,2026-09-23T23:38:25.440000Z,ACWI,iShares,619,034020.KS,DOOSAN ENERBILITY LTD,0.0271622386515876,142473,9073711.16
2026-09-22,2026-09-23T23:38:25.440000Z,ACWI,iShares,620,PCG,PG&E CORP,0.0270848682907397,702474,9047865.12
2026-09-22,2026-09-23T23:38:25.440000Z,ACWI,iShares,621,KFH,KUWAIT FINANCE HOUSE,0.0270398479765406,3629575,9032825.81
2026-09-22,2026-09-23T23:38:25.440000Z,ACWI,iShares,622,CCL,CARNIVAL CORP LTD,0.0269524062231026,404112,9003615.36
2026-09-22,2026-09-23T23:38:25.440000Z,ACWI,iShares,623,4062.T,IBIDEN LTD,0.026947426909555,72400,9001951.99
2026-09-22,2026-09-23T23:38:25.440000Z,ACWI,iShares,624,FER.MC,FERROVIAL NV,0.0268161420095111,160098,8958095.47
2026-09-22,2026-09-23T23:38:25.440000Z,ACWI,iShares,625,CTSH,COGNIZANT TECHNOLOGY SOLUTIONS CLA,0.0267848547185305,152482,8947643.76
2026-09-22,2026-09-23T23:38:25.440000Z,ACWI,iShares,626,AV.,AVIVA PLC,0.0267832185262228,949533,8947097.18
2026-09-22,2026-09-23T23:38:25.440000Z,ACWI,iShares,627,4519.T,CHUGAI PHARMACEUTICAL LTD,0.0267201771663579,208100,8926037.83
2026-09-22,2026-09-23T23:38:25.440000Z,ACWI,iShares,628,CBK.DE,COMMERZBANK AG,0.0267043966127202,187769,8920766.24
2026-09-22,2026-09-23T23:38:25.440000Z,ACWI,iShares,629,2628.HK,CHINA LIFE INSURANCE LTD H,0.0266719410748041,2353000,8909924.27
2026-09-22,2026-09-23T23:38:25.440000Z,ACWI,iShares,630,CBOE,CBOE GLOBAL MARKETS,0.0266281982406945,33337,8895311.71
2026-09-22,2026-09-23T23:38:25.440000Z,ACWI,iShares,631,FSR,FIRSTRAND LTD,0.0266268928012282,1533811,8894875.62
2026-09-22,2026-09-23T23:38:25.440000Z,ACWI,iShares,632,LYV,LIVE NATION ENTERTAINMENT,0.0265653289477436,52251,8874309.84
2026-09-22,2026-09-23T23:38:25.440000Z,ACWI,iShares,633,ORA.PA,ORANGE SA,0.0265451003685871,538358,8867552.36
2026-09-22,2026-09-23T23:38:25.440000Z,ACWI,iShares,634,2382.TW,QUANTA COMPUTER,0.0264804182962155,819000,8845944.92
2026-09-22,2026-09-23T23:38:25.440000Z,ACWI,iShares,635,6971.T,KYOCERA,0.0263886461322387,381200,8815287.87
2026-09-22,2026-09-23T23:38:25.440000Z,ACWI,iShares,636,2388.HK,BOC HONG KONG HOLDINGS LTD,0.0262983535102285,1317500,8785125.07
2026-09-22,2026-09-23T23:38:25.440000Z,ACWI,iShares,637,WSM,WILLIAMS SONOMA INC,0.0262818931605661,37731,8779626.39
2026-09-22,2026-09-23T23:38:25.440000Z,ACWI,iShares,638,TDY,Teledyne Technologies Inc,0.0262553526173963,14314,8770760.36
2026-09-22,2026-09-23T23:38:25.440000Z,ACWI,iShares,639,RJF,RAYMOND JAMES,0.0262314753994418,54977,8762784.03
2026-09-22,2026-09-23T23:38:25.440000Z,ACWI,iShares,640,2887.TW,TS FINANCIAL HOLDING,0.0262086260328371,6462077,8755151.06
2026-09-22,2026-09-23T23:38:25.440000Z,ACWI,iShares,641,ADYEN.AS,ADYEN,0.0261054827244715,8440,8720695.41
2026-09-22,2026-09-23T23:38:25.440000Z,ACWI,iShares,642,DG,DOLLAR GENERAL CORP,0.026054132694749,70974,8703541.62
2026-09-22,2026-09-23T23:38:25.440000Z,ACWI,iShares,643,DTE,DTE ENERGY,0.0259416210194501,69101,8665956.41
2026-09-22,2026-09-23T23:38:25.440000Z,ACWI,iShares,644,ARES,ARES MANAGEMENT CLASS A,0.0259332975968046,69461,8663175.92
2026-09-22,2026-09-23T23:38:25.440000Z,ACWI,iShares,645,HAL,HALLIBURTON,0.0259116432391084,263499,8655942.15
2026-09-22,2026-09-23T23:38:25.440000Z,ACWI,iShares,646,EQNR.OL,EQUINOR,0.0257736869443907,204595,8609857.01
2026-09-22,2026-09-23T23:38:25.440000Z,ACWI,iShares,647,ERIC-B.ST,ERICSSON B,0.0257066002458767,876561,8587446.29
2026-09-22,2026-09-23T23:38:25.440000Z,ACWI,iShares,648,WST,WEST PHARMACEUTICAL SERVICES,0.0255564765033641,23006,8537296.54
2026-09-22,2026-09-23T23:38:25.440000Z,ACWI,iShares,649,4503.T,ASTELLAS PHARMA,0.025477873205845,561600,8511038.63
2026-09-22,2026-09-23T23:38:25.440000Z,ACWI,iShares,650,2802.T,AJINOMOTO,0.0254633619899516,272800,8506191.07
2026-09-22,2026-09-23T23:38:25.440000Z,ACWI,iShares,651,DGX,QUEST DIAGNOSTICS INC,0.0254123684273153,36161,8489156.36
2026-09-22,2026-09-23T23:38:25.440000Z,ACWI,iShares,652,AMS.MC,AMADEUS IT GROUP,0.025386288196069,134850,8480444.1
2026-09-22,2026-09-23T23:38:25.440000Z,ACWI,iShares,653,CRWV,COREWEAVE CLASS A,0.0253704420546428,97685,8475150.6
2026-09-22,2026-09-23T23:38:25.440000Z,ACWI,iShares,654,TSEM.TA,TOWER SEMICONDUCTOR,0.0253294264871069,36198,8461449.1
2026-09-22,2026-09-23T23:38:25.440000Z,ACWI,iShares,655,8309.T,SUMITOMO MITSUI TRUST GROUP,0.0253151660674217,752064,8456685.32
2026-09-22,2026-09-23T23:38:25.440000Z,ACWI,iShares,656,XYL,XYLEM INC,0.0252704362433641,78273,8441743.05
2026-09-22,2026-09-23T23:38:25.440000Z,ACWI,iShares,657,Q,QNITY ELECTRONICS,0.0252500032973283,67555,8434917.3
2026-09-22,2026-09-23T23:38:25.440000Z,ACWI,iShares,658,AXISBANK,AXIS BANK,0.0252269131029012,648341,8427203.88
2026-09-22,2026-09-23T23:38:25.440000Z,ACWI,iShares,659,ATO,ATMOS ENERGY,0.0251833612546843,53468,8412655.12
2026-09-22,2026-09-23T23:38:25.440000Z,ACWI,iShares,660,ATCO-B.ST,ATLAS COPCO CLASS B,0.0250757886601681,453459,8376719.84
2026-09-22,2026-09-23T23:38:25.440000Z,ACWI,iShares,661,AWK,AMERICAN WATER WORKS,0.0250617999912563,62562,8372046.84
2026-09-22,2026-09-23T23:38:25.440000Z,ACWI,iShares,662,LH,LABCORP HOLDINGS,0.0250495791691907,26860,8367964.4
2026-09-22,2026-09-23T23:38:25.440000Z,ACWI,iShares,663,IMB.L,IMPERIAL BRANDS PLC,0.0249519172158158,255120,8335339.83
2026-09-22,2026-09-23T23:38:25.440000Z,ACWI,iShares,664,DNB.OL,DNB BANK,0.0249139869385646,247462,8322668.99
2026-09-22,2026-09-23T23:38:25.440000Z,ACWI,iShares,665,BMPS.MI,BANCA MONTE DEI PASCHI DI SIENA SP,0.0248825699687615,613021,8312173.96
2026-09-22,2026-09-23T23:38:25.440000Z,ACWI,iShares,666,L.TO,LOBLAW COMPANIES LTD,0.0248495746412502,185749,8301151.67
2026-09-22,2026-09-23T23:38:25.440000Z,ACWI,iShares,667,FTS.TO,FORTIS,0.0248199133945808,153831,8291243.15
2026-09-22,2026-09-23T23:38:25.440000Z,ACWI,iShares,668,CINF,CINCINNATI FINANCIAL,0.0247814655994435,49921,8278399.43
2026-09-22,2026-09-23T23:38:25.440000Z,ACWI,iShares,669,Z74.SI,SINGAPORE TELECOMMUNICATIONS LTD,0.0246554300873553,2431900,8236296.5
2026-09-22,2026-09-23T23:38:25.440000Z,ACWI,iShares,670,VICI,VICI PPTYS INC,0.0246209562356706,342985,8224780.3
2026-09-22,2026-09-23T23:38:25.440000Z,ACWI,iShares,671,SAMPO.HE,SAMPO CLASS A,0.0246036845851205,775689,8219010.6
2026-09-22,2026-09-23T23:38:25.440000Z,ACWI,iShares,672,VRSN,VERISIGN,0.0245617624632312,27403,8205006.26
2026-09-22,2026-09-23T23:38:25.440000Z,ACWI,iShares,673,FFIV,F5,0.0244892803833134,18046,8180793.18
2026-09-22,2026-09-23T23:38:25.440000Z,ACWI,iShares,674,BAP,CREDICORP LTD,0.0244697153454261,20788,8174257.36
2026-09-22,2026-09-23T23:38:25.440000Z,ACWI,iShares,675,PUB.PA,PUBLICIS GROUPE,0.0244171408805988,73127,8156694.54
2026-09-22,2026-09-23T23:38:25.440000Z,ACWI,iShares,676,PPL.TO,PEMBINA PIPELINE,0.0244011100097143,177291,8151339.33
2026-09-22,2026-09-23T23:38:25.440000Z,ACWI,iShares,677,5108.T,BRIDGESTONE,0.0243797944274644,343400,8144218.73
2026-09-22,2026-09-23T23:38:25.440000Z,ACWI,iShares,678,LT,LARSEN AND TOUBRO LTD,0.0243545122358597,201177,8135773.06
2026-09-22,2026-09-23T23:38:25.440000Z,ACWI,iShares,679,EL,ESTEE LAUDER INC CLASS A,0.0243279502292283,81034,8126899.86
2026-09-22,2026-09-23T23:38:25.440000Z,ACWI,iShares,680,HO.PA,THALES SA,0.0242931028773896,30039,8115258.89
2026-09-22,2026-09-23T23:38:25.440000Z,ACWI,iShares,681,INSM,INSMED,0.0242471067989023,67041,8099893.62
2026-09-22,2026-09-23T23:38:25.440000Z,ACWI,iShares,682,BAJFINANCE,BAJAJ FINANCE LTD,0.0242121982896687,766540,8088232.22
2026-09-22,2026-09-23T23:38:25.440000Z,ACWI,iShares,683,ALL.AX,ARISTOCRAT LEISURE,0.0241867017029287,183671,8079714.93
2026-09-22,2026-09-23T23:38:25.440000Z,ACWI,iShares,684,CPAY,CORPAY,0.0241294311404677,20513,8060583.35
2026-09-22,2026-09-23T23:38:25.440000Z,ACWI,iShares,685,6178.T,JAPAN POST HOLDINGS LTD,0.024048900052901,499900,8033681.45
2026-09-22,2026-09-23T23:38:25.440000Z,ACWI,iShares,686,9961.HK,TRIP.COM GROUP,0.0240112191349736,194776,8021093.91
2026-09-22,2026-09-23T23:38:25.440000Z,ACWI,iShares,687,ES,EVERSOURCE ENERGY,0.0239601501957735,120579,8004034.02
2026-09-22,2026-09-23T23:38:25.440000Z,ACWI,iShares,688,DOV,DOVER CORP,0.0239518467997051,42893,8001260.22
2026-09-22,2026-09-23T23:38:25.440000Z,ACWI,iShares,689,HUBB,HUBBELL INC,0.0238702627452456,17379,7974006.57
2026-09-22,2026-09-23T23:38:25.440000Z,ACWI,iShares,690,A5G,AIB GROUP PLC,0.0238685695565211,599937,7973440.95
2026-09-22,2026-09-23T23:38:25.440000Z,ACWI,iShares,691,012450.KS,HANWHA AEROSPACE LTD,0.0238044290698502,10218,7952014.43
2026-09-22,2026-09-23T23:38:25.440000Z,ACWI,iShares,692,ULTA,ULTA BEAUTY INC,0.0237920855438388,14350,7947891
2026-09-22,2026-09-23T23:38:25.440000Z,ACWI,iShares,693,NVT,nVent Electric plc,0.023759467368563,48798,7936994.7
2026-09-22,2026-09-23T23:38:25.440000Z,ACWI,iShares,694,PFG,PRINCIPAL FINANCIAL GROUP INC,0.02369279988109,69678,7914724.02
2026-09-22,2026-09-23T23:38:25.440000Z,ACWI,iShares,695,FISV,FISERV INC,0.0236195232040663,171155,7890245.5
2026-09-22,2026-09-23T23:38:25.440000Z,ACWI,iShares,696,FE,FIRSTENERGY CORP,0.0235924524505311,176195,7881202.35
2026-09-22,2026-09-23T23:38:25.440000Z,ACWI,iShares,697,3968.HK,CHINA MERCHANTS BANK H,0.0235525223294636,1194788,7867863.45
2026-09-22,2026-09-23T23:38:25.440000Z,ACWI,iShares,698,OTIS,OTIS WORLDWIDE,0.0235494832888974,115553,7866848.24
2026-09-22,2026-09-23T23:38:25.440000Z,ACWI,iShares,699,HSY,HERSHEY FOODS,0.0235355587409546,46671,7862196.66
2026-09-22,2026-09-23T23:38:25.440000Z,ACWI,iShares,700,PPG,PPG INDUSTRIES,0.0235347583065055,72951,7861929.27
2026-09-22,2026-09-23T23:38:25.440000Z,ACWI,iShares,701,CPRT,COPART INC,0.0234290745864162,271805,7826624.98
2026-09-22,2026-09-23T23:38:25.440000Z,ACWI,iShares,702,ATI,ATI,0.0234132582603425,41924,7821341.44
2026-09-22,2026-09-23T23:38:25.440000Z,ACWI,iShares,703,PPL,PPL CORP,0.0234027907965382,237769,7817844.72
2026-09-22,2026-09-23T23:38:25.440000Z,ACWI,iShares,704,RF,REGIONS FINANCIAL,0.0233983551342128,280056,7816362.96
2026-09-22,2026-09-23T23:38:25.440000Z,ACWI,iShares,705,QBE.AX,QBE INSURANCE GROUP,0.0233640624497103,473258,7804907.28
2026-09-22,2026-09-23T23:38:25.440000Z,ACWI,iShares,706,SW,SMURFIT WESTROCK PLC,0.0233057811288376,167609,7785438.05
2026-09-22,2026-09-23T23:38:25.440000Z,ACWI,iShares,707,CNP,CENTERPOINT ENERGY,0.0232295397400833,205019,7759969.15
2026-09-22,2026-09-23T23:38:25.440000Z,ACWI,iShares,708,1211,SAUDI ARABIAN MINING,0.0232239951621765,464658,7758116.95
2026-09-22,2026-09-23T23:38:25.440000Z,ACWI,iShares,709,NSIS-B,NOVOZYMES B,0.0231961591778615,114821,7748818.17
2026-09-22,2026-09-23T23:38:25.440000Z,ACWI,iShares,710,NN.AS,NN GROUP,0.0231931043016311,84808,7747797.67
2026-09-22,2026-09-23T23:38:25.440000Z,ACWI,iShares,711,ML.PA,MICHELIN,0.0231714140517585,199080,7740551.91
2026-09-22,2026-09-23T23:38:25.440000Z,ACWI,iShares,712,EXPD,EXPEDITORS INTERNATIONAL OF WASHIN,0.023161455304923,41263,7737225.13
2026-09-22,2026-09-23T23:38:25.440000Z,ACWI,iShares,713,SYF,SYNCHRONY FINANCIAL,0.0230333924087331,105882,7694444.94
2026-09-22,2026-09-23T23:38:25.440000Z,ACWI,iShares,714,857.HK,PETROCHINA H,0.023005130717462,6392000,7685003.95
2026-09-22,2026-09-23T23:38:25.440000Z,ACWI,iShares,715,5020.T,ENEOS HOLDINGS,0.0229574377382986,842580,7669071.82
2026-09-22,2026-09-23T23:38:25.440000Z,ACWI,iShares,716,9888.HK,BAIDU,0.0229309685304552,671310,7660229.62
2026-09-22,2026-09-23T23:38:25.440000Z,ACWI,iShares,717,FAB,FIRST ABU DHABI BANK,0.0229218674539663,1418956,7657189.35
2026-09-22,2026-09-23T23:38:25.440000Z,ACWI,iShares,718,VIE.PA,VEOLIA ENVIRON. SA,0.0229164718031467,211987,7655386.9
2026-09-22,2026-09-23T23:38:25.440000Z,ACWI,iShares,719,2899.HK,ZIJIN MINING GROUP LTD H,0.0229038840666474,1764000,7651181.89
2026-09-22,2026-09-23T23:38:25.440000Z,ACWI,iShares,720,LPLA,LPL FINANCIAL HOLDINGS,0.0228782090667537,24854,7642605
2026-09-22,2026-09-23T23:38:25.440000Z,ACWI,iShares,721,CPI,CAPITEC SHS,0.0228360338137189,27558,7628516.1
2026-09-22,2026-09-23T23:38:25.440000Z,ACWI,iShares,722,DRI,DARDEN RESTAURANTS INC,0.0227995581425018,35667,7616331.18
2026-09-22,2026-09-23T23:38:25.440000Z,ACWI,iShares,723,2059.TW,KING SLIDE WORKS,0.0227585741265538,19000,7602640.22
2026-09-22,2026-09-23T23:38:25.440000Z,ACWI,iShares,724,4901.T,FUJIFILM HOLDINGS,0.0227447321096621,359500,7598016.21
2026-09-22,2026-09-23T23:38:25.440000Z,ACWI,iShares,725,SBK,STANDARD BANK GROUP,0.022734781235756,399287,7594692.06
2026-09-22,2026-09-23T23:38:25.440000Z,ACWI,iShares,726,006400.KS,SAMSUNG SDI LTD,0.0227286435538535,19494,7592641.73
2026-09-22,2026-09-23T23:38:25.440000Z,ACWI,iShares,727,SMCI,Super Micro Computer Inc,0.0227012802745905,182559,7583500.86
2026-09-22,2026-09-23T23:38:25.440000Z,ACWI,iShares,728,PHM,PULTEGROUP,0.022669637923473,61926,7572930.54
2026-09-22,2026-09-23T23:38:25.440000Z,ACWI,iShares,729,BPE.MI,BPER BANCA,0.0226477524369245,461851,7565619.56
2026-09-22,2026-09-23T23:38:25.440000Z,ACWI,iShares,730,AER,AERCAP HOLDINGS,0.0225687991083641,52276,7539244.72
2026-09-22,2026-09-23T23:38:25.440000Z,ACWI,iShares,731,6160.HK,BEONE MEDICINES AG,0.0225257503193834,271234,7524864.01
2026-09-22,2026-09-23T23:38:25.440000Z,ACWI,iShares,732,2885.TW,YUANTA FINANCIAL HOLDING,0.0225092786243208,3372423,7519361.54
2026-09-22,2026-09-23T23:38:25.440000Z,ACWI,iShares,733,GEBN.SW,GEBERIT AG,0.0224838154152094,11243,7510855.4
2026-09-22,2026-09-23T23:38:25.440000Z,ACWI,iShares,734,NXT.L,NEXT PLC,0.0224726952765746,38290,7507140.65
2026-09-22,2026-09-23T23:38:25.440000Z,ACWI,iShares,735,6273.T,SMC (JAPAN) CORP,0.0224724755230576,17800,7507067.24
2026-09-22,2026-09-23T23:38:25.440000Z,ACWI,iShares,736,DELTA.R,DELTA ELECTRONICS (THAILAND) NON-V,0.0224616882027857,987100,7503463.67
2026-09-22,2026-09-23T23:38:25.440000Z,ACWI,iShares,737,7751.T,CANON,0.0224555736906452,262000,7501421.08
2026-09-22,2026-09-23T23:38:25.440000Z,ACWI,iShares,738,VLTO,VERALTO CORP,0.0224357569584968,78242,7494801.18
2026-09-22,2026-09-23T23:38:25.440000Z,ACWI,iShares,739,VRSK,VERISK ANALYTICS,0.022427711543059,43574,7492113.56
2026-09-22,2026-09-23T23:38:25.440000Z,ACWI,iShares,740,1288.HK,AGRICULTURAL BANK OF CHINA LTD H,0.0224139170331597,9035000,7487505.42
2026-09-22,2026-09-23T23:38:25.440000Z,ACWI,iShares,741,3382.T,SEVEN & I HOLDINGS,0.0223228333763196,580600,7457078.37
2026-09-22,2026-09-23T23:38:25.440000Z,ACWI,iShares,742,CHD,CHURCH AND DWIGHT INC,0.022300411961803,77503,7449588.36
2026-09-22,2026-09-23T23:38:25.440000Z,ACWI,iShares,743,028260.KS,SAMSUNG C&T CORP,0.0222093594075244,27457,7419171.7
2026-09-22,2026-09-23T23:38:25.440000Z,ACWI,iShares,744,1.HK,CK HUTCHISON HOLDINGS,0.0221979475813444,861016,7415359.51
2026-09-22,2026-09-23T23:38:25.440000Z,ACWI,iShares,745,669.HK,TECHTRONIC INDUSTRIES,0.0221963328524983,454000,7414820.1
2026-09-22,2026-09-23T23:38:25.440000Z,ACWI,iShares,746,2269.HK,WUXI BIOLOGICS CAYMAN,0.0221942432632736,1104500,7414122.06
2026-09-22,2026-09-23T23:38:25.440000Z,ACWI,iShares,747,TPR,TAPESTRY,0.0220197827691954,65333,7355842.47
2026-09-22,2026-09-23T23:38:25.440000Z,ACWI,iShares,748,8802.T,MITSUBISHI ESTATE CO LTD,0.0220127627204946,320100,7353497.38
2026-09-22,2026-09-23T23:38:25.440000Z,ACWI,iShares,749,8801.T,MITSUI FUDOSAN,0.0220098734152631,778700,7352532.19
2026-09-22,2026-09-23T23:38:25.440000Z,ACWI,iShares,750,2884.TW,E.SUN FINANCIAL HOLDING,0.0219734762338596,5047244,7340373.49
2026-09-22,2026-09-23T23:38:25.440000Z,ACWI,iShares,751,ENTG,Entegris Inc,0.0219520537833281,48529,7333217.19
2026-09-22,2026-09-23T23:38:25.440000Z,ACWI,iShares,752,DTG.DE,DAIMLER TRUCK HOLDING E AG,0.0218850518310621,147898,7310834.78
2026-09-22,2026-09-23T23:38:25.440000Z,ACWI,iShares,753,RPRX,ROYALTY PHARMA PLC CLASS A,0.0217997699245119,124442,7282345.84
2026-09-22,2026-09-23T23:38:25.440000Z,ACWI,iShares,754,LDO.MI,LEONARDO FINMECCANICA SPA,0.0217503722316132,127252,7265844.24
2026-09-22,2026-09-23T23:38:25.440000Z,ACWI,iShares,755,5274,ASPEED TECHNOLOGY,0.0217399074320322,11000,7262348.41
2026-09-22,2026-09-23T23:38:25.440000Z,ACWI,iShares,756,FEMSAUBD,FOMENTO ECONOMICO MEXICANO,0.0217245562074969,595596,7257220.24
2026-09-22,2026-09-23T23:38:25.440000Z,ACWI,iShares,757,TROW,T ROWE PRICE GROUP,0.0217198522069987,69652,7255648.84
2026-09-22,2026-09-23T23:38:25.440000Z,ACWI,iShares,758,HEIA.AS,HEINEKEN NV,0.0217067267763608,88384,7251264.21
2026-09-22,2026-09-23T23:38:25.440000Z,ACWI,iShares,759,BMW.DE,BMW,0.0216701097815702,106184,7239032.08
2026-09-22,2026-09-23T23:38:25.440000Z,ACWI,iShares,760,LGEN.L,LEGAL AND GENERAL GROUP PLC,0.0215985014172089,1822655,7215110.87
2026-09-22,2026-09-23T23:38:25.440000Z,ACWI,iShares,761,KOTAKBANK,KOTAK MAHINDRA BANK LTD,0.0215862910125556,1670713,7211031.91
2026-09-22,2026-09-23T23:38:25.440000Z,ACWI,iShares,762,FM.TO,FIRST QUANTUM MINERALS,0.0215465046098692,217502,7197741.02
2026-09-22,2026-09-23T23:38:25.440000Z,ACWI,iShares,763,QSR.TO,RESTAURANTS BRANDS INTERNATIONAL,0.0214807764257412,99720,7175784.12
2026-09-22,2026-09-23T23:38:25.440000Z,ACWI,iShares,764,068270.KS,CELLTRION,0.0214153587283967,54434,7153930.94
2026-09-22,2026-09-23T23:38:25.440000Z,ACWI,iShares,765,3443.TW,GLOBAL UNICHIP,0.0213778198524851,27000,7141390.85
2026-09-22,2026-09-23T23:38:25.440000Z,ACWI,iShares,766,GMAB,GENMAB,0.0211959179732736,20298,7080625.42
2026-09-22,2026-09-23T23:38:25.440000Z,ACWI,iShares,767,IFF,INTERNATIONAL FLAVORS & FRAGRANCES,0.0211326414732541,82288,7059487.52
2026-09-22,2026-09-23T23:38:25.440000Z,ACWI,iShares,768,OMC,OMNICOM GROUP INC,0.0211027091942535,93569,7049488.46
2026-09-22,2026-09-23T23:38:25.440000Z,ACWI,iShares,769,MTX.DE,MTU AERO ENGINES HOLDING AG,0.0210920070093858,17205,7045913.33
2026-09-22,2026-09-23T23:38:25.440000Z,ACWI,iShares,770,INCY,INCYTE CORP,0.0210862206157986,55495,7043980.35
2026-09-22,2026-09-23T23:38:25.440000Z,ACWI,iShares,771,HEI.DE,HEIDELBERG MATERIALS AG,0.021085652327995,41791,7043790.51
2026-09-22,2026-09-23T23:38:25.440000Z,ACWI,iShares,772,000270.KS,KIA CORPORATION,0.0210555821978916,80618,7033745.4
2026-09-22,2026-09-23T23:38:25.440000Z,ACWI,iShares,773,CASY,CASEYS GENERAL STORES INC,0.0210345888669168,12015,7026732.45
2026-09-22,2026-09-23T23:38:25.440000Z,ACWI,iShares,774,DLTR,DOLLAR TREE INC,0.0209378971697729,60800,6994432
2026-09-22,2026-09-23T23:38:25.440000Z,ACWI,iShares,775,SHB-A.ST,SVENSKA HANDELSBANKEN-A SHS,0.0209038029250013,444867,6983042.61
2026-09-22,2026-09-23T23:38:25.440000Z,ACWI,iShares,776,VACN.SW,VAT GROUP AG,0.0209021412279945,8690,6982487.51
2026-09-22,2026-09-23T23:38:25.440000Z,ACWI,iShares,777,ZM,ZOOM COMMUNICATIONS CLASS A,0.0208809553844372,76695,6975410.25
2026-09-22,2026-09-23T23:38:25.440000Z,ACWI,iShares,778,CCEP,COCA COLA EUROPACIFIC PARTNERS PLC,0.0208478284921927,68071,6964344.01
2026-09-22,2026-09-23T23:38:25.440000Z,ACWI,iShares,779,ZS,ZSCALER,0.0207609132970388,32997,6935309.46
2026-09-22,2026-09-23T23:38:25.440000Z,ACWI,iShares,780,MKL,MARKEL GROUP,0.0207344764789659,3928,6926478.08
2026-09-22,2026-09-23T23:38:25.440000Z,ACWI,iShares,781,ACA.PA,CREDIT AGRICOLE SA,0.0206948246943922,333520,6913232.16
2026-09-22,2026-09-23T23:38:25.440000Z,ACWI,iShares,782,PAAS.TO,PAN AMERICAN SILVER,0.0206823331393465,135744,6909059.28
2026-09-22,2026-09-23T23:38:25.440000Z,ACWI,iShares,783,NST.AX,NORTHERN STAR RESOURCES LTD,0.0205927848534212,441470,6879145.13
2026-09-22,2026-09-23T23:38:25.440000Z,ACWI,iShares,784,KHC,KRAFT HEINZ,0.020547375921846,285999,6863976
2026-09-22,2026-09-23T23:38:25.440000Z,ACWI,iShares,785,ACS.MC,ACS ACTIVIDADES DE CONSTRUCCION Y,0.0205050813175958,62390,6849847.23
2026-09-22,2026-09-23T23:38:25.440000Z,ACWI,iShares,786,1605.T,INPEX,0.0204592365610031,274700,6834532.51
2026-09-22,2026-09-23T23:38:25.440000Z,ACWI,iShares,787,NBK,NATIONAL BANK OF KUWAIT,0.0204467956261995,2488899,6830376.54
2026-09-22,2026-09-23T23:38:25.440000Z,ACWI,iShares,788,SGAFT,CASH COLLATERAL USD SGAFT,0.0204157333573121,6820000,6820000
2026-09-22,2026-09-23T23:38:25.440000Z,ACWI,iShares,789,BIRG,BANK OF IRELAND GROUP PLC,0.0203802013000935,298164,6808130.3
2026-09-22,2026-09-23T23:38:25.440000Z,ACWI,iShares,790,5401.T,NIPPON STEEL,0.0203329019973368,1537070,6792329.68
2026-09-22,2026-09-23T23:38:25.440000Z,ACWI,iShares,791,SAB.MC,BANCO DE SABADELL,0.0202916533252325,1602817,6778550.31
2026-09-22,2026-09-23T23:38:25.440000Z,ACWI,iShares,792,6902.T,DENSO,0.0202694791745832,556100,6771142.9
2026-09-22,2026-09-23T23:38:25.440000Z,ACWI,iShares,793,CMS,CMS ENERGY,0.020265507625938,105334,6769816.18
2026-09-22,2026-09-23T23:38:25.440000Z,ACWI,iShares,794,FRE.DE,FRESENIUS N,0.0201926815319327,129364,6745488.18
2026-09-22,2026-09-23T23:38:25.440000Z,ACWI,iShares,795,ESLT.TA,ELBIT SYSTEMS,0.0201611450612387,9111,6734953.23
2026-09-22,2026-09-23T23:38:25.440000Z,ACWI,iShares,796,EIX,EDISON INTERNATIONAL,0.0201322281207191,122167,6725293.35
2026-09-22,2026-09-23T23:38:25.440000Z,ACWI,iShares,797,IHG.L,INTERCONTINENTAL HOTELS GROUP PLC,0.020128815969155,43635,6724153.5
2026-09-22,2026-09-23T23:38:25.440000Z,ACWI,iShares,798,SOFI,SOFI TECHNOLOGIES,0.0200678703352089,390664,6703794.24
2026-09-22,2026-09-23T23:38:25.440000Z,ACWI,iShares,799,FICO,FAIR ISAAC,0.0200002069670653,7306,6681190.88
2026-09-22,2026-09-23T23:38:25.440000Z,ACWI,iShares,800,7010,SAUDI TELECOM,0.0199900426559469,574373,6677795.43
2026-09-22,2026-09-23T23:38:25.440000Z,ACWI,iShares,801,9020.T,EAST JAPAN RAILWAY,0.019987372685141,303500,6676903.51
2026-09-22,2026-09-23T23:38:25.440000Z,ACWI,iShares,802,COL.AX,COLES GROUP LTD,0.0199824389627399,409346,6675255.37
2026-09-22,2026-09-23T23:38:25.440000Z,ACWI,iShares,803,AFRM,AFFIRM HOLDINGS CLASS A,0.0199515030798148,92865,6664921.05
2026-09-22,2026-09-23T23:38:25.440000Z,ACWI,iShares,804,VAL,VALTERRA PLATINUM LTD,0.0198793723780175,79585,6640825.35
2026-09-22,2026-09-23T23:38:25.440000Z,ACWI,iShares,805,TPL,TEXAS PACIFIC LAND,0.0198773389769621,18692,6640146.08
2026-09-22,2026-09-23T23:38:25.440000Z,ACWI,iShares,806,PKG,PACKAGING CORP OF AMERICA,0.0198596262627532,27848,6634229.04
2026-09-22,2026-09-23T23:38:25.440000Z,ACWI,iShares,807,XPO,XPO,0.0198499593232032,37322,6630999.74
2026-09-22,2026-09-23T23:38:25.440000Z,ACWI,iShares,808,CDE,COEUR MINING,0.0198427665789516,323504,6628596.96
2026-09-22,2026-09-23T23:38:25.440000Z,ACWI,iShares,809,B3SA3,B3 BRASIL BOLSA BALCAO SA,0.019702663608787,1825707,6581794.71
2026-09-22,2026-09-23T23:38:25.440000Z,ACWI,iShares,810,MTN,MTN GROUP,0.0196950168689165,541351,6579240.27
2026-09-22,2026-09-23T23:38:25.440000Z,ACWI,iShares,811,6669.TW,WIWYNN CORPORATION,0.0196816504607807,98432,6574775.14
2026-09-22,2026-09-23T23:38:25.440000Z,ACWI,iShares,812,035420.KS,NAVER,0.0196771485221596,44417,6573271.24
2026-09-22,2026-09-23T23:38:25.440000Z,ACWI,iShares,813,SCCO,SOUTHERN COPPER CORP,0.0196349323179176,31819,6559168.66
2026-09-22,2026-09-23T23:38:25.440000Z,ACWI,iShares,814,BBDC4,BANCO BRADESCO PREF,0.0196158651604954,1817664,6552799.16
2026-09-22,2026-09-23T23:38:25.440000Z,ACWI,iShares,815,HEXA-B.ST,HEXAGON CLASS B,0.0195989553952834,652744,6547150.35
2026-09-22,2026-09-23T23:38:25.440000Z,ACWI,iShares,816,EMAAR,EMAAR PROPERTIES,0.0195861461690318,2068071,6542871.35
2026-09-22,2026-09-23T23:38:25.440000Z,ACWI,iShares,817,2357.TW,ASUSTEK COMPUTER INC,0.019550932112305,217000,6531107.88
2026-09-22,2026-09-23T23:38:25.440000Z,ACWI,iShares,818,PKN,ORLEN,0.0195239821468696,165929,6522105.08
2026-09-22,2026-09-23T23:38:25.440000Z,ACWI,iShares,819,NRG,NRG ENERGY INC,0.0195072264875158,63421,6516507.75
2026-09-22,2026-09-23T23:38:25.440000Z,ACWI,iShares,820,FSLR,FIRST SOLAR,0.0194537579512689,32367,6498646.26
2026-09-22,2026-09-23T23:38:25.440000Z,ACWI,iShares,821,2886.TW,MEGA FINANCIAL HOLDING LTD,0.019426341537216,4068973,6489487.64
2026-09-22,2026-09-23T23:38:25.440000Z,ACWI,iShares,822,EXE,EXPAND ENERGY,0.0194211051111555,74546,6487738.38
2026-09-22,2026-09-23T23:38:25.440000Z,ACWI,iShares,823,2408.TW,NANYA TECHNOLOGY CORP,0.0194053407823381,413000,6482472.21
2026-09-22,2026-09-23T23:38:25.440000Z,ACWI,iShares,824,ANTO.L,ANTOFAGASTA PLC,0.0193471279529579,126008,6463025.86
2026-09-22,2026-09-23T23:38:25.440000Z,ACWI,iShares,825,RS,RELIANCE STEEL & ALUMINUM,0.0193210848412268,16680,6454326
2026-09-22,2026-09-23T23:38:25.440000Z,ACWI,iShares,826,CW,CURTISS WRIGHT,0.0192693942998226,11698,6437058.46
2026-09-22,2026-09-23T23:38:25.440000Z,ACWI,iShares,827,AMCR,AMCOR PLC,0.0192531960019635,148743,6431647.32
2026-09-22,2026-09-23T23:38:25.440000Z,ACWI,iShares,828,STE,STERIS,0.0191504536142972,30640,6397325.6
2026-09-22,2026-09-23T23:38:25.440000Z,ACWI,iShares,829,FMG.AX,FORTESCUE LTD,0.0191221994666695,536720,6387887.13
2026-09-22,2026-09-23T23:38:25.440000Z,ACWI,iShares,830,4661.T,ORIENTAL LAND,0.0191035380195614,330700,6381653.16
2026-09-22,2026-09-23T23:38:25.440000Z,ACWI,iShares,831,16.HK,SUN HUNG KAI PROPERTIES LTD,0.0190499688714672,455000,6363758.06
2026-09-22,2026-09-23T23:38:25.440000Z,ACWI,iShares,832,SAAB-B.ST,SAAB CLASS B,0.0190199472362143,101952,6353729.15
2026-09-22,2026-09-23T23:38:25.440000Z,ACWI,iShares,833,EFX,EQUIFAX,0.0190010615752603,39726,6347420.28
2026-09-22,2026-09-23T23:38:25.440000Z,ACWI,iShares,834,BAER.SW,JULIUS BAER GRUPPE AG,0.0189974151516592,72638,6346202.17
2026-09-22,2026-09-23T23:38:25.440000Z,ACWI,iShares,835,SCMN.SW,SWISSCOM AG,0.0189820944010484,7996,6341084.18
2026-09-22,2026-09-23T23:38:25.440000Z,ACWI,iShares,836,STO.AX,SANTOS,0.0189679903922236,1045435,6336372.65
2026-09-22,2026-09-23T23:38:25.440000Z,ACWI,iShares,837,CAP.PA,CAPGEMINI,0.0189461952497855,52034,6329091.85
2026-09-22,2026-09-23T23:38:25.440000Z,ACWI,iShares,838,EAND,EMIRATES TELECOM,0.0189449955410674,1080127,6328691.08
2026-09-22,2026-09-23T23:38:25.440000Z,ACWI,iShares,839,ROIV,ROIVANT SCIENCES LTD,0.0189223594619996,165388,6321129.36
2026-09-22,2026-09-23T23:38:25.440000Z,ACWI,iShares,840,1088.HK,CHINA SHENHUA ENERGY LTD H,0.0189221052831258,1093000,6321044.45
2026-09-22,2026-09-23T23:38:25.440000Z,ACWI,iShares,841,EMIRATESNBD,EMIRATES NBD,0.0188896069080917,743309,6310188.17
2026-09-22,2026-09-23T23:38:25.440000Z,ACWI,iShares,842,DOW,DOW,0.0188704832631492,223539,6303799.8
2026-09-22,2026-09-23T23:38:25.440000Z,ACWI,iShares,843,BBY,BEST BUY,0.0188305313493341,66341,6290453.62
2026-09-22,2026-09-23T23:38:25.440000Z,ACWI,iShares,844,UTHR,UNITED THERAPEUTICS,0.0187816134860395,12609,6274112.31
2026-09-22,2026-09-23T23:38:25.440000Z,ACWI,iShares,845,BR,BROADRIDGE FINANCIAL SOLUTIONS INC,0.0187714804870282,38466,6270727.32
2026-09-22,2026-09-23T23:38:25.440000Z,ACWI,iShares,846,MRK.DE,MERCK,0.0187262608949157,41059,6255621.44
2026-09-22,2026-09-23T23:38:25.440000Z,ACWI,iShares,847,BBD.B,BOMBARDIER CLASS B,0.0186751812389523,28080,6238557.97
2026-09-22,2026-09-23T23:38:25.440000Z,ACWI,iShares,848,FTAI,FTAI AVIATION,0.0186447889473791,32826,6228405.24
2026-09-22,2026-09-23T23:38:25.440000Z,ACWI,iShares,849,QNBK,QATAR NATIONAL BANK,0.0185626137945753,1402340,6200954.13
2026-09-22,2026-09-23T23:38:25.440000Z,ACWI,iShares,850,BAMI.MI,BANCO BPM,0.0185490368828663,336561,6196418.68
2026-09-22,2026-09-23T23:38:25.440000Z,ACWI,iShares,851,KNEBV.HE,KONE,0.018508512280789,103119,6182881.19
2026-09-22,2026-09-23T23:38:25.440000Z,ACWI,iShares,852,CDW,CDW,0.018447281185797,41799,6162426.57
2026-09-22,2026-09-23T23:38:25.440000Z,ACWI,iShares,853,6920.T,LASERTEC,0.0183773776549114,24700,6139074.87
2026-09-22,2026-09-23T23:38:25.440000Z,ACWI,iShares,854,2890.TW,SINOPAC FINANCIAL HOLDINGS,0.0182991468098181,4263440,6112941.38
2026-09-22,2026-09-23T23:38:25.440000Z,ACWI,iShares,855,KER.PA,KERING SA,0.0182711661491992,22992,6103594.27
2026-09-22,2026-09-23T23:38:25.440000Z,ACWI,iShares,856,TCS,TATA CONSULTANCY SERVICES LTD,0.0182591714568253,277035,6099587.37
2026-09-22,2026-09-23T23:38:25.440000Z,ACWI,iShares,857,7832.T,BANDAI NAMCO HOLDINGS INC,0.0182448010256738,171600,6094786.84
2026-09-22,2026-09-23T23:38:25.440000Z,ACWI,iShares,858,AMRZ,AMRIZE AG,0.0182383115764947,156221,6092619
2026-09-22,2026-09-23T23:38:25.440000Z,ACWI,iShares,859,IMO.TO,IMPERIAL OIL LTD,0.0182352972623152,49038,6091612.05
2026-09-22,2026-09-23T23:38:25.440000Z,ACWI,iShares,860,EVN.AX,EVOLUTION MINING,0.0182119391787417,627261,6083809.14
2026-09-22,2026-09-23T23:38:25.440000Z,ACWI,iShares,861,4452.T,KAO,0.0181914460332342,274800,6076963.28
2026-09-22,2026-09-23T23:38:25.440000Z,ACWI,iShares,862,FWONK,LIBERTY MEDIA SERIES C,0.0181866494734287,64208,6075360.96
2026-09-22,2026-09-23T23:38:25.440000Z,ACWI,iShares,863,2883.TW,KGI FINANCIAL HOLDING,0.0181748835749699,4891750,6071430.49
2026-09-22,2026-09-23T23:38:25.440000Z,ACWI,iShares,864,ZBH,ZIMMER BIOMET HOLDINGS,0.018165478298067,64570,6068288.6
2026-09-22,2026-09-23T23:38:25.440000Z,ACWI,iShares,865,GPN,GLOBAL PAYMENTS INC,0.0181375897477289,71467,6058972.26
2026-09-22,2026-09-23T23:38:25.440000Z,ACWI,iShares,866,CRS,CARPENTER TECHNOLOGY,0.0181295986944198,15140,6056302.8
2026-09-22,2026-09-23T23:38:25.440000Z,ACWI,iShares,867,4543.T,TERUMO,0.0181038077259762,425000,6047687.17
2026-09-22,2026-09-23T23:38:25.440000Z,ACWI,iShares,868,NI,NISOURCE,0.0181030770402936,151641,6047443.08
2026-09-22,2026-09-23T23:38:25.440000Z,ACWI,iShares,869,BBCA,BANK CENTRAL ASIA,0.0180702706331536,17384100,6036483.9
2026-09-22,2026-09-23T23:38:25.440000Z,ACWI,iShares,870,HBAN.SW,HELVETIA BALOISE HOLDING N AG,0.0180547796716046,22546,6031309.05
2026-09-22,2026-09-23T23:38:25.440000Z,ACWI,iShares,871,7269.T,SUZUKI MOTOR,0.0179876647143629,466000,6008888.89
2026-09-22,2026-09-23T23:38:25.440000Z,ACWI,iShares,872,PHIA.AS,KONINKLIJKE PHILIPS,0.0179729467367828,240141,6003972.26
2026-09-22,2026-09-23T23:38:25.440000Z,ACWI,iShares,873,SBIN,STATE BANK OF INDIA,0.0179510426306065,580869,5996655.06
2026-09-22,2026-09-23T23:38:25.440000Z,ACWI,iShares,874,1801.HK,INNOVENT BIOLOGICS,0.0179235195278825,455500,5987460.8
2026-09-22,2026-09-23T23:38:25.440000Z,ACWI,iShares,875,TITAN,TITAN COMPANY LTD,0.0179211028378977,116133,5986653.49
2026-09-22,2026-09-23T23:38:25.440000Z,ACWI,iShares,876,7013.T,IHI,0.0179059439463342,329800,5981589.57
2026-09-22,2026-09-23T23:38:25.440000Z,ACWI,iShares,877,AENA.MC,AENA SME SA,0.017903694683324,199651,5980838.19
2026-09-22,2026-09-23T23:38:25.440000Z,ACWI,iShares,878,EVRG,EVERGY,0.0179001473448803,75434,5979653.18
2026-09-22,2026-09-23T23:38:25.440000Z,ACWI,iShares,879,SNA,SNAP ON INC,0.0178189179314664,16010,5952518
2026-09-22,2026-09-23T23:38:25.440000Z,ACWI,iShares,880,DD,DUPONT DE NEMOURS,0.0178038216641173,45125,5947475
2026-09-22,2026-09-23T23:38:25.440000Z,ACWI,iShares,881,2412.TW,CHUNGHWA TELECOM LTD,0.0177267198509878,1293140,5921718.67
2026-09-22,2026-09-23T23:38:25.440000Z,ACWI,iShares,882,RYA,RYANAIR HOLDINGS PLC,0.0177165453918729,220470,5918319.83
2026-09-22,2026-09-23T23:38:25.440000Z,ACWI,iShares,883,BXB.AX,BRAMBLES,0.0176889907974311,447351,5909115.05
2026-09-22,2026-09-23T23:38:25.440000Z,ACWI,iShares,884,KEY,KEYCORP,0.0176535548019256,287953,5897277.44
2026-09-22,2026-09-23T23:38:25.440000Z,ACWI,iShares,885,GPC,GENUINE PARTS,0.0176476601031722,45492,5895308.28
2026-09-22,2026-09-23T23:38:25.440000Z,ACWI,iShares,886,8267.T,AEON,0.0173979400614517,695900,5811887.78
2026-09-22,2026-09-23T23:38:25.440000Z,ACWI,iShares,887,GWO.TO,GREAT WEST LIFECO INC,0.017385401478375,88061,5807699.19
2026-09-22,2026-09-23T23:38:25.440000Z,ACWI,iShares,888,SBAC,SBA COMMUNICATIONS REIT CORP CLASS,0.017342598157156,32947,5793400.48
2026-09-22,2026-09-23T23:38:25.440000Z,ACWI,iShares,889,CF,CF INDUSTRIES HOLDINGS INC,0.0172938178755484,47907,5777105.13
2026-09-22,2026-09-23T23:38:25.440000Z,ACWI,iShares,890,SGSN.SW,SGS SA,0.017251874469808,49580,5763093.68
2026-09-22,2026-09-23T23:38:25.440000Z,ACWI,iShares,891,JBHT,JB HUNT TRANSPORT SERVICES,0.0172377626778591,24255,5758379.55
2026-09-22,2026-09-23T23:38:25.440000Z,ACWI,iShares,892,WRT1V.HE,WARTSILA,0.0172163748023599,167932,5751234.8
2026-09-22,2026-09-23T23:38:25.440000Z,ACWI,iShares,893,GIS,GENERAL MILLS INC,0.0172127546019001,162201,5750025.45
2026-09-22,2026-09-23T23:38:25.440000Z,ACWI,iShares,894,WKL.AS,WOLTERS KLUWER,0.0171975916990342,75138,5744960.19
2026-09-22,2026-09-23T23:38:25.440000Z,ACWI,iShares,895,FIS,FIDELITY NATIONAL INFORMATION SERV,0.0171956530126128,164311,5744312.56
2026-09-22,2026-09-23T23:38:25.440000Z,ACWI,iShares,896,RDDT,REDDIT CLASS A,0.0171380669642077,36777,5725075.59
2026-09-22,2026-09-23T23:38:25.440000Z,ACWI,iShares,897,VOW3.DE,VOLKSWAGEN NON-VOTING PREF AG,0.0170828957198766,66302,5706645.3
2026-09-22,2026-09-23T23:38:25.440000Z,ACWI,iShares,898,DSFIR.AS,DSM FIRMENICH AG,0.0170814714680267,51347,5706169.52
2026-09-22,2026-09-23T23:38:25.440000Z,ACWI,iShares,899,066570.KS,LG ELECTRONICS INC,0.01704982618327,35731,5695598.22
2026-09-22,2026-09-23T23:38:25.440000Z,ACWI,iShares,900,WSP.TO,WSP GLOBAL INC,0.0170050980355776,41618,5680656.51
2026-09-22,2026-09-23T23:38:25.440000Z,ACWI,iShares,901,TSCO,TRACTOR SUPPLY,0.0170010874815064,172939,5679316.76
2026-09-22,2026-09-23T23:38:25.440000Z,ACWI,iShares,902,BRO,BROWN & BROWN INC,0.0169664360548507,90771,5667741.24
2026-09-22,2026-09-23T23:38:25.440000Z,ACWI,iShares,903,3008.TW,LARGAN PRECISION LTD,0.0169547737617484,28000,5663845.38
2026-09-22,2026-09-23T23:38:25.440000Z,ACWI,iShares,904,KRZ,KERRY GROUP PLC,0.0169350348309065,57927,5657251.47
2026-09-22,2026-09-23T23:38:25.440000Z,ACWI,iShares,905,CHRW,CH ROBINSON WORLDWIDE,0.0168969947816696,37741,5644543.96
2026-09-22,2026-09-23T23:38:25.440000Z,ACWI,iShares,906,AMXB,AMERICA MOVIL B,0.0168017622107589,5026677,5612730.94
2026-09-22,2026-09-23T23:38:25.440000Z,ACWI,iShares,907,SUNPHARMA,SUN PHARMACEUTICAL INDUSTRIES LTD,0.0167633651256691,289962,5599904.16
2026-09-22,2026-09-23T23:38:25.440000Z,ACWI,iShares,908,FTV,FORTIVE,0.0167567238456988,100048,5597685.6
2026-09-22,2026-09-23T23:38:25.440000Z,ACWI,iShares,909,2301.TW,LITE ON TECHNOLOGY,0.0167565709971145,623000,5597634.54
2026-09-22,2026-09-23T23:38:25.440000Z,ACWI,iShares,910,IP,INTERNATIONAL PAPER,0.0167330985614861,156533,5589793.43
2026-09-22,2026-09-23T23:38:25.440000Z,ACWI,iShares,911,MG.TO,MAGNA INTERNATIONAL,0.0167057275589691,87330,5580649.98
2026-09-22,2026-09-23T23:38:25.440000Z,ACWI,iShares,912,J,JACOBS SOLUTIONS INC,0.0166938158466728,38965,5576670.8
2026-09-22,2026-09-23T23:38:25.440000Z,ACWI,iShares,913,7936.T,ASICS,0.0166931553887182,215700,5576450.17
2026-09-22,2026-09-23T23:38:25.440000Z,ACWI,iShares,914,TRN.MI,TERNA RETE ELETTRICA NAZIONALE,0.0166493952521248,521756,5561831.83
2026-09-22,2026-09-23T23:38:25.440000Z,ACWI,iShares,915,ALFA.ST,ALFA LAVAL,0.0166446930177971,96992,5560261.02
2026-09-22,2026-09-23T23:38:25.440000Z,ACWI,iShares,916,9022.T,CENTRAL JAPAN RAILWAY,0.016599373023383,228600,5545121.6
2026-09-22,2026-09-23T23:38:25.440000Z,ACWI,iShares,917,IEX,IDEX,0.016470577016768,24379,5502096.51
2026-09-22,2026-09-23T23:38:25.440000Z,ACWI,iShares,918,9735.T,SECOM,0.0164640327264987,134400,5499910.35
2026-09-22,2026-09-23T23:38:25.440000Z,ACWI,iShares,919,PTC,PTC,0.0164526862785616,39258,5496120
2026-09-22,2026-09-23T23:38:25.440000Z,ACWI,iShares,920,ESS,ESSEX PROPERTY TRUST REIT,0.0164507547466274,20001,5495474.76
2026-09-22,2026-09-23T23:38:25.440000Z,ACWI,iShares,921,PFCIBEST,GRUPO CIBEST PREF SA,0.0163978658136492,224560,5477806.89
2026-09-22,2026-09-23T23:38:25.440000Z,ACWI,iShares,922,LOGN.SW,LOGITECH INTERNATIONAL,0.0163875501207659,52279,5474360.87
2026-09-22,2026-09-23T23:38:25.440000Z,ACWI,iShares,923,SSNC,SS AND C TECHNOLOGIES HOLDINGS,0.0163440371582346,68885,5459825.1
2026-09-22,2026-09-23T23:38:25.440000Z,ACWI,iShares,924,ETERNAL,ETERNAL,0.0163290508724168,1524897,5454818.84
2026-09-22,2026-09-23T23:38:25.440000Z,ACWI,iShares,925,HEI-A,HEICO CLASS A,0.0162924727034417,23744,5442599.68
2026-09-22,2026-09-23T23:38:25.440000Z,ACWI,iShares,926,ASTS,AST SPACEMOBILE CLASS A,0.0162761638552845,85369,5437151.61
2026-09-22,2026-09-23T23:38:25.440000Z,ACWI,iShares,927,IREN,IREN,0.0162654433202049,111917,5433570.35
2026-09-22,2026-09-23T23:38:25.440000Z,ACWI,iShares,928,2344.TW,WINBOND ELECTRONICS,0.0162471430998627,1005000,5427457.05
2026-09-22,2026-09-23T23:38:25.440000Z,ACWI,iShares,929,EPI-A.ST,EPIROC CLASS A,0.0161976906257441,201855,5410937.15
2026-09-22,2026-09-23T23:38:25.440000Z,ACWI,iShares,930,UMG.AS,UNIVERSAL MUSIC GROUP,0.0161964637359616,325091,5410527.3
2026-09-22,2026-09-23T23:38:25.440000Z,ACWI,iShares,931,9101.T,NIPPON YUSEN,0.0161522357138662,113300,5395752.66
2026-09-22,2026-09-23T23:38:25.440000Z,ACWI,iShares,932,EDP,EDP ENERGIAS DE PORTUGAL,0.0161497203278801,971123,5394912.38
2026-09-22,2026-09-23T23:38:25.440000Z,ACWI,iShares,933,NDSN,NORDSON,0.0161061749157081,16831,5380365.77
2026-09-22,2026-09-23T23:38:25.440000Z,ACWI,iShares,934,PGHN.SW,PARTNERS GROUP HOLDING AG,0.0160802406779099,7094,5371702.28
2026-09-22,2026-09-23T23:38:25.440000Z,ACWI,iShares,935,HNR1.DE,HANNOVER RUECK,0.0160786915667875,18583,5371184.79
2026-09-22,2026-09-23T23:38:25.440000Z,ACWI,iShares,936,KPN.AS,KONINKLIJKE KPN NV,0.016043288469949,1176521,5359358.17
2026-09-22,2026-09-23T23:38:25.440000Z,ACWI,iShares,937,ITSA4,ITAUSA INVESTIMENTOS ITAU PREF SA,0.0160410868935417,1905050,5358622.72
2026-09-22,2026-09-23T23:38:25.440000Z,ACWI,iShares,938,032830.KS,SAMSUNG LIFE LTD,0.0160201852836916,24978,5351640.41
2026-09-22,2026-09-23T23:38:25.440000Z,ACWI,iShares,939,3653.TW,JENTECH PRECISION INDUSTRIAL LTD,0.0159838496488391,29000,5339502.27
2026-09-22,2026-09-23T23:38:25.440000Z,ACWI,iShares,940,FCNCA,FIRST CITIZENS BANCSHARES CLASS A,0.0159779570455423,2581,5337533.81
2026-09-22,2026-09-23T23:38:25.440000Z,ACWI,iShares,941,BT.A,BT GROUP PLC,0.0159734587290674,2088313,5336031.12
2026-09-22,2026-09-23T23:38:25.440000Z,ACWI,iShares,942,3231.TW,WISTRON,0.0159381869275464,934000,5324248.36
2026-09-22,2026-09-23T23:38:25.440000Z,ACWI,iShares,943,2892.TW,FIRST FINANCIAL HOLDING LTD,0.0158496280563116,4201761,5294664.73
2026-09-22,2026-09-23T23:38:25.440000Z,ACWI,iShares,944,WEGE3,WEG,0.0158429701922999,522322,5292440.63
2026-09-22,2026-09-23T23:38:25.440000Z,ACWI,iShares,945,MARUTI,MARUTI SUZUKI INDIA LTD,0.0158133341210435,41431,5282540.52
2026-09-22,2026-09-23T23:38:25.440000Z,ACWI,iShares,946,AXIA3,AXIA ENERGIA SA,0.0157718577626226,482271,5268685.09
2026-09-22,2026-09-23T23:38:25.440000Z,ACWI,iShares,947,S32.AX,SOUTH32,0.0157433672475014,1516710,5259167.66
2026-09-22,2026-09-23T23:38:25.440000Z,ACWI,iShares,948,2.HK,CLP HOLDINGS,0.0157028996418409,528500,5245649.21
2026-09-22,2026-09-23T23:38:25.440000Z,ACWI,iShares,949,BAM.TO,BROOKFIELD ASSET MANAGEMENT VOTING,0.0156866896992307,113746,5240234.18
2026-09-22,2026-09-23T23:38:25.440000Z,ACWI,iShares,950,316140.KS,WOORI FINANCIAL GROUP INC,0.0156781070686157,198976,5237367.1
2026-09-22,2026-09-23T23:38:25.440000Z,ACWI,iShares,951,BURL,BURLINGTON STORES,0.0156621438809762,20370,5232034.5
2026-09-22,2026-09-23T23:38:25.440000Z,ACWI,iShares,952,LUN.TO,LUNDIN MINING,0.0156389463093709,205171,5224285.21
2026-09-22,2026-09-23T23:38:25.440000Z,ACWI,iShares,953,STZ,CONSTELLATION BRANDS CLASS A,0.0156298040421942,44402,5221231.18
2026-09-22,2026-09-23T23:38:25.440000Z,ACWI,iShares,954,012330.KS,HYUNDAI MOBIS LTD,0.015585864145368,18984,5206552.79
2026-09-22,2026-09-23T23:38:25.440000Z,ACWI,iShares,955,LEN,LENNAR A CLASS A,0.015575610747413,62643,5203127.58
2026-09-22,2026-09-23T23:38:25.440000Z,ACWI,iShares,956,LNT,ALLIANT ENERGY CORP,0.0155357925237228,80313,5189826.06
2026-09-22,2026-09-23T23:38:25.440000Z,ACWI,iShares,957,NESTE.HE,NESTE,0.0155001749718789,132199,5177927.8
2026-09-22,2026-09-23T23:38:25.440000Z,ACWI,iShares,958,L,LOEWS,0.0154475821269045,48724,5160358.84
2026-09-22,2026-09-23T23:38:25.440000Z,ACWI,iShares,959,5801.T,FURUKAWA ELECTRIC LTD,0.0154291645310631,207800,5154206.33
2026-09-22,2026-09-23T23:38:25.440000Z,ACWI,iShares,960,8601.T,DAIWA SECURITIES GROUP INC,0.0153643341901764,437400,5132549.36
2026-09-22,2026-09-23T23:38:25.440000Z,ACWI,iShares,961,BESI.AS,BE SEMICONDUCTOR INDUSTRIES NV,0.0153359209075948,23331,5123057.73
2026-09-22,2026-09-23T23:38:25.440000Z,ACWI,iShares,962,1925.T,DAIWA HOUSE INDUSTRY,0.0152862564630833,176200,5106467.02
2026-09-22,2026-09-23T23:38:25.440000Z,ACWI,iShares,963,HINDUNILVR,HINDUSTAN UNILEVER LTD,0.0152762320685891,252296,5103118.31
2026-09-22,2026-09-23T23:38:25.440000Z,ACWI,iShares,964,PEO,BANK PEKAO SA,0.0152351453752724,68394,5089393.05
2026-09-22,2026-09-23T23:38:25.440000Z,ACWI,iShares,965,INVH,INVITATION HOMES,0.0152192464582774,187328,5084081.92
2026-09-22,2026-09-23T23:38:25.440000Z,ACWI,iShares,966,6326.T,KUBOTA,0.0152184016600206,290800,5083799.71
2026-09-22,2026-09-23T23:38:25.440000Z,ACWI,iShares,967,BPAC11,BCO BTG PACTUAL UNT SA,0.0152135761529804,406277,5082187.72
2026-09-22,2026-09-23T23:38:25.440000Z,ACWI,iShares,968,SHFL,SHRIRAM FINANCE LTD,0.0151937331378204,482361,5075559.04
2026-09-22,2026-09-23T23:38:25.440000Z,ACWI,iShares,969,9503.T,KANSAI ELECTRIC POWER,0.0151749022880216,274400,5069268.48
2026-09-22,2026-09-23T23:38:25.440000Z,ACWI,iShares,970,BG,BAWAG GROUP AG,0.015172827905824,24650,5068575.52
2026-09-22,2026-09-23T23:38:25.440000Z,ACWI,iShares,971,005490.KS,POSCO,0.0151683994279209,21676,5067096.16
2026-09-22,2026-09-23T23:38:25.440000Z,ACWI,iShares,972,WCP.TO,WHITECAP RESOURCES INC,0.0151424162462458,392383,5058416.32
2026-09-22,2026-09-23T23:38:25.440000Z,ACWI,iShares,973,RBA.TO,RB GLOBAL,0.0151335702466835,60591,5055461.26
2026-09-22,2026-09-23T23:38:25.440000Z,ACWI,iShares,974,7769.TW,HONPRECISION INC,0.0151292095717657,26000,5054004.55
2026-09-22,2026-09-23T23:38:25.440000Z,ACWI,iShares,975,PST.MI,POSTE ITALIANE,0.0151094149317159,172241,5047392.03
2026-09-22,2026-09-23T23:38:25.440000Z,ACWI,iShares,976,BALL,BALL CORP,0.0150756142005302,83977,5036100.69
2026-09-22,2026-09-23T23:38:25.440000Z,ACWI,iShares,977,TOU.TO,TOURMALINE OIL CORP,0.0150711085200224,118184,5034595.54
2026-09-22,2026-09-23T23:38:25.440000Z,ACWI,iShares,978,WRB,WR BERKLEY,0.0150512046168835,73756,5027946.52
2026-09-22,2026-09-23T23:38:25.440000Z,ACWI,iShares,979,FPH.NZ,FISHER AND PAYKEL HEALTHCARE CORPO,0.0150354472030726,195167,5022682.66
2026-09-22,2026-09-23T23:38:25.440000Z,ACWI,iShares,980,CRCL,CIRCLE INTERNET GROUP INC CLASS A,0.0150007577289138,52977,5011094.43
2026-09-22,2026-09-23T23:38:25.440000Z,ACWI,iShares,981,DSY.PA,DASSAULT SYSTEMES,0.014955682094663,208113,4996036.64
2026-09-22,2026-09-23T23:38:25.440000Z,ACWI,iShares,982,SGRO.L,SEGRO REIT PLC,0.0149078691655824,393189,4980064.44
2026-09-22,2026-09-23T23:38:25.440000Z,ACWI,iShares,983,CPU.AX,COMPUTERSHARE LTD,0.0148799575951578,167801,4970740.41
2026-09-22,2026-09-23T23:38:25.440000Z,ACWI,iShares,984,UPM.HE,UPM-KYMMENE,0.014750981199673,165569,4927655.06
2026-09-22,2026-09-23T23:38:25.440000Z,ACWI,iShares,985,BOL.ST,BOLIDEN,0.0147328522978676,89894,4921598.99
2026-09-22,2026-09-23T23:38:25.440000Z,ACWI,iShares,986,9104.T,MITSUI OSK LINES LTD,0.0147173878588109,106800,4916433
2026-09-22,2026-09-23T23:38:25.440000Z,ACWI,iShares,987,LDOS,LEIDOS HOLDINGS,0.0146762249806828,39759,4902682.29
2026-09-22,2026-09-23T23:38:25.440000Z,ACWI,iShares,988,4004.T,RESONAC HOLDINGS,0.0146252938027801,55300,4885668.42
2026-09-22,2026-09-23T23:38:25.440000Z,ACWI,iShares,989,TEF.MC,TELEFONICA SA,0.0145754645955173,1224873,4869022.67
2026-09-22,2026-09-23T23:38:25.440000Z,ACWI,iShares,990,CIMB,CIMB GROUP HOLDINGS,0.0145524357380955,2508200,4861329.74
2026-09-22,2026-09-23T23:38:25.440000Z,ACWI,iShares,991,MAYBANK,MALAYAN BANKING,0.0145480850016286,1897400,4859876.35
2026-09-22,2026-09-23T23:38:25.440000Z,ACWI,iShares,992,CEMEXCPO,CEMEX CPO,0.0145183757989404,4722412,4849951.81
2026-09-22,2026-09-23T23:38:25.440000Z,ACWI,iShares,993,KIM,KIMCO REALTY REIT CORP,0.0144995781770946,214797,4843672.35
2026-09-22,2026-09-23T23:38:25.440000Z,ACWI,iShares,994,ESSITY-B.ST,ESSITY CLASS B,0.0144940335393177,179604,4841820.13
2026-09-22,2026-09-23T23:38:25.440000Z,ACWI,iShares,995,2328.HK,PICC PROPERTY AND CASUALTY LTD H,0.0144438941446222,2242000,4825070.76
2026-09-22,2026-09-23T23:38:25.440000Z,ACWI,iShares,996,KOG.OL,KONGSBERG GRUPPEN,0.0144310214559737,141822,4820770.56
2026-09-22,2026-09-23T23:38:25.440000Z,ACWI,iShares,997,BG,BUNGE GLOBAL SA,0.0143815670061388,43675,4804250
2026-09-22,2026-09-23T23:38:25.440000Z,ACWI,iShares,998,PBBANK,PUBLIC BANK,0.0143792807433537,4045250,4803486.26
2026-09-22,2026-09-23T23:38:25.440000Z,ACWI,iShares,999,AGI.TO,ALAMOS GOLD CLASS A,0.0143737656215783,132278,4801643.9
2026-09-22,2026-09-23T23:38:25.440000Z,ACWI,iShares,1000,2502.T,ASAHI GROUP HOLDINGS,0.0143659514846683,468800,4799033.54
2026-09-22,2026-09-23T23:38:25.440000Z,ACWI,iShares,1001,WY,WEYERHAEUSER REIT,0.0143371702698599,222350,4789419
2026-09-22,2026-09-23T23:38:25.440000Z,ACWI,iShares,1002,SPSN.SW,SWISS PRIME SITE AG,0.0143323711057014,31193,4787815.81
2026-09-22,2026-09-23T23:38:25.440000Z,ACWI,iShares,1003,CLNX.MC,CELLNEX TELECOM,0.0143113677764055,164947,4780799.52
2026-09-22,2026-09-23T23:38:25.440000Z,ACWI,iShares,1004,SY1.DE,SYMRISE AG,0.0142625839325219,44581,4764502.98
2026-09-22,2026-09-23T23:38:25.440000Z,ACWI,iShares,1005,ELE.MC,ENDESA SA,0.0142587671782421,97534,4763227.97
2026-09-22,2026-09-23T23:38:25.440000Z,ACWI,iShares,1006,KGH,KGHM POLSKA MIEDZ SA,0.0142080451268985,52000,4746283.96
2026-09-22,2026-09-23T23:38:25.440000Z,ACWI,iShares,1007,VNA.DE,VONOVIA SE,0.0142019608192667,238697,4744251.46
2026-09-22,2026-09-23T23:38:25.440000Z,ACWI,iShares,1008,HLMA.L,HALMA PLC,0.0141997781618381,99222,4743522.33
2026-09-22,2026-09-23T23:38:25.440000Z,ACWI,iShares,1009,S68.SI,SINGAPORE EXCHANGE,0.0141767230513399,263100,4735820.63
2026-09-22,2026-09-23T23:38:25.440000Z,ACWI,iShares,1010,SOON.SW,SONOVA HOLDING AG,0.0141483073140807,16193,4726328.18
2026-09-22,2026-09-23T23:38:25.440000Z,ACWI,iShares,1011,EG,EVEREST GROUP,0.0140930027687809,12691,4707853.36
2026-09-22,2026-09-23T23:38:25.440000Z,ACWI,iShares,1012,ABEV3,AMBEV SA,0.0140896888941268,1542440,4706746.34
2026-09-22,2026-09-23T23:38:25.440000Z,ACWI,iShares,1013,BEL,BHARAT ELECTRONICS LTD,0.0140489834242182,1127656,4693148.43
2026-09-22,2026-09-23T23:38:25.440000Z,ACWI,iShares,1014,PTT.R,PTT NON-VOTING DR,0.0140210146478311,3697000,4683805.29
2026-09-22,2026-09-23T23:38:25.440000Z,ACWI,iShares,1015,9987.HK,YUM CHINA HOLDINGS INC,0.0140196771478804,113515,4683358.49
2026-09-22,2026-09-23T23:38:25.440000Z,ACWI,iShares,1016,5713.T,SUMITOMO METAL MINING,0.0140111271165815,76600,4680502.3
2026-09-22,2026-09-23T23:38:25.440000Z,ACWI,iShares,1017,LYB,LYONDELLBASELL INDUSTRIES CLASS A,0.0139593177927287,78717,4663195.08
2026-09-22,2026-09-23T23:38:25.440000Z,ACWI,iShares,1018,NVR,NVR,0.0139091264606471,733,4646428.36
2026-09-22,2026-09-23T23:38:25.440000Z,ACWI,iShares,1019,NTPC,NTPC LTD,0.0138966587339353,1353964,4642263.44
2026-09-22,2026-09-23T23:38:25.440000Z,ACWI,iShares,1020,034730.KS,SK INC,0.0138940707553489,10721,4641398.91
2026-09-22,2026-09-23T23:38:25.440000Z,ACWI,iShares,1021,000810.KS,SAMSUNG FIRE & MARINE INSURANCE LT,0.0138618082089767,9602,4630621.41
2026-09-22,2026-09-23T23:38:25.440000Z,ACWI,iShares,1022,8697.T,JAPAN EXCHANGE GROUP,0.0138371334004069,325200,4622378.64
2026-09-22,2026-09-23T23:38:25.440000Z,ACWI,iShares,1023,EMA.TO,EMERA INC,0.013823406992844,94751,4617793.25
2026-09-22,2026-09-23T23:38:25.440000Z,ACWI,iShares,1024,NLY,ANNALY CAPITAL MANAGEMENT REIT,0.0138218571632793,215358,4617275.52
2026-09-22,2026-09-23T23:38:25.440000Z,ACWI,iShares,1025,4507.T,SHIONOGI,0.0138168825794764,245700,4615613.73
2026-09-22,2026-09-23T23:38:25.440000Z,ACWI,iShares,1026,TRU,TRANSUNION,0.0138064046383896,64173,4612113.51
2026-09-22,2026-09-23T23:38:25.440000Z,ACWI,iShares,1027,7733.T,OLYMPUS,0.0137689816711577,360800,4599612.14
2026-09-22,2026-09-23T23:38:25.440000Z,ACWI,iShares,1028,DKK,DKK CASH,0.0137585885361891,30027503,4596140.25
2026-09-22,2026-09-23T23:38:25.440000Z,ACWI,iShares,1029,BN4.SI,KEPPEL,0.0137387185794456,527400,4589502.57
2026-09-22,2026-09-23T23:38:25.440000Z,ACWI,iShares,1030,GIB.A,CGI INC CLASS A,0.0137360333118072,65970,4588605.54
2026-09-22,2026-09-23T23:38:25.440000Z,ACWI,iShares,1031,KRX,KINGSPAN GROUP PLC,0.0137293988570381,40324,4586389.26
2026-09-22,2026-09-23T23:38:25.440000Z,ACWI,iShares,1032,SUN.AX,SUNCORP GROUP,0.013706045084118,332322,4578587.79
2026-09-22,2026-09-23T23:38:25.440000Z,ACWI,iShares,1033,1928.T,SEKISUI HOUSE,0.0137025734515243,214900,4577428.07
2026-09-22,2026-09-23T23:38:25.440000Z,ACWI,iShares,1034,ETE,NATIONAL BANK OF GREECE,0.0136583919784984,229495,4562668.98
2026-09-22,2026-09-23T23:38:25.440000Z,ACWI,iShares,1035,SRG.MI,SNAM,0.0136532932538653,704238,4560965.72
2026-09-22,2026-09-23T23:38:25.440000Z,ACWI,iShares,1036,6988.T,NITTO DENKO,0.0136532231458777,212100,4560942.3
2026-09-22,2026-09-23T23:38:25.440000Z,ACWI,iShares,1037,TSN,TYSON FOODS INC CLASS A,0.0136457622430639,87967,4558449.94
2026-09-22,2026-09-23T23:38:25.440000Z,ACWI,iShares,1038,DSCT.TA,ISRAEL DISCOUNT BANK LTD,0.0136350745767162,385178,4554879.66
2026-09-22,2026-09-23T23:38:25.440000Z,ACWI,iShares,1039,6594.T,NIDEC,0.0136226056825358,250600,4550714.35
2026-09-22,2026-09-23T23:38:25.440000Z,ACWI,iShares,1040,FBK.MI,FINECOBANK BANCA FINECO,0.0136073436346422,176952,4545615.97
2026-09-22,2026-09-23T23:38:25.440000Z,ACWI,iShares,1041,PNFP,PINNACLE FINANCIAL PARTNERS,0.0136048207948179,48042,4544773.2
2026-09-22,2026-09-23T23:38:25.440000Z,ACWI,iShares,1042,FN,Fabrinet,0.0135878853153611,11241,4539115.8
2026-09-22,2026-09-23T23:38:25.440000Z,ACWI,iShares,1043,WPC,W. P. CAREY REIT,0.0135461545685207,67651,4525175.39
2026-09-22,2026-09-23T23:38:25.440000Z,ACWI,iShares,1044,MTZ,"MasTec, Inc.",0.0134664017634342,20292,4498533.48
2026-09-22,2026-09-23T23:38:25.440000Z,ACWI,iShares,1045,KNIN.SW,KUEHNE UND NAGEL INTERNATIONAL AG,0.0134507893851484,15954,4493318.07
2026-09-22,2026-09-23T23:38:25.440000Z,ACWI,iShares,1046,RI.PA,PERNOD RICARD SA,0.0134150528413102,64585,4481380.06
2026-09-22,2026-09-23T23:38:25.440000Z,ACWI,iShares,1047,TOST,TOAST CLASS A,0.0133933368472577,150898,4474125.7
2026-09-22,2026-09-23T23:38:25.440000Z,ACWI,iShares,1048,RIVN,RIVIAN AUTOMOTIVE INC CLASS A,0.0133549543704932,294670,4461303.8
2026-09-22,2026-09-23T23:38:25.440000Z,ACWI,iShares,1049,GEN,GEN DIGITAL,0.0133338283073164,163219,4454246.51
2026-09-22,2026-09-23T23:38:25.440000Z,ACWI,iShares,1050,9532.T,OSAKA GAS,0.0133276477284259,115300,4452181.85
2026-09-22,2026-09-23T23:38:25.440000Z,ACWI,iShares,1051,TLS.AX,TELSTRA GROUP,0.0132716748522421,1291824,4433483.77
2026-09-22,2026-09-23T23:38:25.440000Z,ACWI,iShares,1052,URW.PA,UNIBAIL RODAMCO WE STAPLED UNITS,0.0132558633457183,40745,4428201.84
2026-09-22,2026-09-23T23:38:25.440000Z,ACWI,iShares,1053,MZTF.TA,MIZRAHI TEFAHOT BANK LTD,0.0132545400350016,56346,4427759.78
2026-09-22,2026-09-23T23:38:25.440000Z,ACWI,iShares,1054,IAG.AX,INSURANCE AUSTRALIA GROUP,0.0132513088410741,771987,4426680.38
2026-09-22,2026-09-23T23:38:25.440000Z,ACWI,iShares,1055,EMBJ3,EMBRAER,0.013249310015051,229948,4426012.66
2026-09-22,2026-09-23T23:38:25.440000Z,ACWI,iShares,1056,HINDALCO,HINDALCO INDUSTRIES LTD,0.0132320762323934,434331,4420255.61
2026-09-22,2026-09-23T23:38:25.440000Z,ACWI,iShares,1057,2503.T,KIRIN HOLDINGS,0.0132127333128954,243700,4413793.99
2026-09-22,2026-09-23T23:38:25.440000Z,ACWI,iShares,1058,TATASTEEL,TATA STEEL LTD,0.0131966273647979,2278596,4408413.7
2026-09-22,2026-09-23T23:38:25.440000Z,ACWI,iShares,1059,8795.T,T&D HOLDINGS,0.0131861880998512,139900,4404926.4
2026-09-22,2026-09-23T23:38:25.440000Z,ACWI,iShares,1060,MAA,MID AMERICA APARTMENT COMMUNITIES,0.0131542341842867,36880,4394252
2026-09-22,2026-09-23T23:38:25.440000Z,ACWI,iShares,1061,6223,MPI CORP,0.013138200679114,26000,4388895.91
2026-09-22,2026-09-23T23:38:25.440000Z,ACWI,iShares,1062,ADVANC.R,ADVANCED INFO SERVICE NON-VOTING D,0.0131248107120602,414100,4384422.91
2026-09-22,2026-09-23T23:38:25.440000Z,ACWI,iShares,1063,EQX.TO,EQUINOX GOLD,0.0130528809046713,341629,4360394.32
2026-09-22,2026-09-23T23:38:25.440000Z,ACWI,iShares,1064,DIVISLAB,DIVIS LABORATORIES LTD,0.0130485874041021,44562,4358960.05
2026-09-22,2026-09-23T23:38:25.440000Z,ACWI,iShares,1065,S63.SI,SINGAPORE TECHNOLOGIES ENGINEERING,0.0130430946438411,519900,4357125.16
2026-09-22,2026-09-23T23:38:25.440000Z,ACWI,iShares,1066,175.HK,GEELY AUTOMOBILE HOLDINGS LTD,0.0130336121343984,2171000,4353957.47
2026-09-22,2026-09-23T23:38:25.440000Z,ACWI,iShares,1067,NBIX,NEUROCRINE BIOSCIENCES,0.0130081539244475,30548,4345453
2026-09-22,2026-09-23T23:38:25.440000Z,ACWI,iShares,1068,SHL.DE,SIEMENS HEALTHINEERS AG,0.0130053497546202,101438,4344516.25
2026-09-22,2026-09-23T23:38:25.440000Z,ACWI,iShares,1069,CCH.L,COCA COLA HBC AG,0.0129947952395658,73787,4340990.45
2026-09-22,2026-09-23T23:38:25.440000Z,ACWI,iShares,1070,ITRK.L,INTERTEK GROUP PLC,0.0129719559311522,55312,4333360.84
2026-09-22,2026-09-23T23:38:25.440000Z,ACWI,iShares,1071,SN,SHARKNINJA,0.0129675688534826,25631,4331895.31
2026-09-22,2026-09-23T23:38:25.440000Z,ACWI,iShares,1072,RO.SW,ROCHE HOLDING AG,0.012966538816871,9477,4331551.22
2026-09-22,2026-09-23T23:38:25.440000Z,ACWI,iShares,1073,033780.KS,KT&G CORP,0.0129596277319084,33164,4329242.53
2026-09-22,2026-09-23T23:38:25.440000Z,ACWI,iShares,1074,1812.T,KAJIMA,0.0129263947197595,136400,4318140.84
2026-09-22,2026-09-23T23:38:25.440000Z,ACWI,iShares,1075,EQT.ST,EQT,0.0129168556030562,141189,4314954.24
2026-09-22,2026-09-23T23:38:25.440000Z,ACWI,iShares,1076,6446.TW,PHARMAESSENTIA,0.0129094672030374,117716,4312486.1
2026-09-22,2026-09-23T23:38:25.440000Z,ACWI,iShares,1077,ORG.AX,ORIGIN ENERGY,0.0128184669453661,537595,4282086.91
2026-09-22,2026-09-23T23:38:25.440000Z,ACWI,iShares,1078,IAG.TO,IA FINANCIAL INC,0.0128095931061674,28240,4279122.55
2026-09-22,2026-09-23T23:38:25.440000Z,ACWI,iShares,1079,PHOE.TA,PHOENIX FINANCIAL LTD,0.0127851995377954,67589,4270973.73
2026-09-22,2026-09-23T23:38:25.440000Z,ACWI,iShares,1080,H.TO,HYDRO ONE,0.0127833130881111,116365,4270343.55
2026-09-22,2026-09-23T23:38:25.440000Z,ACWI,iShares,1081,WALMEX*,WALMART DE MEXICO V,0.0127375396668448,1608211,4255052.66
2026-09-22,2026-09-23T23:38:25.440000Z,ACWI,iShares,1082,600519,KWEICHOW MOUTAI A,0.0127359123652597,22732,4254509.05
2026-09-22,2026-09-23T23:38:25.440000Z,ACWI,iShares,1083,7453.T,RYOHIN KEIKAKU,0.0126222168468419,168100,4216528.37
2026-09-22,2026-09-23T23:38:25.440000Z,ACWI,iShares,1084,1802.T,OBAYASHI,0.012622194006366,215100,4216520.74
2026-09-22,2026-09-23T23:38:25.440000Z,ACWI,iShares,1085,MAS,MASCO,0.0125904762786846,60119,4205925.24
2026-09-22,2026-09-23T23:38:25.440000Z,ACWI,iShares,1086,INDU-C.ST,INDUSTRIVARDEN SERIES,0.0125327323825347,75684,4186635.54
2026-09-22,2026-09-23T23:38:25.440000Z,ACWI,iShares,1087,HEI,HEICO,0.0125233988301143,13593,4183517.61
2026-09-22,2026-09-23T23:38:25.440000Z,ACWI,iShares,1088,SVT.L,SEVERN TRENT PLC,0.0124717405288052,100438,4166260.84
2026-09-22,2026-09-23T23:38:25.440000Z,ACWI,iShares,1089,AKRBP.OL,AKER BP,0.0123705702124775,112377,4132464.28
2026-09-22,2026-09-23T23:38:25.440000Z,ACWI,iShares,1090,DAL,DELTA AIR LINES,0.0123607976020496,49204,4129199.68
2026-09-22,2026-09-23T23:38:25.440000Z,ACWI,iShares,1091,FDXF,FEDEX FREIGHT HOLDING COMPANY INC,0.012341505392599,34645,4122755
2026-09-22,2026-09-23T23:38:25.440000Z,ACWI,iShares,1092,INF.L,INFORMA PLC,0.0122493909208349,341497,4091983.6
2026-09-22,2026-09-23T23:38:25.440000Z,ACWI,iShares,1093,3407.T,ASAHI KASEI,0.0122241386643232,401400,4083547.93
2026-09-22,2026-09-23T23:38:25.440000Z,ACWI,iShares,1094,6361.T,EBARA,0.0122024574847837,148300,4076305.2
2026-09-22,2026-09-23T23:38:25.440000Z,ACWI,iShares,1095,IOT,SAMSARA CLASS A,0.0121797554287711,106344,4068721.44
2026-09-22,2026-09-23T23:38:25.440000Z,ACWI,iShares,1096,AGS,AGEAS,0.0121432324601073,47300,4056520.72
2026-09-22,2026-09-23T23:38:25.440000Z,ACWI,iShares,1097,300750,CONTEMPORARY AMPEREX TECHNOLOGY A,0.0120878701400783,88800,4038026.6
2026-09-22,2026-09-23T23:38:25.440000Z,ACWI,iShares,1098,TRI.TO,THOMSON REUTERS CORP,0.0120635123441423,42087,4029889.73
2026-09-22,2026-09-23T23:38:25.440000Z,ACWI,iShares,1099,FOXA,FOX CLASS A,0.0120338893844567,62568,4019994
2026-09-22,2026-09-23T23:38:25.440000Z,ACWI,iShares,1100,BKT.MC,BANKINTER SA,0.0120274601646845,211590,4017846.28
2026-09-22,2026-09-23T23:38:25.440000Z,ACWI,iShares,1101,SOL.AX,WASHINGTON H SOUL PATTINSON & COMP,0.0120221567438861,124440,4016074.64
2026-09-22,2026-09-23T23:38:25.440000Z,ACWI,iShares,1102,UU.,UNITED UTILITIES GROUP PLC,0.0119825323199874,213009,4002837.86
2026-09-22,2026-09-23T23:38:25.440000Z,ACWI,iShares,1103,8299,PHISON ELECTRONICS CORP,0.0119810331106648,58000,4002337.04
2026-09-22,2026-09-23T23:38:25.440000Z,ACWI,iShares,1104,SCG.AX,SCENTRE GROUP,0.0119478737687795,1632890,3991259.96
2026-09-22,2026-09-23T23:38:25.440000Z,ACWI,iShares,1105,STMN.SW,STRAUMANN HOLDING AG,0.0119219156128421,33408,3982588.48
2026-09-22,2026-09-23T23:38:25.440000Z,ACWI,iShares,1106,6525.T,KOKUSAI ELECTRIC,0.0119211618172678,70500,3982336.67
2026-09-22,2026-09-23T23:38:25.440000Z,ACWI,iShares,1107,EUROB,EUROBANK SA,0.0118871795896138,733696,3970984.7
2026-09-22,2026-09-23T23:38:25.440000Z,ACWI,iShares,1108,SUI,SUN COMMUNITIES REIT INC,0.0118730054428664,34862,3966249.74
2026-09-22,2026-09-23T23:38:25.440000Z,ACWI,iShares,1109,G1A.DE,GEA GROUP AG,0.0118725134296795,51464,3966085.38
2026-09-22,2026-09-23T23:38:25.440000Z,ACWI,iShares,1110,REG,REGENCY CENTERS REIT CORP,0.0118724408670143,53938,3966061.14
2026-09-22,2026-09-23T23:38:25.440000Z,ACWI,iShares,1111,POWERGRID,POWER GRID CORPORATION OF INDIA,0.0118264202716859,1420231,3950687.68
2026-09-22,2026-09-23T23:38:25.440000Z,ACWI,iShares,1112,ADCB,ABU DHABI COMMERCIAL BANK,0.0118031173584887,883030,3942903.2
2026-09-22,2026-09-23T23:38:25.440000Z,ACWI,iShares,1113,BBRI,BANK RAKYAT INDONESIA (PERSERO),0.0117844019683431,22103430,3936651.21
2026-09-22,2026-09-23T23:38:25.440000Z,ACWI,iShares,1114,CHTR,CHARTER COMMUNICATIONS CLASS A,0.0117745779593607,33544,3933369.44
2026-09-22,2026-09-23T23:38:25.440000Z,ACWI,iShares,1115,2880.TW,HUA NAN FINANCIAL HOLDINGS,0.0117553586717964,2671169,3926949.12
2026-09-22,2026-09-23T23:38:25.440000Z,ACWI,iShares,1116,TPEIR,PIRAEUS BANK SA,0.0117546058341451,331403,3926697.63
2026-09-22,2026-09-23T23:38:25.440000Z,ACWI,iShares,1117,WN.TO,GEORGE WESTON,0.011727931151824,54097,3917786.79
2026-09-22,2026-09-23T23:38:25.440000Z,ACWI,iShares,1118,AGN.AS,AEGON,0.0117205851997669,436893,3915332.83
2026-09-22,2026-09-23T23:38:25.440000Z,ACWI,iShares,1119,ECHO,ECHOSTAR CLASS A,0.0117107468219399,40981,3912046.26
2026-09-22,2026-09-23T23:38:25.440000Z,ACWI,iShares,1120,267260.KS,HD HYUNDAI ELECTRIC,0.0117081433669105,7440,3911176.56
2026-09-22,2026-09-23T23:38:25.440000Z,ACWI,iShares,1121,2379.TW,REALTEK SEMICONDUCTOR,0.0117059221830173,164000,3910434.56
2026-09-22,2026-09-23T23:38:25.440000Z,ACWI,iShares,1122,7735.T,SCREEN HOLDINGS LTD,0.0116988113112448,48000,3908059.13
2026-09-22,2026-09-23T23:38:25.440000Z,ACWI,iShares,1123,7186.T,YOKOHAMA FINANCIAL GROUP,0.0116333223983143,323900,3886182.16
2026-09-22,2026-09-23T23:38:25.440000Z,ACWI,iShares,1124,LVS,LAS VEGAS SANDS,0.0116245614144158,97815,3883255.5
2026-09-22,2026-09-23T23:38:25.440000Z,ACWI,iShares,1125,4307.T,NOMURA RESEARCH INSTITUTE,0.0116194488298346,118400,3881547.61
2026-09-22,2026-09-23T23:38:25.440000Z,ACWI,iShares,1126,MKC,MCCORMICK & CO NON-VOTING,0.0115945891421311,78374,3873243.08
2026-09-22,2026-09-23T23:38:25.440000Z,ACWI,iShares,1127,1010,RIYAD BANK,0.0115868778023301,723160,3870667.06
2026-09-22,2026-09-23T23:38:25.440000Z,ACWI,iShares,1128,MAERSK-B,A P MOLLER MAERSK B,0.0115739006701424,1104,3866331.97
2026-09-22,2026-09-23T23:38:25.440000Z,ACWI,iShares,1129,METSO.HE,METSO CORPORATION,0.0115345539840356,186149,3853187.97
2026-09-22,2026-09-23T23:38:25.440000Z,ACWI,iShares,1130,CARL-B,CARLSBERG AS CL B,0.0115271423244496,29010,3850712.06
2026-09-22,2026-09-23T23:38:25.440000Z,ACWI,iShares,1131,9766.T,KONAMI GROUP,0.0115015946684411,28700,3842177.71
2026-09-22,2026-09-23T23:38:25.440000Z,ACWI,iShares,1132,5016.T,JX ADVANCED METALS CORP,0.0114896054242542,168900,3838172.63
2026-09-22,2026-09-23T23:38:25.440000Z,ACWI,iShares,1133,SN.,SMITH AND NEPHEW PLC,0.0114891357725817,279056,3838015.74
2026-09-22,2026-09-23T23:38:25.440000Z,ACWI,iShares,1134,FLUT,FLUTTER ENTERTAINMENT PLC,0.0114711797459377,43241,3832017.42
2026-09-22,2026-09-23T23:38:25.440000Z,ACWI,iShares,1135,CICT.SI,CAPITALAND INTEGRATED COMMERCIAL T,0.0114701729090231,2181920,3831681.08
2026-09-22,2026-09-23T23:38:25.440000Z,ACWI,iShares,1136,OMV,OMV,0.0114622859699671,47365,3829046.4
2026-09-22,2026-09-23T23:38:25.440000Z,ACWI,iShares,1137,3665.TW,BIZLINK HOLDING INC,0.011461064019475,54000,3828638.2
2026-09-22,2026-09-23T23:38:25.440000Z,ACWI,iShares,1138,NHY.OL,NORSK HYDRO,0.0114287723462574,422010,3817850.97
2026-09-22,2026-09-23T23:38:25.440000Z,ACWI,iShares,1139,RCI.B,ROGERS COMMUNICATIONS NON-VOTING I,0.0114170893081358,114561,3813948.18
2026-09-22,2026-09-23T23:38:25.440000Z,ACWI,iShares,1140,MRU.TO,METRO,0.0113943896768657,58427,3806365.23
2026-09-22,2026-09-23T23:38:25.440000Z,ACWI,iShares,1141,010120.KS,LS ELECTRIC LTD,0.0113818327735121,24359,3802170.52
2026-09-22,2026-09-23T23:38:25.440000Z,ACWI,iShares,1142,MDLN,MEDLINE CLASS A,0.0113509225150266,110132,3791844.76
2026-09-22,2026-09-23T23:38:25.440000Z,ACWI,iShares,1143,EDV.L,ENDEAVOUR MINING,0.0113255907808432,60058,3783382.54
2026-09-22,2026-09-23T23:38:25.440000Z,ACWI,iShares,1144,386.HK,CHINA PETROLEUM AND CHEMICAL H,0.0113139293259235,6639200,3779486.96
2026-09-22,2026-09-23T23:38:25.440000Z,ACWI,iShares,1145,PZU,PZU SA,0.0112859968907392,194724,3770155.96
2026-09-22,2026-09-23T23:38:25.440000Z,ACWI,iShares,1146,SGE.L,THE SAGE GROUP,0.0112711529762232,285076,3765197.26
2026-09-22,2026-09-23T23:38:25.440000Z,ACWI,iShares,1147,TXT,TEXTRON INC,0.0112620284605566,48307,3762149.16
2026-09-22,2026-09-23T23:38:25.440000Z,ACWI,iShares,1148,FORTUM.HE,FORTUM,0.0112466791219321,139363,3757021.62
2026-09-22,2026-09-23T23:38:25.440000Z,ACWI,iShares,1149,GALP,GALP ENERGIA SGPS SA CLASS B,0.0112310085198906,150129,3751786.76
2026-09-22,2026-09-23T23:38:25.440000Z,ACWI,iShares,1150,SBSP3,COMPANHIA DE SANEAMENTO BASICO DE,0.0112213459807993,695340,3748558.93
2026-09-22,2026-09-23T23:38:25.440000Z,ACWI,iShares,1151,BVI.PA,BUREAU VERITAS SA,0.0112156707661471,117782,3746663.09
2026-09-22,2026-09-23T23:38:25.440000Z,ACWI,iShares,1152,ASRNL.AS,ASR NEDERLAND,0.0112114488403849,44788,3745252.73
2026-09-22,2026-09-23T23:38:25.440000Z,ACWI,iShares,1153,BRL,BRL CASH,0.011190861159854,19111509,3738375.29
2026-09-22,2026-09-23T23:38:25.440000Z,ACWI,iShares,1154,LII,LENNOX INTERNATIONAL,0.0111718930576542,10041,3732038.88
2026-09-22,2026-09-23T23:38:25.440000Z,ACWI,iShares,1155,823.HK,LINK REAL ESTATE INVESTMENT TRUST,0.0111584912363036,777160,3727561.92
2026-09-22,2026-09-23T23:38:25.440000Z,ACWI,iShares,1156,373220.KS,LG ENERGY SOLUTION LTD,0.011150429775656,14434,3724868.94
2026-09-22,2026-09-23T23:38:25.440000Z,ACWI,iShares,1157,LISN.SW,CHOCOLADEFABRIKEN LINDT & SPRUENGL,0.0111462547282493,34,3723474.24
2026-09-22,2026-09-23T23:38:25.440000Z,ACWI,iShares,1158,8830.T,SUMITOMO REALTY & DEVELOPMENT,0.0111336961485306,183600,3719278.97
2026-09-22,2026-09-23T23:38:25.440000Z,ACWI,iShares,1159,TW,TRADEWEB MARKETS INC CLASS A,0.0111116784985469,37216,3711923.84
2026-09-22,2026-09-23T23:38:25.440000Z,ACWI,iShares,1160,207940.KS,SAMSUNG BIOLOGICS,0.0110920693662678,3618,3705373.29
2026-09-22,2026-09-23T23:38:25.440000Z,ACWI,iShares,1161,2449.TW,KING YUAN ELECTRONICS,0.011076589420833,369600,3700202.12
2026-09-22,2026-09-23T23:38:25.440000Z,ACWI,iShares,1162,CHKP,CHECK POINT SOFTWARE TECHNOLOGIES,0.0110756985824034,26981,3699904.53
2026-09-22,2026-09-23T23:38:25.440000Z,ACWI,iShares,1163,NWSA,NEWS CLASS A,0.0110745197983152,126479,3699510.75
2026-09-22,2026-09-23T23:38:25.440000Z,ACWI,iShares,1164,ENX.PA,EURONEXT NV,0.0110613983191096,20387,3695127.44
2026-09-22,2026-09-23T23:38:25.440000Z,ACWI,iShares,1165,2010,SAUDI BASIC INDUSTRIES,0.0110422547074601,289192,3688732.4
2026-09-22,2026-09-23T23:38:25.440000Z,ACWI,iShares,1166,AKZA.AS,AKZO NOBEL,0.0110206770434719,55955,3681524.25
2026-09-22,2026-09-23T23:38:25.440000Z,ACWI,iShares,1167,HEN3.DE,HENKEL & KGAA PREF AG,0.0110103448264174,42756,3678072.71
2026-09-22,2026-09-23T23:38:25.440000Z,ACWI,iShares,1168,9531.T,TOKYO GAS LTD,0.0109996006426143,91600,3674483.55
2026-09-22,2026-09-23T23:38:25.440000Z,ACWI,iShares,1169,TIH.TO,TOROMONT INDUSTRIES LTD,0.0109404668002309,23143,3654729.53
2026-09-22,2026-09-23T23:38:25.440000Z,ACWI,iShares,1170,RKT,ROCKET COMPANIES INC CLASS A,0.010940373372806,286868,3654698.32
2026-09-22,2026-09-23T23:38:25.440000Z,ACWI,iShares,1171,SMIN.L,SMITHS GROUP PLC,0.0109087373080579,98110,3644130.1
2026-09-22,2026-09-23T23:38:25.440000Z,ACWI,iShares,1172,DECK,DECKERS OUTDOOR,0.0109083478824344,45647,3644000.01
2026-09-22,2026-09-23T23:38:25.440000Z,ACWI,iShares,1173,HAR,HARMONY GOLD MINING COMPANY LIMITE,0.0108933137304031,189964,3638977.76
2026-09-22,2026-09-23T23:38:25.440000Z,ACWI,iShares,1174,4958.TW,ZHEN DING TECHNOLOGY HOLDING LTD,0.0108640449627366,235000,3629200.35
2026-09-22,2026-09-23T23:38:25.440000Z,ACWI,iShares,1175,TELIA.ST,TELIA COMPANY,0.0108501185288829,779353,3624548.14
2026-09-22,2026-09-23T23:38:25.440000Z,ACWI,iShares,1176,6383.T,DAIFUKU,0.0108381214716368,104500,3620540.45
2026-09-22,2026-09-23T23:38:25.440000Z,ACWI,iShares,1177,6869.HK,YANGTZE OPTICAL FIBRE AND CABLE JO,0.0108332183129655,149000,3618902.52
2026-09-22,2026-09-23T23:38:25.440000Z,ACWI,iShares,1178,HCLTECH,HCL TECHNOLOGIES LTD,0.0107963823729055,271421,3606597.25
2026-09-22,2026-09-23T23:38:25.440000Z,ACWI,iShares,1179,COO,COOPER,0.0107962909211967,65230,3606566.7
2026-09-22,2026-09-23T23:38:25.440000Z,ACWI,iShares,1180,1150,ALINMA BANK,0.010777675723807,548272,3600348.18
2026-09-22,2026-09-23T23:38:25.440000Z,ACWI,iShares,1181,SCHP.SW,SCHINDLER HOLDING PAR AG,0.010754828841815,11231,3592716.04
2026-09-22,2026-09-23T23:38:25.440000Z,ACWI,iShares,1182,UNI.MI,UNIPOL ASSICURAZIONI SPA,0.0107361089314704,112949,3586462.54
2026-09-22,2026-09-23T23:38:25.440000Z,ACWI,iShares,1183,3481.TW,INNOLUX CORP,0.0107315756508071,2247798,3584948.17
2026-09-22,2026-09-23T23:38:25.440000Z,ACWI,iShares,1184,CA.PA,CARREFOUR SA,0.0107071801965242,190603,3576798.72
2026-09-22,2026-09-23T23:38:25.440000Z,ACWI,iShares,1185,2359.HK,WUXI APPTEC H,0.0107020785083169,134812,3575094.47
2026-09-22,2026-09-23T23:38:25.440000Z,ACWI,iShares,1186,ALA.TO,ALTAGAS,0.010673579401824,93763,3565574.17
2026-09-22,2026-09-23T23:38:25.440000Z,ACWI,iShares,1187,EICHERMOT,EICHER MOTORS LTD,0.0106731361529034,45897,3565426.1
2026-09-22,2026-09-23T23:38:25.440000Z,ACWI,iShares,1188,010140.KS,SAMSUNG HEAVY INDUSTRIES LTD,0.0106685135758579,234974,3563881.9
2026-09-22,2026-09-23T23:38:25.440000Z,ACWI,iShares,1189,WSO,WATSCO,0.0106672898292602,10945,3563473.1
2026-09-22,2026-09-23T23:38:25.440000Z,ACWI,iShares,1190,EN.PA,BOUYGUES SA,0.0106231897497519,71116,3548741.2
2026-09-22,2026-09-23T23:38:25.440000Z,ACWI,iShares,1191,3750.HK,CONTEMPORARY AMPEREX TECHNOLOGY CL,0.0106038790104788,54800,3542290.33
2026-09-22,2026-09-23T23:38:25.440000Z,ACWI,iShares,1192,ULTRACEMCO,ULTRATECH CEMENT LTD,0.0106036255500472,30787,3542205.66
2026-09-22,2026-09-23T23:38:25.440000Z,ACWI,iShares,1193,BNZL.L,BUNZL,0.010558829479629,98834,3527241.26
2026-09-22,2026-09-23T23:38:25.440000Z,ACWI,iShares,1194,9502.T,CHUBU ELECTRIC POWER INC,0.0105234370995538,189800,3515418.22
2026-09-22,2026-09-23T23:38:25.440000Z,ACWI,iShares,1195,1109.HK,CHINA RESOURCES LAND,0.0105137768055944,946000,3512191.14
2026-09-22,2026-09-23T23:38:25.440000Z,ACWI,iShares,1196,8473.T,SBI HOLDINGS INC,0.0104664299359752,168060,3496374.63
2026-09-22,2026-09-23T23:38:25.440000Z,ACWI,iShares,1197,3402.T,TORAY INDUSTRIES,0.010442228341354,439600,3488289.94
2026-09-22,2026-09-23T23:38:25.440000Z,ACWI,iShares,1198,QIBK,QATAR ISLAMIC BANK,0.0104218118296843,606799,3481469.68
2026-09-22,2026-09-23T23:38:25.440000Z,ACWI,iShares,1199,7012.T,KAWASAKI HEAVY INDUSTRIES,0.0103981008413006,227200,3473548.88
2026-09-22,2026-09-23T23:38:25.440000Z,ACWI,iShares,1200,2423.HK,KE HOLDINGS,0.010378136139988,635627,3466879.55
2026-09-22,2026-09-23T23:38:25.440000Z,ACWI,iShares,1201,2020.HK,ANTA SPORTS PRODUCTS LTD,0.0103508691918539,377200,3457770.86
2026-09-22,2026-09-23T23:38:25.440000Z,ACWI,iShares,1202,EQTL3,EQUATORIAL SA,0.0103197668099421,434728,3447380.92
2026-09-22,2026-09-23T23:38:25.440000Z,ACWI,iShares,1203,298040.KS,HYOSUNG HEAVY INDUSTRIES CORP,0.0103197254396438,1614,3447367.1
2026-09-22,2026-09-23T23:38:25.440000Z,ACWI,iShares,1204,IMP,IMPALA PLATINUM,0.0103172643858512,271585,3446544.97
2026-09-22,2026-09-23T23:38:25.440000Z,ACWI,iShares,1205,1347.HK,HUA HONG GRACE SEMICONDUCTOR LTD,0.0102935897386703,237000,3438636.31
2026-09-22,2026-09-23T23:38:25.440000Z,ACWI,iShares,1206,HAL,HINDUSTAN AERONAUTICS LTD,0.0102775610231125,68384,3433281.82
2026-09-22,2026-09-23T23:38:25.440000Z,ACWI,iShares,1207,INDIGO,INTERGLOBE AVIATION LTD,0.0102548666304837,65113,3425700.62
2026-09-22,2026-09-23T23:38:25.440000Z,ACWI,iShares,1208,4684.T,OBIC LTD,0.0102313208239427,105400,3417835
2026-09-22,2026-09-23T23:38:25.440000Z,ACWI,iShares,1209,ERF.PA,EUROFINS SCIENTIFIC,0.0102283888013335,37818,3416855.54
2026-09-22,2026-09-23T23:38:25.440000Z,ACWI,iShares,1210,329180.KS,HD HYUNDAI HEAVY INDUSTRIES LTD,0.0102190465976714,10179,3413734.72
2026-09-22,2026-09-23T23:38:25.440000Z,ACWI,iShares,1211,NVMI.TA,NOVA,0.0101794791402544,9479,3400516.97
2026-09-22,2026-09-23T23:38:25.440000Z,ACWI,iShares,1212,FGR.PA,EIFFAGE SA,0.0101737686919978,27527,3398609.36
2026-09-22,2026-09-23T23:38:25.440000Z,ACWI,iShares,1213,1801.T,TAISEI,0.0101606300300489,42300,3394220.31
2026-09-22,2026-09-23T23:38:25.440000Z,ACWI,iShares,1214,6504.T,FUJI ELECTRIC,0.010153663744775,40800,3391893.18
2026-09-22,2026-09-23T23:38:25.440000Z,ACWI,iShares,1215,HEIO.AS,HEINEKEN HOLDING NV,0.0101435275427088,44002,3388507.12
2026-09-22,2026-09-23T23:38:25.440000Z,ACWI,iShares,1216,BEAN.SW,BELIMO N AG,0.0101180449955273,3313,3379994.52
2026-09-22,2026-09-23T23:38:25.440000Z,ACWI,iShares,1217,8RC1.TO,ARC RESOURCES LTD,0.0101149793127284,72129,3378970.41
2026-09-22,2026-09-23T23:38:25.440000Z,ACWI,iShares,1218,ALPHA,ALPHA BANK SA,0.0100846176447553,635608,3368827.91
2026-09-22,2026-09-23T23:38:25.440000Z,ACWI,iShares,1219,EVO.ST,EVOLUTION,0.0100725682609668,38307,3364802.74
2026-09-22,2026-09-23T23:38:25.440000Z,ACWI,iShares,1220,ICT,INTERNATIONAL CONTAINER TERMINAL S,0.0100535130476466,232130,3358437.23
2026-09-22,2026-09-23T23:38:25.440000Z,ACWI,iShares,1221,2368.TW,GOLD CIRCUIT ELECTRONICS,0.0100287855533134,102000,3350176.86
2026-09-22,2026-09-23T23:38:25.440000Z,ACWI,iShares,1222,CG,CARLYLE GROUP INC,0.0100189601373816,83194,3346894.62
2026-09-22,2026-09-23T23:38:25.440000Z,ACWI,iShares,1223,ABG,ABSA GROUP,0.00999257471786322,244017,3338080.41
2026-09-22,2026-09-23T23:38:25.440000Z,ACWI,iShares,1224,ATRL.TO,ATKINSREALIS GROUP INC,0.00998951020253294,50703,3337056.69
2026-09-22,2026-09-23T23:38:25.440000Z,ACWI,iShares,1225,CCL.B,CCL INDUSTRIES CLASS B,0.00998215251591941,50092,3334598.81
2026-09-22,2026-09-23T23:38:25.440000Z,ACWI,iShares,1226,1113.HK,CK ASSET HOLDINGS LTD,0.00995246348948375,561516,3324681.01
2026-09-22,2026-09-23T23:38:25.440000Z,ACWI,iShares,1227,5880.TW,TAIWAN COOPERATIVE FINANCIAL HOLDI,0.00994568187379798,3889130,3322415.57
2026-09-22,2026-09-23T23:38:25.440000Z,ACWI,iShares,1228,ORSTED,ORSTED A/S,0.00992599167728727,152342,3315837.94
2026-09-22,2026-09-23T23:38:25.440000Z,ACWI,iShares,1229,1216.TW,UNI-PRESIDENT ENTERPRISES,0.00991323516673426,1405600,3311576.55
2026-09-22,2026-09-23T23:38:25.440000Z,ACWI,iShares,1230,ALE,ALLEGRO SA,0.00988534913094393,253037,3302261.05
2026-09-22,2026-09-23T23:38:25.440000Z,ACWI,iShares,1231,TECHM,TECH MAHINDRA,0.00986658617393577,203092,3295993.17
2026-09-22,2026-09-23T23:38:25.440000Z,ACWI,iShares,1232,TVSMOTOR,TVS MOTOR COMPANY,0.00984139327871322,75921,3287577.33
2026-09-22,2026-09-23T23:38:25.440000Z,ACWI,iShares,1233,BCP,BANCO COMERCIAL PORTUGUES SA,0.00983973846677775,2460510,3287024.53
2026-09-22,2026-09-23T23:38:25.440000Z,ACWI,iShares,1234,GFL.TO,GFL ENVIRONMENTAL SUBORDINATE VOTI,0.00983637543870107,77666,3285901.09
2026-09-22,2026-09-23T23:38:25.440000Z,ACWI,iShares,1235,PE&OLES*,INDUST PENOLES,0.00983616209129398,62810,3285829.82
2026-09-22,2026-09-23T23:38:25.440000Z,ACWI,iShares,1236,MONC.MI,MONCLER,0.00983035327632215,65508,3283889.35
2026-09-22,2026-09-23T23:38:25.440000Z,ACWI,iShares,1237,AC.PA,ACCOR SA,0.00980940329136186,61402,3276890.88
2026-09-22,2026-09-23T23:38:25.440000Z,ACWI,iShares,1238,X.TO,TMX GROUP LTD,0.00978934830580908,83634,3270191.39
2026-09-22,2026-09-23T23:38:25.440000Z,ACWI,iShares,1239,PRIO3,PETRO RIO,0.00978810950185963,276479,3269777.56
2026-09-22,2026-09-23T23:38:25.440000Z,ACWI,iShares,1240,1024.HK,KUAISHOU TECHNOLOGY,0.00978374664168012,821100,3268320.12
2026-09-22,2026-09-23T23:38:25.440000Z,ACWI,iShares,1241,RTO.L,RENTOKIL INITIAL PLC,0.0097605228169983,771639,3260562.06
2026-09-22,2026-09-23T23:38:25.440000Z,ACWI,iShares,1242,TEN.MI,TENARIS SA,0.00969938661625083,115343,3240139.14
2026-09-22,2026-09-23T23:38:25.440000Z,ACWI,iShares,1243,MPL.AX,MEDIBANK PRIVATE,0.00965932274518833,989370,3226755.56
2026-09-22,2026-09-23T23:38:25.440000Z,ACWI,iShares,1244,PNDORA,PANDORA,0.00965110520296636,25165,3224010.44
2026-09-22,2026-09-23T23:38:25.440000Z,ACWI,iShares,1245,9633.HK,NONGFU SPRING LTD H,0.0096263081993474,645400,3215726.85
2026-09-22,2026-09-23T23:38:25.440000Z,ACWI,iShares,1246,APOLLOHOSP,APOLLO HOSPITALS ENTERPRISE,0.00959217021940506,34673,3204322.85
2026-09-22,2026-09-23T23:38:25.440000Z,ACWI,iShares,1247,6.HK,POWER ASSETS HOLDINGS,0.00956732957042065,414000,3196024.68
2026-09-22,2026-09-23T23:38:25.440000Z,ACWI,iShares,1248,NTGY.MC,NATURGY ENERGY GROUP SA,0.0095589298432233,94663,3193218.7
2026-09-22,2026-09-23T23:38:25.440000Z,ACWI,iShares,1249,KGF.L,KINGFISHER PLC,0.00955722435117555,695992,3192648.97
2026-09-22,2026-09-23T23:38:25.440000Z,ACWI,iShares,1250,APA.AX,APA GROUP UNITS,0.00952427850637282,408551,3181643.21
2026-09-22,2026-09-23T23:38:25.440000Z,ACWI,iShares,1251,SIG.AX,SIGMA HEALTHCARE,0.00949758077403023,1744206,3172724.67
2026-09-22,2026-09-23T23:38:25.440000Z,ACWI,iShares,1252,CU.TO,CANADIAN UTILITIES LTD CLASS A,0.00945793746108787,87244,3159481.58
2026-09-22,2026-09-23T23:38:25.440000Z,ACWI,iShares,1253,SKF-B.ST,SKF B,0.00945387598742366,113103,3158124.82
2026-09-22,2026-09-23T23:38:25.440000Z,ACWI,iShares,1254,ADIB,ABU DHABI ISLAMIC BANK,0.00945152677113821,495151,3157340.05
2026-09-22,2026-09-23T23:38:25.440000Z,ACWI,iShares,1255,SQM.B,SOCIEDAD QUIMICA Y MINERA DE CHILE,0.00943071373922793,44726,3150387.33
2026-09-22,2026-09-23T23:38:25.440000Z,ACWI,iShares,1256,ORNBV.HE,ORION CLASS B,0.00943053661328325,32737,3150328.16
2026-09-22,2026-09-23T23:38:25.440000Z,ACWI,iShares,1257,196170.KQ,ALTEOGEN INC,0.00941381861227632,17119,3144743.41
2026-09-22,2026-09-23T23:38:25.440000Z,ACWI,iShares,1258,051910.KS,LG CHEM LTD,0.00940390381015715,16798,3141431.31
2026-09-22,2026-09-23T23:38:25.440000Z,ACWI,iShares,1259,STLAM.MI,STELLANTIS,0.0093420411445752,646827,3120765.71
2026-09-22,2026-09-23T23:38:25.440000Z,ACWI,iShares,1260,KEY.TO,KEYERA,0.00928520125829574,81643,3101778
2026-09-22,2026-09-23T23:38:25.440000Z,ACWI,iShares,1261,ROL,ROLLINS INC,0.00928326038661252,94374,3101129.64
2026-09-22,2026-09-23T23:38:25.440000Z,ACWI,iShares,1262,MKS.L,MARKS AND SPENCER GROUP PLC,0.0092690802528465,621485,3096392.68
2026-09-22,2026-09-23T23:38:25.440000Z,ACWI,iShares,1263,ADM.L,ADMIRAL GROUP PLC,0.0091992997252576,62130,3073082.07
2026-09-22,2026-09-23T23:38:25.440000Z,ACWI,iShares,1264,UAL,UNITED AIRLINES HOLDINGS,0.00919145565325464,26651,3070461.71
2026-09-22,2026-09-23T23:38:25.440000Z,ACWI,iShares,1265,7272.T,YAMAHA MOTOR,0.00917108464292612,264600,3063656.65
2026-09-22,2026-09-23T23:38:25.440000Z,ACWI,iShares,1266,CEZ,CEZ,0.00916352303845976,47788,3061130.65
2026-09-22,2026-09-23T23:38:25.440000Z,ACWI,iShares,1267,9992.HK,POP MART INTERNATIONAL GROUP,0.00915735841497374,155600,3059071.32
2026-09-22,2026-09-23T23:38:25.440000Z,ACWI,iShares,1268,SHP,SHOPRITE HOLDINGS LTD,0.00913023210190609,154663,3050009.61
2026-09-22,2026-09-23T23:38:25.440000Z,ACWI,iShares,1269,FNF,FIDELITY NATIONAL FINANCIAL INC,0.00912633422352459,71650,3048707.5
2026-09-22,2026-09-23T23:38:25.440000Z,ACWI,iShares,1270,BS6.SI,YANGZIJIANG SHIPBUILDING (HOLDINGS,0.00907804837984637,735400,3032577.32
2026-09-22,2026-09-23T23:38:25.440000Z,ACWI,iShares,1271,LTM,LATAM AIRLINES GROUP,0.00907025247340789,113554990,3029973.05
2026-09-22,2026-09-23T23:38:25.440000Z,ACWI,iShares,1272,1093.HK,CSPC PHARMACEUTICAL GROUP,0.00906881918115987,2447120,3029494.25
2026-09-22,2026-09-23T23:38:25.440000Z,ACWI,iShares,1273,JSWSTEEL,JSW STEEL,0.00905636723024202,228288,3025334.6
2026-09-22,2026-09-23T23:38:25.440000Z,ACWI,iShares,1274,ENLT.TA,ENLIGHT RENEWABLE ENERGY,0.0090425682001437,40855,3020724.95
2026-09-22,2026-09-23T23:38:25.440000Z,ACWI,iShares,1275,C6L.SI,SINGAPORE AIRLINES LTD,0.00903999908066581,586300,3019866.72
2026-09-22,2026-09-23T23:38:25.440000Z,ACWI,iShares,1276,CPALL.R,CP ALL NON-VOTING DR,0.00902950578287635,2259800,3016361.37
2026-09-22,2026-09-23T23:38:25.440000Z,ACWI,iShares,1277,TENAGA,TENAGA NASIONAL,0.00895421348624247,930700,2991209.52
2026-09-22,2026-09-23T23:38:25.440000Z,ACWI,iShares,1278,SGD,SGD CASH,0.00895271281010033,3814798,2990708.21
2026-09-22,2026-09-23T23:38:25.440000Z,ACWI,iShares,1279,TFII.TO,TFI INTERNATIONAL,0.00891569396662264,23788,2978341.84
2026-09-22,2026-09-23T23:38:25.440000Z,ACWI,iShares,1280,AOT.R,AIRPORTS OF THAILAND NON-VOTING DR,0.00891110410863367,1585300,2976808.57
2026-09-22,2026-09-23T23:38:25.440000Z,ACWI,iShares,1281,2601.HK,CHINA PACIFIC INSURANCE (GROUP) H,0.00890824764219904,808200,2975854.35
2026-09-22,2026-09-23T23:38:25.440000Z,ACWI,iShares,1282,4689.T,LY CORP,0.00890738631977104,871800,2975566.62
2026-09-22,2026-09-23T23:38:25.440000Z,ACWI,iShares,1283,TEL.OL,TELENOR,0.00885645609979138,213053,2958553.07
2026-09-22,2026-09-23T23:38:25.440000Z,ACWI,iShares,1284,MNG.L,M&G PLC,0.00883244749671411,668294,2950532.85
2026-09-22,2026-09-23T23:38:25.440000Z,ACWI,iShares,1285,998.HK,CHINA CITIC BANK CORP LTD H,0.00880246073584448,2707000,2940515.59
2026-09-22,2026-09-23T23:38:25.440000Z,ACWI,iShares,1286,MAERSK-A,A P MOLLER MAERSK,0.00878159594615859,868,2933545.58
2026-09-22,2026-09-23T23:38:25.440000Z,ACWI,iShares,1287,3661.TW,ALCHIP TECHNOLOGIES,0.00878038704736694,25000,2933141.74
2026-09-22,2026-09-23T23:38:25.440000Z,ACWI,iShares,1288,CRBG,COREBRIDGE FINANCIAL INC,0.00877575099952963,86631,2931593.04
2026-09-22,2026-09-23T23:38:25.440000Z,ACWI,iShares,1289,009540.KS,HD KOREA SHIPBUILDING & OFFSHORE E,0.00876969066990726,11720,2929568.55
2026-09-22,2026-09-23T23:38:25.440000Z,ACWI,iShares,1290,PSON.L,PEARSON PLC,0.00876807408508543,183189,2929028.52
2026-09-22,2026-09-23T23:38:25.440000Z,ACWI,iShares,1291,SKA-B.ST,SKANSKA B,0.00876589397213976,101052,2928300.24
2026-09-22,2026-09-23T23:38:25.440000Z,ACWI,iShares,1292,ASIANPAINT,ASIAN PAINTS,0.00874443209709089,114061,2921130.77
2026-09-22,2026-09-23T23:38:25.440000Z,ACWI,iShares,1293,ADANIPORTS,ADANI PORTS AND SPECIAL ECONOMIC Z,0.00873741632910846,155462,2918787.11
2026-09-22,2026-09-23T23:38:25.440000Z,ACWI,iShares,1294,2395.TW,ADVANTECH,0.0087271928961815,131312,2915371.91
2026-09-22,2026-09-23T23:38:25.440000Z,ACWI,iShares,1295,HTHT,H WORLD GROUP ADR,0.00870838656322373,67138,2909089.54
2026-09-22,2026-09-23T23:38:25.440000Z,ACWI,iShares,1296,BNR.DE,BRENNTAG,0.00870162446521852,42185,2906830.62
2026-09-22,2026-09-23T23:38:25.440000Z,ACWI,iShares,1297,BID,BID CORPORATION,0.00868197120861245,105906,2900265.33
2026-09-22,2026-09-23T23:38:25.440000Z,ACWI,iShares,1298,RBI,RAIFFEISEN BANK INTERNATIONAL AG,0.00867855525529152,40026,2899124.21
2026-09-22,2026-09-23T23:38:25.440000Z,ACWI,iShares,1299,3.HK,HONG KONG AND CHINA GAS LTD,0.00867072695908253,3193040,2896509.12
2026-09-22,2026-09-23T23:38:25.440000Z,ACWI,iShares,1300,GRASIM,GRASIM INDUSTRIES,0.00864975170890383,88311,2889502.21
2026-09-22,2026-09-23T23:38:25.440000Z,ACWI,iShares,1301,BIMAS.E,BIM BIRLESIK MAGAZALAR A,0.00864375460219767,327638,2887498.84
2026-09-22,2026-09-23T23:38:25.440000Z,ACWI,iShares,1302,2603.TW,EVERGREEN MARINE CORP (TAIWAN) LTD,0.00862014201046436,376000,2879610.91
2026-09-22,2026-09-23T23:38:25.440000Z,ACWI,iShares,1303,7309.T,SHIMANO INC,0.00860280608926981,24800,2873819.74
2026-09-22,2026-09-23T23:38:25.440000Z,ACWI,iShares,1304,LYC.AX,LYNAS RARE EARTHS,0.00859895353261895,278614,2872532.77
2026-09-22,2026-09-23T23:38:25.440000Z,ACWI,iShares,1305,MICC.AS,MAGNUM ICE CREAM,0.00858206753587067,148852,2866891.9
2026-09-22,2026-09-23T23:38:25.440000Z,ACWI,iShares,1306,ASELS.E,ASELSAN ELEKTRONIK SANAYI VE TICAR,0.00856956209094181,373181,2862714.38
2026-09-22,2026-09-23T23:38:25.440000Z,ACWI,iShares,1307,TEL2-B.ST,TELE2 B,0.00856551465683617,168757,2861362.31
2026-09-22,2026-09-23T23:38:25.440000Z,ACWI,iShares,1308,ADDT-B.ST,ADDTECH CLASS B,0.00854102987623616,81621,2853183.02
2026-09-22,2026-09-23T23:38:25.440000Z,ACWI,iShares,1309,NESTLEIND,NESTLE INDIA LTD,0.00853605214924849,199885,2851520.18
2026-09-22,2026-09-23T23:38:25.440000Z,ACWI,iShares,1310,PLS.AX,PLS GROUP LTD,0.00853183555193288,971219,2850111.6
2026-09-22,2026-09-23T23:38:25.440000Z,ACWI,iShares,1311,9843.T,NITORI HOLDINGS,0.00851812560867103,147700,2845531.71
2026-09-22,2026-09-23T23:38:25.440000Z,ACWI,iShares,1312,TIGO,MILLICOM INTERNATIONAL CELLULAR,0.00850492252640215,30103,2841121.14
2026-09-22,2026-09-23T23:38:25.440000Z,ACWI,iShares,1313,3034.TW,NOVATEK MICROELECTRONICS,0.00847804865597293,161000,2832143.76
2026-09-22,2026-09-23T23:38:25.440000Z,ACWI,iShares,1314,LISP.SW,CHOCOLADEFABRIKEN LINDT & SPRUENGL,0.00845359147552857,268,2823973.69
2026-09-22,2026-09-23T23:38:25.440000Z,ACWI,iShares,1315,J36.SI,JARDINE MATHESON HOLDINGS,0.00843918164979473,49200,2819160
2026-09-22,2026-09-23T23:38:25.440000Z,ACWI,iShares,1316,TMCV,TATA MOTORS LTD,0.00843285064706237,611968,2817045.09
2026-09-22,2026-09-23T23:38:25.440000Z,ACWI,iShares,1317,138040.KS,MERITZ FINANCIAL GROUP INC,0.00840904817703481,29599,2809093.73
2026-09-22,2026-09-23T23:38:25.440000Z,ACWI,iShares,1318,SAP.TO,SAPUTO,0.00837529609037503,98245,2797818.64
2026-09-22,2026-09-23T23:38:25.440000Z,ACWI,iShares,1319,QIA,QIAGEN,0.00836237670298155,63560,2793502.84
2026-09-22,2026-09-23T23:38:25.440000Z,ACWI,iShares,1320,6488,GLOBALWAFERS LTD,0.0083536342189705,91000,2790582.36
2026-09-22,2026-09-23T23:38:25.440000Z,ACWI,iShares,1321,TREL-B.ST,TRELLEBORG B,0.0083490854019939,59221,2789062.8
2026-09-22,2026-09-23T23:38:25.440000Z,ACWI,iShares,1322,LIFCO-B.ST,LIFCO CLASS B,0.00834808467183827,86892,2788728.5
2026-09-22,2026-09-23T23:38:25.440000Z,ACWI,iShares,1323,8331.T,CHIBA BANK,0.00834561269173684,160200,2787902.72
2026-09-22,2026-09-23T23:38:25.440000Z,ACWI,iShares,1324,GIL.TO,GILDAN ACTIVEWEAR,0.0083394780332788,59299,2785853.4
2026-09-22,2026-09-23T23:38:25.440000Z,ACWI,iShares,1325,7270.T,SUBARU,0.00833762999031866,166400,2785236.05
2026-09-22,2026-09-23T23:38:25.440000Z,ACWI,iShares,1326,1060,SAUDI AWWAL BANK,0.00832864194874056,310956,2782233.54
2026-09-22,2026-09-23T23:38:25.440000Z,ACWI,iShares,1327,2082,ACWA POWER CO,0.00832577892652058,60548,2781277.13
2026-09-22,2026-09-23T23:38:25.440000Z,ACWI,iShares,1328,ITC,ITC LTD,0.00832300463191595,1000071,2780350.36
2026-09-22,2026-09-23T23:38:25.440000Z,ACWI,iShares,1329,CIPLA,CIPLA LTD,0.00831317652182582,191825,2777067.22
2026-09-22,2026-09-23T23:38:25.440000Z,ACWI,iShares,1330,VBBR3,VIBRA ENERGIA SA,0.0083024921184033,357149,2773498.03
2026-09-22,2026-09-23T23:38:25.440000Z,ACWI,iShares,1331,EPI-B.ST,EPIROC CLASS B,0.00830058396577662,122287,2772860.6
2026-09-22,2026-09-23T23:38:25.440000Z,ACWI,iShares,1332,DPLM.L,DIPLOMA PLC,0.0082920137582252,27219,2769997.67
2026-09-22,2026-09-23T23:38:25.440000Z,ACWI,iShares,1333,ALDAR,ALDAR PROPERTIES,0.00829088493580707,1265224,2769620.58
2026-09-22,2026-09-23T23:38:25.440000Z,ACWI,iShares,1334,2057.HK,ZTO EXPRESS (CAYMAN) INC,0.00828346525361614,139395,2767141.99
2026-09-22,2026-09-23T23:38:25.440000Z,ACWI,iShares,1335,GULF.R,GULF DEVELOPMENT NON-VOTING DR PCL,0.00827410038908862,1471976,2764013.6
2026-09-22,2026-09-23T23:38:25.440000Z,ACWI,iShares,1336,SCHN.SW,SCHINDLER HOLDING AG,0.00820783124789681,8758,2741875.99
2026-09-22,2026-09-23T23:38:25.440000Z,ACWI,iShares,1337,7532.T,PAN PACIFIC INTERNATIONAL HOLDINGS,0.00819550041436483,603900,2737756.8
2026-09-22,2026-09-23T23:38:25.440000Z,ACWI,iShares,1338,DSY,DISCOVERY,0.00819180807033117,166202,2736523.35
2026-09-22,2026-09-23T23:38:25.440000Z,ACWI,iShares,1339,1378.HK,CHINA HONGQIAO GROUP LTD,0.00818893522940072,1004500,2735563.66
2026-09-22,2026-09-23T23:38:25.440000Z,ACWI,iShares,1340,HEN.DE,HENKEL AG,0.00818421126219556,34478,2733985.59
2026-09-22,2026-09-23T23:38:25.440000Z,ACWI,iShares,1341,8951.T,NIPPON BUILDING FUND REIT,0.00818357205815688,3530,2733772.06
2026-09-22,2026-09-23T23:38:25.440000Z,ACWI,iShares,1342,YAR.OL,YARA INTERNATIONAL,0.00817629522622927,57814,2731341.19
2026-09-22,2026-09-23T23:38:25.440000Z,ACWI,iShares,1343,4188.T,MITSUBISHI CHEMICAL GROUP,0.00817429888481891,361200,2730674.3
2026-09-22,2026-09-23T23:38:25.440000Z,ACWI,iShares,1344,SLM,SANLAM LIMITED LTD,0.00817155201075938,539866,2729756.69
2026-09-22,2026-09-23T23:38:25.440000Z,ACWI,iShares,1345,MAXHEALTH,MAX HEALTHCARE INSTITUTE,0.00817082776112177,247003,2729514.75
2026-09-22,2026-09-23T23:38:25.440000Z,ACWI,iShares,1346,2020,SABIC AGRI-NUTRIENTS,0.00816771672665712,82631,2728475.49
2026-09-22,2026-09-23T23:38:25.440000Z,ACWI,iShares,1347,H78.SI,HONGKONG LAND HOLDINGS LTD,0.00816605386218166,317200,2727920
2026-09-22,2026-09-23T23:38:25.440000Z,ACWI,iShares,1348,3328.HK,BANK OF COMMUNICATIONS LTD H,0.00816409682554828,2596000,2727266.24
2026-09-22,2026-09-23T23:38:25.440000Z,ACWI,iShares,1349,SOL,SASOL,0.00815830333734401,200207,2725330.89
2026-09-22,2026-09-23T23:38:25.440000Z,ACWI,iShares,1350,CHILE,BANCO DE CHILE,0.00815679954795222,12809266,2724828.54
2026-09-22,2026-09-23T23:38:25.440000Z,ACWI,iShares,1351,600036,CHINA MERCHANTS BANK A,0.00814803904301524,446700,2721902.04
2026-09-22,2026-09-23T23:38:25.440000Z,ACWI,iShares,1352,DKS,DICKS SPORTING,0.00814090167868545,20304,2719517.76
2026-09-22,2026-09-23T23:38:25.440000Z,ACWI,iShares,1353,SDLF.L,STANDARD LIFE PLC,0.00813488412631084,218000,2717507.56
2026-09-22,2026-09-23T23:38:25.440000Z,ACWI,iShares,1354,SBRY.L,SAINSBURY(J) PLC,0.00812566384828202,600476,2714427.47
2026-09-22,2026-09-23T23:38:25.440000Z,ACWI,iShares,1355,300308,ZHONGJI INNOLIGHT A,0.00812525762907138,19600,2714291.77
2026-09-22,2026-09-23T23:38:25.440000Z,ACWI,iShares,1356,1308.HK,SITC INTERNATIONAL HOLDINGS LTD,0.00811600005191681,441000,2711199.22
2026-09-22,2026-09-23T23:38:25.440000Z,ACWI,iShares,1357,ASX.AX,ASX LTD,0.00811571740476966,65446,2711104.8
2026-09-22,2026-09-23T23:38:25.440000Z,ACWI,iShares,1358,BMRI,BANK MANDIRI (PERSERO),0.0080942942956661,11605528,2703948.28
2026-09-22,2026-09-23T23:38:25.440000Z,ACWI,iShares,1359,KBX.DE,KNORR BREMSE AG,0.00808999639463817,21950,2702512.54
2026-09-22,2026-09-23T23:38:25.440000Z,ACWI,iShares,1360,TRENT,TRENT LTD,0.00807539722944175,92677,2697635.6
2026-09-22,2026-09-23T23:38:25.440000Z,ACWI,iShares,1361,MOWI.OL,MOWI,0.0080688140834219,129568,2695436.46
2026-09-22,2026-09-23T23:38:25.440000Z,ACWI,iShares,1362,003550.KS,LG,0.00806768606925127,31420,2695059.64
2026-09-22,2026-09-23T23:38:25.440000Z,ACWI,iShares,1363,4911.T,SHISEIDO,0.00799110237270971,117900,2669476.39
2026-09-22,2026-09-23T23:38:25.440000Z,ACWI,iShares,1364,SCA-B.ST,SVENSKA CELLULOSA B,0.00798759858982621,209807,2668305.93
2026-09-22,2026-09-23T23:38:25.440000Z,ACWI,iShares,1365,ABF.L,ASSOCIATED BRITISH FOODS PLC,0.00797117823344798,107555,2662820.61
2026-09-22,2026-09-23T23:38:25.440000Z,ACWI,iShares,1366,6479.T,MINEBEA MITSUMI INC,0.00795709125769107,121000,2658114.77
2026-09-22,2026-09-23T23:38:25.440000Z,ACWI,iShares,1367,ORK.OL,ORKLA,0.00795624873450142,266495,2657833.32
2026-09-22,2026-09-23T23:38:25.440000Z,ACWI,iShares,1368,BAJAJ.AUTO,BAJAJ AUTO,0.00794645247535013,22335,2654560.82
2026-09-22,2026-09-23T23:38:25.440000Z,ACWI,iShares,1369,TUPRS.E,TURKIYE PETROL RAFINERILERI A,0.00793951259282819,326149,2652242.51
2026-09-22,2026-09-23T23:38:25.440000Z,ACWI,iShares,1370,042660.KS,HANWHA OCEAN LTD,0.0079138776161537,44003,2643678.99
2026-09-22,2026-09-23T23:38:25.440000Z,ACWI,iShares,1371,BEI.DE,BEIERSDORF AG,0.00790231464768968,30173,2639816.31
2026-09-22,2026-09-23T23:38:25.440000Z,ACWI,iShares,1372,NOK,NOK CASH,0.00790174653949664,24958329,2639626.53
2026-09-22,2026-09-23T23:38:25.440000Z,ACWI,iShares,1373,9021.T,WEST JAPAN RAILWAY,0.00788778990113421,136500,2634964.23
2026-09-22,2026-09-23T23:38:25.440000Z,ACWI,iShares,1374,BAJAJFINSV,BAJAJ FINSERV LTD,0.00788014181418446,138025,2632409.34
2026-09-22,2026-09-23T23:38:25.440000Z,ACWI,iShares,1375,CON.DE,CONTINENTAL AG,0.00787442573813044,32860,2630499.85
2026-09-22,2026-09-23T23:38:25.440000Z,ACWI,iShares,1376,ADANIPOWER,ADANI POWER LTD,0.00787092578693884,1214633,2629330.67
2026-09-22,2026-09-23T23:38:25.440000Z,ACWI,iShares,1377,CHOLAFIN,CHOLAMANDALAM INVESTMENT AND FINAN,0.00787082257073852,142901,2629296.19
2026-09-22,2026-09-23T23:38:25.440000Z,ACWI,iShares,1378,CNA.L,CENTRICA PLC,0.00786591806498809,1309042,2627657.81
2026-09-22,2026-09-23T23:38:25.440000Z,ACWI,iShares,1379,COLO-B,COLOPLAST B,0.00783754863731762,40678,2618180.83
2026-09-22,2026-09-23T23:38:25.440000Z,ACWI,iShares,1380,NED,NEDBANK GROUP LTD,0.00783744655865084,143078,2618146.73
2026-09-22,2026-09-23T23:38:25.440000Z,ACWI,iShares,1381,CLAR.SI,CAPITALAND ASCENDAS REIT,0.00783240833284042,1444775,2616463.68
2026-09-22,2026-09-23T23:38:25.440000Z,ACWI,iShares,1382,SBILIFE,SBI LIFE INSURANCE COMPANY LTD,0.00782397992782407,142277,2613648.12
2026-09-22,2026-09-23T23:38:25.440000Z,ACWI,iShares,1383,FOX,FOX CLASS B,0.00778031253014854,45343,2599060.76
2026-09-22,2026-09-23T23:38:25.440000Z,ACWI,iShares,1384,9926.HK,AKESO INC,0.00775944597429216,212000,2592090.16
2026-09-22,2026-09-23T23:38:25.440000Z,ACWI,iShares,1385,1050,BANQUE SAUDI FRANSI,0.00775566220848479,459364,2590826.17
2026-09-22,2026-09-23T23:38:25.440000Z,ACWI,iShares,1386,2338.HK,WEICHAI POWER LTD H,0.00769347229246727,649000,2570051.25
2026-09-22,2026-09-23T23:38:25.440000Z,ACWI,iShares,1387,PMETAL,PRESS METAL ALUMINIUM HOLDINGS,0.00769258444754697,1378200,2569754.66
2026-09-22,2026-09-23T23:38:25.440000Z,ACWI,iShares,1388,1301.TW,FORMOSA PLASTICS CORP,0.00764117598452315,1251160,2552581.35
2026-09-22,2026-09-23T23:38:25.440000Z,ACWI,iShares,1389,STN.TO,STANTEC,0.00762664213769943,35762,2547726.23
2026-09-22,2026-09-23T23:38:25.440000Z,ACWI,iShares,1390,FEDERALBNK,FEDERAL BANK LTD,0.00762659570837034,744884,2547710.72
2026-09-22,2026-09-23T23:38:25.440000Z,ACWI,iShares,1391,MRO.L,MELROSE INDUSTRIES PLC,0.00762295120061513,391141,2546493.25
2026-09-22,2026-09-23T23:38:25.440000Z,ACWI,iShares,1392,035720.KS,KAKAO,0.00756717041792244,100537,2527859.34
2026-09-22,2026-09-23T23:38:25.440000Z,ACWI,iShares,1393,4523.T,EISAI,0.00756315285903952,80600,2526517.25
2026-09-22,2026-09-23T23:38:25.440000Z,ACWI,iShares,1394,1803.T,SHIMIZU,0.00754902229778734,168200,2521796.85
2026-09-22,2026-09-23T23:38:25.440000Z,ACWI,iShares,1395,IFT.NZ,INFRATIL LTD,0.00751420970059142,305732,2510167.49
2026-09-22,2026-09-23T23:38:25.440000Z,ACWI,iShares,1396,5706.T,MITSUI KINZOKU LIMITED LTD,0.00750596641418956,17300,2507413.77
2026-09-22,2026-09-23T23:38:25.440000Z,ACWI,iShares,1397,DRREDDY,DR REDDYS LABORATORIES,0.00749535855479958,197676,2503870.15
2026-09-22,2026-09-23T23:38:25.440000Z,ACWI,iShares,1398,7912.T,DAI NIPPON PRINTING,0.00748314321085601,132800,2499789.54
2026-09-22,2026-09-23T23:38:25.440000Z,ACWI,iShares,1399,XP,XP CLASS A INC,0.0074452378396021,117262,2487127.02
2026-09-22,2026-09-23T23:38:25.440000Z,ACWI,iShares,1400,TLC.AX,THE LOTTERY CORPORATION LTD,0.00743149173474803,721864,2482535.05
2026-09-22,2026-09-23T23:38:25.440000Z,ACWI,iShares,1401,GAPB,GRUPO AEROPORTUARIO DEL PACIFICO,0.00742335816046164,119370,2479817.98
2026-09-22,2026-09-23T23:38:25.440000Z,ACWI,iShares,1402,000150.KS,DOOSAN CORP,0.00738910585839952,2276,2468375.79
2026-09-22,2026-09-23T23:38:25.440000Z,ACWI,iShares,1403,CAE.TO,CAE,0.00738685405090635,100415,2467623.56
2026-09-22,2026-09-23T23:38:25.440000Z,ACWI,iShares,1404,STERV.HE,STORA ENSO CLASS R,0.00734269571770727,196305,2452872.2
2026-09-22,2026-09-23T23:38:25.440000Z,ACWI,iShares,1405,SRT3.DE,SARTORIUS PREF AG,0.00734189214007348,8472,2452603.76
2026-09-22,2026-09-23T23:38:25.440000Z,ACWI,iShares,1406,PTTEP.R,PTT EXPLORATION AND PRODUCTION NON,0.0073380742781953,545400,2451328.38
2026-09-22,2026-09-23T23:38:25.440000Z,ACWI,iShares,1407,1326.TW,FORMOSA CHEMICALS & FIBRE CORP,0.00732423726046409,1165000,2446706.04
2026-09-22,2026-09-23T23:38:25.440000Z,ACWI,iShares,1408,GET.PA,GETLINK,0.00731580652051049,115324,2443889.7
2026-09-22,2026-09-23T23:38:25.440000Z,ACWI,iShares,1409,COALINDIA,COAL INDIA,0.00728332437029678,543490,2433038.84
2026-09-22,2026-09-23T23:38:25.440000Z,ACWI,iShares,1410,SSW,SIBANYE STILLWATER,0.00726771312954452,873769,2427823.81
2026-09-22,2026-09-23T23:38:25.440000Z,ACWI,iShares,1411,FRES.L,FRESNILLO PLC,0.00726541261765521,60738,2427055.31
2026-09-22,2026-09-23T23:38:25.440000Z,ACWI,iShares,1412,BDMS.R,BANGKOK DUSIT MEDICAL SERVICES NON,0.00724706237577286,4033000,2420925.3
2026-09-22,2026-09-23T23:38:25.440000Z,ACWI,iShares,1413,5019.T,IDEMITSU KOSAN LTD,0.00723391344608703,230200,2416532.82
2026-09-22,2026-09-23T23:38:25.440000Z,ACWI,iShares,1414,2801.TW,CHANG HWA COMMERCIAL BANK LTD,0.00721185882626367,2690787,2409165.34
2026-09-22,2026-09-23T23:38:25.440000Z,ACWI,iShares,1415,9697.T,CAPCOM LTD,0.0071893843667624,86100,2401657.61
2026-09-22,2026-09-23T23:38:25.440000Z,ACWI,iShares,1416,042700.KS,HANMI SEMICONDUCTOR,0.00715215534899746,13521,2389221.03
2026-09-22,2026-09-23T23:38:25.440000Z,ACWI,iShares,1417,3659.T,NEXON,0.00707745346220082,116200,2364266.41
2026-09-22,2026-09-23T23:38:25.440000Z,ACWI,iShares,1418,REC.MI,RECORDATI INDUSTRIA CHIMICA E FARM,0.00707639396945784,39127,2363912.48
2026-09-22,2026-09-23T23:38:25.440000Z,ACWI,iShares,1419,PME.AX,PRO MEDICUS,0.00704455174172503,20154,2353275.39
2026-09-22,2026-09-23T23:38:25.440000Z,ACWI,iShares,1420,27.HK,GALAXY ENTERTAINMENT GROUP,0.00704448298081664,575000,2353252.42
2026-09-22,2026-09-23T23:38:25.440000Z,ACWI,iShares,1421,LAURUSLABS,LAURUS LABS LTD,0.00704257294227911,112098,2352614.36
2026-09-22,2026-09-23T23:38:25.440000Z,ACWI,iShares,1422,CPN.R,CENTRAL PATTANA NON-VOTING DR PCL,0.00703563288014662,1222200,2350295.99
2026-09-22,2026-09-23T23:38:25.440000Z,ACWI,iShares,1423,CUMMINSIND,CUMMINS INDIA LTD,0.00703420359920105,45271,2349818.53
2026-09-22,2026-09-23T23:38:25.440000Z,ACWI,iShares,1424,HM-B.ST,HENNES & MAURITZ,0.00702513955242208,137626,2346790.63
2026-09-22,2026-09-23T23:38:25.440000Z,ACWI,iShares,1425,MOTHERSON,SAMVARDHANA MOTHERSON INTERNATIONA,0.0070090735377385,1383784,2341423.68
2026-09-22,2026-09-23T23:38:25.440000Z,ACWI,iShares,1426,LUG.TO,LUNDIN GOLD,0.00700568632210676,34478,2340292.16
2026-09-22,2026-09-23T23:38:25.440000Z,ACWI,iShares,1427,2319.HK,CHINA MENGNIU DAIRY LTD,0.00700415681847016,1038000,2339781.22
2026-09-22,2026-09-23T23:38:25.440000Z,ACWI,iShares,1428,3993.HK,CHINA MOLYBDENUM H,0.00697919627943869,1164000,2331443
2026-09-22,2026-09-23T23:38:25.440000Z,ACWI,iShares,1429,9107.T,KAWASAKI KISEN LTD,0.00697553997725688,104800,2330221.59
2026-09-22,2026-09-23T23:38:25.440000Z,ACWI,iShares,1430,FME.DE,FRESENIUS MEDICAL CARE AG,0.00697481704476336,51813,2329980.09
2026-09-22,2026-09-23T23:38:25.440000Z,ACWI,iShares,1431,047810.KS,KOREA AEROSPACE INDUSTRIES,0.00689674057494419,24015,2303898.17
2026-09-22,2026-09-23T23:38:25.440000Z,ACWI,iShares,1432,600900,CHINA YANGTZE POWER LTD A,0.00688531632570067,549910,2300081.83
2026-09-22,2026-09-23T23:38:25.440000Z,ACWI,iShares,1433,IAG.MC,INTERNATIONAL AIRLINES GROUP,0.00688102527980902,392664,2298648.38
2026-09-22,2026-09-23T23:38:25.440000Z,ACWI,iShares,1434,288.HK,WH GROUP,0.00686664485033641,2751000,2293844.51
2026-09-22,2026-09-23T23:38:25.440000Z,ACWI,iShares,1435,GBLB,GROUPE BRUXELLES LAMBERT NV,0.00684997378755515,26825,2288275.44
2026-09-22,2026-09-23T23:38:25.440000Z,ACWI,iShares,1436,4612.T,NIPPON PAINT HOLDINGS,0.00682216531359052,311000,2278985.85
2026-09-22,2026-09-23T23:38:25.440000Z,ACWI,iShares,1437,BBAS3,BANCO DO BRASIL SA,0.00681527718884421,513409,2276684.83
2026-09-22,2026-09-23T23:38:25.440000Z,ACWI,iShares,1438,8593.T,MITSUBISHI HC CAPITAL INC,0.00679618542477565,257900,2270307.11
2026-09-22,2026-09-23T23:38:25.440000Z,ACWI,iShares,1439,GRAB,GRAB HOLDINGS CLASS A,0.00675100429925748,711424,2255214.08
2026-09-22,2026-09-23T23:38:25.440000Z,ACWI,iShares,1440,XRO.AX,XERO,0.00674587228680101,51949,2253499.7
2026-09-22,2026-09-23T23:38:25.440000Z,ACWI,iShares,1441,CTC.A,CANADIAN TIRE LTD CLASS A,0.00671697073291917,16771,2243844.96
2026-09-22,2026-09-23T23:38:25.440000Z,ACWI,iShares,1442,PAYTM,ONE COMMUNICATIONS LTD,0.00671117550847951,118133,2241909.03
2026-09-22,2026-09-23T23:38:25.440000Z,ACWI,iShares,1443,601899,ZIJIN MINING GROUP LTD A,0.00670341956539005,477600,2239318.11
2026-09-22,2026-09-23T23:38:25.440000Z,ACWI,iShares,1444,7911.T,TOPPAN HOLDINGS,0.00669515412701945,75500,2236556.99
2026-09-22,2026-09-23T23:38:25.440000Z,ACWI,iShares,1445,AIA.NZ,AUCKLAND INTERNATIONAL AIRPORT,0.00669301400735789,467439,2235842.07
2026-09-22,2026-09-23T23:38:25.440000Z,ACWI,iShares,1446,601138,FOXCONN INDUSTRIAL INTERNET LTD A,0.00668109660739394,236200,2231860.99
2026-09-22,2026-09-23T23:38:25.440000Z,ACWI,iShares,1447,LAND.L,LAND SECURITIES GROUP REIT PLC,0.00659150033551471,261461,2201930.81
2026-09-22,2026-09-23T23:38:25.440000Z,ACWI,iShares,1448,7020,ETIHAD ETISALAT,0.00658707658735624,129825,2200453.03
2026-09-22,2026-09-23T23:38:25.440000Z,ACWI,iShares,1449,HARL.TA,HAREL INSURANCE INVESTMENTS & FINA,0.00656454782559645,32647,2192927.16
2026-09-22,2026-09-23T23:38:25.440000Z,ACWI,iShares,1450,000720.KS,HYUNDAI ENGINEERING & CONSTRUCTION,0.00654336850788946,22611,2185852.08
2026-09-22,2026-09-23T23:38:25.440000Z,ACWI,iShares,1451,SOBI.ST,SWEDISH ORPHAN BIOVITRUM,0.00654064507300767,48029,2184942.3
2026-09-22,2026-09-23T23:38:25.440000Z,ACWI,iShares,1452,5201.T,AGC,0.00653379296017812,60800,2182653.31
2026-09-22,2026-09-23T23:38:25.440000Z,ACWI,iShares,1453,66.HK,MTR CORPORATION,0.00653272316976317,519000,2182295.94
2026-09-22,2026-09-23T23:38:25.440000Z,ACWI,iShares,1454,2801.T,KIKKOMAN CORP,0.00652377560043067,207100,2179306.95
2026-09-22,2026-09-23T23:38:25.440000Z,ACWI,iShares,1455,2099.HK,CHINA GOLD INTERNATIONAL RESOURCES,0.00652039556922123,74800,2178177.83
2026-09-22,2026-09-23T23:38:25.440000Z,ACWI,iShares,1456,TIT.MI,TELECOM ITALIA,0.00651045547194855,252885,2174857.28
2026-09-22,2026-09-23T23:38:25.440000Z,ACWI,iShares,1457,SCC.R,SIAM CEMENT NON-VOTING DR PCL,0.00650496193337514,268800,2173022.13
2026-09-22,2026-09-23T23:38:25.440000Z,ACWI,iShares,1458,KESKOB.HE,KESKO CLASS B,0.00649637861425304,83697,2170154.82
2026-09-22,2026-09-23T23:38:25.440000Z,ACWI,iShares,1459,1177.HK,SINO BIOPHARMACEUTICAL,0.00649388549997601,2916000,2169321.98
2026-09-22,2026-09-23T23:38:25.440000Z,ACWI,iShares,1460,VCX.AX,VICINITY CENTRES,0.00649058467702238,1332518,2168219.32
2026-09-22,2026-09-23T23:38:25.440000Z,ACWI,iShares,1461,NIBE-B.ST,NIBE INDUSTRIER CLASS B,0.00647986533934645,473713,2164638.46
2026-09-22,2026-09-23T23:38:25.440000Z,ACWI,iShares,1462,7259.T,AISIN,0.00647875923766382,152400,2164268.96
2026-09-22,2026-09-23T23:38:25.440000Z,ACWI,iShares,1463,EFN.TO,ELEMENT FLEET MANAGEMENT,0.00647829778820678,122623,2164114.81
2026-09-22,2026-09-23T23:38:25.440000Z,ACWI,iShares,1464,IDR.MC,INDRA SISTEMAS SA,0.00644192275877207,30600,2151963.51
2026-09-22,2026-09-23T23:38:25.440000Z,ACWI,iShares,1465,WISE.L,WISE PLC CLASS A,0.00642898972097623,185599,2147643.15
2026-09-22,2026-09-23T23:38:25.440000Z,ACWI,iShares,1466,079550.KS,LIG DEFENSE&AEROSPACE LTD,0.00642066528053752,4138,2144862.32
2026-09-22,2026-09-23T23:38:25.440000Z,ACWI,iShares,1467,688256,CAMBRICON TECHNOLOGIES CORPORATION,0.00641880942451814,12814,2144242.36
2026-09-22,2026-09-23T23:38:25.440000Z,ACWI,iShares,1468,IVN.TO,IVANHOE MINES CLASS A,0.00640535063668571,236761,2139746.37
2026-09-22,2026-09-23T23:38:25.440000Z,ACWI,iShares,1469,INDT.ST,INDUTRADE,0.00640416329116095,82398,2139349.73
2026-09-22,2026-09-23T23:38:25.440000Z,ACWI,iShares,1470,BVN,BUENAVENTURA ADR REPRESENTING,0.00640065959808274,61619,2138179.3
2026-09-22,2026-09-23T23:38:25.440000Z,ACWI,iShares,1471,8136.T,SANRIO,0.00639389031565524,278200,2135917.98
2026-09-22,2026-09-23T23:38:25.440000Z,ACWI,iShares,1472,3045.TW,TAIWAN MOBILE,0.00638399134920021,549000,2132611.17
2026-09-22,2026-09-23T23:38:25.440000Z,ACWI,iShares,1473,HOT.DE,HOCHTIEF AG,0.00637867212267275,4614,2130834.25
2026-09-22,2026-09-23T23:38:25.440000Z,ACWI,iShares,1474,9042.T,HANKYU HANSHIN HOLDINGS,0.00637304279851795,72600,2128953.74
2026-09-22,2026-09-23T23:38:25.440000Z,ACWI,iShares,1475,9866.HK,NIO CLASS A,0.00635868673621096,587055,2124158.01
2026-09-22,2026-09-23T23:38:25.440000Z,ACWI,iShares,1476,5347,VANGUARD INTERNATIONAL SEMICONDUCT,0.0063415903256947,387737,2118446.85
2026-09-22,2026-09-23T23:38:25.440000Z,ACWI,iShares,1477,6586.T,MAKITA,0.00632607550587667,62900,2113264.03
2026-09-22,2026-09-23T23:38:25.440000Z,ACWI,iShares,1478,HEROMOTOCO,HERO MOTOCORP LTD,0.00631798997741439,37555,2110563.01
2026-09-22,2026-09-23T23:38:25.440000Z,ACWI,iShares,1479,DIM.PA,SARTORIUS STEDIM BIOTECH SA,0.00629854423087229,8909,2104067.04
2026-09-22,2026-09-23T23:38:25.440000Z,ACWI,iShares,1480,BEIJ-B.ST,BEIJER REF CLASS B,0.00629710983102583,138908,2103587.87
2026-09-22,2026-09-23T23:38:25.440000Z,ACWI,iShares,1481,2002.TW,CHINA STEEL CORP,0.0062897576524694,3567305,2101131.83
2026-09-22,2026-09-23T23:38:25.440000Z,ACWI,iShares,1482,UGPA3,ULTRAPAR PARTICIPOES SA,0.0062874516025879,271975,2100361.48
2026-09-22,2026-09-23T23:38:25.440000Z,ACWI,iShares,1483,GVT&D,GE VERNOVA T&D INDIA LTD,0.00628365056423192,46156,2099091.72
2026-09-22,2026-09-23T23:38:25.440000Z,ACWI,iShares,1484,8113.T,UNICHARM,0.00627234440892988,343200,2095314.83
2026-09-22,2026-09-23T23:38:25.440000Z,ACWI,iShares,1485,2015.HK,LI AUTO CLASS A,0.00624680136292569,363076,2086782.02
2026-09-22,2026-09-23T23:38:25.440000Z,ACWI,iShares,1486,RENT3,LOCALIZA RENT A CAR,0.00624563476242031,281429,2086392.31
2026-09-22,2026-09-23T23:38:25.440000Z,ACWI,iShares,1487,ADANIENT,ADANI ENTERPRISES,0.0062452338716562,66553,2086258.39
2026-09-22,2026-09-23T23:38:25.440000Z,ACWI,iShares,1488,7202.T,ISUZU MOTORS,0.00623112543243768,148100,2081545.38
2026-09-22,2026-09-23T23:38:25.440000Z,ACWI,iShares,1489,SUZB3,SUZANO SA,0.00622422470501726,218806,2079240.15
2026-09-22,2026-09-23T23:38:25.440000Z,ACWI,iShares,1490,4755.T,RAKUTEN GROUP,0.00620283733841462,460100,2072095.57
2026-09-22,2026-09-23T23:38:25.440000Z,ACWI,iShares,1491,EXO.AS,EXOR NV,0.0061965550700135,25319,2069996.94
2026-09-22,2026-09-23T23:38:25.440000Z,ACWI,iShares,1492,TATACONSUM,TATA CONSUMER PRODUCTS LTD,0.00619282147542182,200981,2068749.71
2026-09-22,2026-09-23T23:38:25.440000Z,ACWI,iShares,1493,2259.HK,ZIJIN GOLD INTERNATIONAL LTD,0.00618966458039485,110400,2067695.13
2026-09-22,2026-09-23T23:38:25.440000Z,ACWI,iShares,1494,9CI.SI,CAPITALAND INVESTMENT LTD,0.00618415299096042,1013500,2065853.95
2026-09-22,2026-09-23T23:38:25.440000Z,ACWI,iShares,1495,RNO.PA,RENAULT SA,0.00616261077012221,65999,2058657.64
2026-09-22,2026-09-23T23:38:25.440000Z,ACWI,iShares,1496,REM,REMGRO,0.00614969775890353,159207,2054343.97
2026-09-22,2026-09-23T23:38:25.440000Z,ACWI,iShares,1497,ALO.PA,ALSTOM SA,0.00614580017987295,117500,2053041.96
2026-09-22,2026-09-23T23:38:25.440000Z,ACWI,iShares,1498,1658.HK,POSTAL SAVINGS BANK OF CHINA LTD H,0.00611847360103381,2966000,2043913.35
2026-09-22,2026-09-23T23:38:25.440000Z,ACWI,iShares,1499,267.HK,CITIC LTD,0.00611561117751569,1213000,2042957.14
2026-09-22,2026-09-23T23:38:25.440000Z,ACWI,iShares,1500,POLICYBZR,PB FINTECH,0.00611169839145792,108141,2041650.05
2026-09-22,2026-09-23T23:38:25.440000Z,ACWI,iShares,1501,TLKM,TELEKOMUNIKASI INDONESIA,0.00608732065875011,14699700,2033506.52
2026-09-22,2026-09-23T23:38:25.440000Z,ACWI,iShares,1502,JIOFIN,JIO FINANCIAL SERVICES,0.00608424449866868,842296,2032478.91
2026-09-22,2026-09-23T23:38:25.440000Z,ACWI,iShares,1503,RED.MC,REDEIA CORPORACION SA,0.00607835722381837,116669,2030512.23
2026-09-22,2026-09-23T23:38:25.440000Z,ACWI,iShares,1504,3003.T,HULIC,0.00607392599188667,183400,2029031.95
2026-09-22,2026-09-23T23:38:25.440000Z,ACWI,iShares,1505,TLX.DE,TALANX AG,0.00606365511183746,14789,2025600.9
2026-09-22,2026-09-23T23:38:25.440000Z,ACWI,iShares,1506,9901.HK,NEW ORIENTAL EDUCATION & TECHNOLOG,0.00604474681995328,369530,2019284.47
2026-09-22,2026-09-23T23:38:25.440000Z,ACWI,iShares,1507,ZAR,ZAR CASH,0.00604345829381452,32776095,2018854.03
2026-09-22,2026-09-23T23:38:25.440000Z,ACWI,iShares,1508,QAN.AX,QANTAS AIRWAYS,0.00603482112146029,317005,2015968.73
2026-09-22,2026-09-23T23:38:25.440000Z,ACWI,iShares,1509,1548.HK,GENSCRIPT BIOTECH CORP,0.00602236024988476,390000,2011806.1
2026-09-22,2026-09-23T23:38:25.440000Z,ACWI,iShares,1510,300502,EOPTOLINK TECHNOLOGY INC A,0.00601739560453269,29596,2010147.63
2026-09-22,2026-09-23T23:38:25.440000Z,ACWI,iShares,1511,LUPIN,LUPIN,0.0060062114946044,89848,2006411.51
2026-09-22,2026-09-23T23:38:25.440000Z,ACWI,iShares,1512,ASII,ASTRA INTERNATIONAL,0.00600423961016494,7492200,2005752.79
2026-09-22,2026-09-23T23:38:25.440000Z,ACWI,iShares,1513,NPH,NORTHAM PLATINUM HLDGS LTD,0.00598029659487621,114400,1997754.48
2026-09-22,2026-09-23T23:38:25.440000Z,ACWI,iShares,1514,AM.PA,DASSAULT AVIATION SA,0.00597553763354745,6070,1996164.72
2026-09-22,2026-09-23T23:38:25.440000Z,ACWI,iShares,1515,6690.HK,HAIER SMART HOME CLASS H LTD H,0.00597272924287202,786400,1995226.56
2026-09-22,2026-09-23T23:38:25.440000Z,ACWI,iShares,1516,BBSE3,BB SEGURIDADE SA,0.0059669305160265,258963,1993289.46
2026-09-22,2026-09-23T23:38:25.440000Z,ACWI,iShares,1517,086520.KQ,ECOPRO LTD,0.00596466667462599,33786,1992533.21
2026-09-22,2026-09-23T23:38:25.440000Z,ACWI,iShares,1518,JMT,JERONIMO MARTINS SA,0.00594809155381747,94891,1986996.19
2026-09-22,2026-09-23T23:38:25.440000Z,ACWI,iShares,1519,INDHOTEL,INDIAN HOTELS LTD,0.00594486981937927,257883,1985919.95
2026-09-22,2026-09-23T23:38:25.440000Z,ACWI,iShares,1520,278470.KS,APR LTD,0.00593822033719356,7453,1983698.65
2026-09-22,2026-09-23T23:38:25.440000Z,ACWI,iShares,1521,EBP,ERSTE BANK POLSKA SA,0.00593480061205093,9521,1982556.27
2026-09-22,2026-09-23T23:38:25.440000Z,ACWI,iShares,1522,064350.KS,HYUNDAI-ROTEM,0.00591623250256245,22923,1976353.48
2026-09-22,2026-09-23T23:38:25.440000Z,ACWI,iShares,1523,6823.HK,HKT TRUST AND HKT UNITS LTD,0.00590607621404886,1236000,1972960.71
2026-09-22,2026-09-23T23:38:25.440000Z,ACWI,iShares,1524,ABVX.PA,ABIVAX SA,0.00589025120679821,19903,1967674.27
2026-09-22,2026-09-23T23:38:25.440000Z,ACWI,iShares,1525,9868.HK,XPENG CLASS A INC,0.00588730966482956,378634,1966691.63
2026-09-22,2026-09-23T23:38:25.440000Z,ACWI,iShares,1526,LPP,LPP SA,0.00586497904344966,303,1959231.95
2026-09-22,2026-09-23T23:38:25.440000Z,ACWI,iShares,1527,PERSISTENT,PERSISTENT SYSTEMS LTD,0.00584671276950289,34799,1953129.99
2026-09-22,2026-09-23T23:38:25.440000Z,ACWI,iShares,1528,TMPV,TATA MOTORS PASSENGER VEHICLES LTD,0.00584645544744433,622307,1953044.03
2026-09-22,2026-09-23T23:38:25.440000Z,ACWI,iShares,1529,TORNTPHARM,TORRENT PHARMACEUTICALS LTD,0.00584220340697873,37809,1951623.61
2026-09-22,2026-09-23T23:38:25.440000Z,ACWI,iShares,1530,H,HYATT HOTELS CORP CLASS A,0.00579652302398119,12271,1936363.8
2026-09-22,2026-09-23T23:38:25.440000Z,ACWI,iShares,1531,096770.KS,SK INNOVATION LTD,0.00578991467261311,18631,1934156.24
2026-09-22,2026-09-23T23:38:25.440000Z,ACWI,iShares,1532,5876.TW,SHANGHAI COMMERCIAL,0.00577968576156415,1230079,1930739.21
2026-09-22,2026-09-23T23:38:25.440000Z,ACWI,iShares,1533,BCE.TO,BCE INC,0.00577127777228115,88693,1927930.47
2026-09-22,2026-09-23T23:38:25.440000Z,ACWI,iShares,1534,LHA.DE,DEUTSCHE LUFTHANSA AG,0.00575410433877086,213290,1922193.58
2026-09-22,2026-09-23T23:38:25.440000Z,ACWI,iShares,1535,MOL,MOL HUNGARIAN OIL AND GAS,0.0057536151394827,119126,1922030.16
2026-09-22,2026-09-23T23:38:25.440000Z,ACWI,iShares,1536,UHR.SW,THE SWATCH GROUP AG,0.00574699229952966,8924,1919817.76
2026-09-22,2026-09-23T23:38:25.440000Z,ACWI,iShares,1537,017670.KS,SK TELECOM,0.00574367704786125,29851,1918710.28
2026-09-22,2026-09-23T23:38:25.440000Z,ACWI,iShares,1538,2382.HK,SUNNY OPTICAL TECHNOLOGY LTD,0.00572625344677959,223600,1912889.82
2026-09-22,2026-09-23T23:38:25.440000Z,ACWI,iShares,1539,1888.HK,KINGBOARD LAMINATES HOLDINGS LTD,0.00571684933734528,324500,1909748.32
2026-09-22,2026-09-23T23:38:25.440000Z,ACWI,iShares,1540,CGPOWER,CG POWER AND INDUSTRIAL SOLUTIONS,0.00571048289146293,203527,1907621.57
2026-09-22,2026-09-23T23:38:25.440000Z,ACWI,iShares,1541,BMED.MI,BANCA MEDIOLANUM,0.00568358420484169,71031,1898635.9
2026-09-22,2026-09-23T23:38:25.440000Z,ACWI,iShares,1542,DMART,AVENUE SUPERMARTS LTD,0.00568338405881057,48058,1898569.04
2026-09-22,2026-09-23T23:38:25.440000Z,ACWI,iShares,1543,DHER.DE,DELIVERY HERO,0.00564951247125994,44637,1887254.03
2026-09-22,2026-09-23T23:38:25.440000Z,ACWI,iShares,1544,YMM,FULL TRUCK ALLIANCE ADR CLASS A,0.00563075175938375,222602,1880986.9
2026-09-22,2026-09-23T23:38:25.440000Z,ACWI,iShares,1545,SECU-B.ST,SECURITAS B,0.00562511893282307,122768,1879105.22
2026-09-22,2026-09-23T23:38:25.440000Z,ACWI,iShares,1546,1997.HK,WHARF REAL ESTATE INVESTMENT COMPA,0.00561596142868407,476200,1876046.1
2026-09-22,2026-09-23T23:38:25.440000Z,ACWI,iShares,1547,SW.PA,SODEXO SA,0.00560781139009659,28522,1873323.53
2026-09-22,2026-09-23T23:38:25.440000Z,ACWI,iShares,1548,P911.DE,DR ING HC F PORSCHE PRF AG,0.00560680078136031,36118,1872985.93
2026-09-22,2026-09-23T23:38:25.440000Z,ACWI,iShares,1549,VBL,VARUN BEVERAGES,0.00560307257508535,416163,1871740.5
2026-09-22,2026-09-23T23:38:25.440000Z,ACWI,iShares,1550,VIVT3,TELEFONICA BRASIL SA,0.00558650302220411,310867,1866205.34
2026-09-22,2026-09-23T23:38:25.440000Z,ACWI,iShares,1551,3692.HK,HANSOH PHARMACEUTICAL GROUP,0.00558397072289048,414000,1865359.41
2026-09-22,2026-09-23T23:38:25.440000Z,ACWI,iShares,1552,IPN.PA,IPSEN SA,0.00555729131082474,10773,1856446.99
2026-09-22,2026-09-23T23:38:25.440000Z,ACWI,iShares,1553,NAUKRI,INFO EDGE INDIA LTD,0.00554857918099789,135897,1853536.65
2026-09-22,2026-09-23T23:38:25.440000Z,ACWI,iShares,1554,FUTU,FUTU HOLDINGS ADR,0.00553914025705054,16186,1850383.52
2026-09-22,2026-09-23T23:38:25.440000Z,ACWI,iShares,1555,PFC,POWER FINANCE CORPORATION LTD,0.00553464499395513,511176,1848881.85
2026-09-22,2026-09-23T23:38:25.440000Z,ACWI,iShares,1556,1590.TW,AIRTAC INTERNATIONAL GROUP,0.005526342974901,46393,1846108.51
2026-09-22,2026-09-23T23:38:25.440000Z,ACWI,iShares,1557,SYENS,SYENSQO NV,0.00552266128776041,20396,1844878.62
2026-09-22,2026-09-23T23:38:25.440000Z,ACWI,iShares,1558,002594,BYD A,0.00550924033788541,142400,1840395.27
2026-09-22,2026-09-23T23:38:25.440000Z,ACWI,iShares,1559,GGBR4,GERDAU PREF SA,0.00549301740344485,365868,1834975.9
2026-09-22,2026-09-23T23:38:25.440000Z,ACWI,iShares,1560,1878.T,DAITO TRUST CONSTRUCTION LTD,0.00548047361166198,85900,1830785.57
2026-09-22,2026-09-23T23:38:25.440000Z,ACWI,iShares,1561,SPX.L,SPIRAX GROUP PLC,0.00547394596530436,18833,1828604.97
2026-09-22,2026-09-23T23:38:25.440000Z,ACWI,iShares,1562,1339.HK,THE PEOPLES INSURANCE CO (GROUP),0.00546159537461107,2442000,1824479.18
2026-09-22,2026-09-23T23:38:25.440000Z,ACWI,iShares,1563,BHEL,BHARAT HEAVY ELECTRICALS LTD,0.00546092602593384,409606,1824255.58
2026-09-22,2026-09-23T23:38:25.440000Z,ACWI,iShares,1564,ONGC,OIL AND NATURAL GAS LTD,0.00543706335643446,735392,1816284.11
2026-09-22,2026-09-23T23:38:25.440000Z,ACWI,iShares,1565,6841.T,YOKOGAWA ELECTRIC,0.00543662019731917,61400,1816136.07
2026-09-22,2026-09-23T23:38:25.440000Z,ACWI,iShares,1566,ZAL.DE,ZALANDO,0.00542728233424545,70893,1813016.7
2026-09-22,2026-09-23T23:38:25.440000Z,ACWI,iShares,1567,071050.KS,KOREA INVESTMENT HOLDINGS LTD,0.0054266244806439,13216,1812796.94
2026-09-22,2026-09-23T23:38:25.440000Z,ACWI,iShares,1568,BRITANNIA,BRITANNIA INDUSTRIES LTD,0.00541616967938391,35173,1809304.45
2026-09-22,2026-09-23T23:38:25.440000Z,ACWI,iShares,1569,688.HK,CHINA OVERSEAS LAND INVESTMENT,0.00540344953996878,1139000,1805055.21
2026-09-22,2026-09-23T23:38:25.440000Z,ACWI,iShares,1570,ORDS,OOREDOO,0.00539004819757963,520310,1800578.41
2026-09-22,2026-09-23T23:38:25.440000Z,ACWI,iShares,1571,20.HK,SENSETIME GROUP CLASS B INC,0.00538804191771842,11160000,1799908.2
2026-09-22,2026-09-23T23:38:25.440000Z,ACWI,iShares,1572,ELISA.HE,ELISA,0.00538505119239213,42559,1798909.13
2026-09-22,2026-09-23T23:38:25.440000Z,ACWI,iShares,1573,EMSN.SW,EMS-CHEMIE HOLDING AG,0.00536610153020956,1756,1792578.88
2026-09-22,2026-09-23T23:38:25.440000Z,ACWI,iShares,1574,TRYG,TRYG,0.00536011023091142,78882,1790577.45
2026-09-22,2026-09-23T23:38:25.440000Z,ACWI,iShares,1575,TATAPOWER,TATA POWER LTD,0.00535480315803168,465997,1788804.59
2026-09-22,2026-09-23T23:38:25.440000Z,ACWI,iShares,1576,COMI,COMMERCIAL INTERNATIONAL BANK EGYP,0.0053479793937351,700345,1786525.07
2026-09-22,2026-09-23T23:38:25.440000Z,ACWI,iShares,1577,ELI,ELIA GROUP SA,0.00534151993951911,12952,1784367.25
2026-09-22,2026-09-23T23:38:25.440000Z,ACWI,iShares,1578,BCI,BANCO DE CREDITO E INVERSION,0.00533223754617253,25196,1781266.41
2026-09-22,2026-09-23T23:38:25.440000Z,ACWI,iShares,1579,BPCL,BHARAT PETROLEUM,0.00532124891240087,541930,1777595.59
2026-09-22,2026-09-23T23:38:25.440000Z,ACWI,iShares,1580,IG.MI,ITALGAS,0.00531851137809033,181858,1776681.1
2026-09-22,2026-09-23T23:38:25.440000Z,ACWI,iShares,1581,SOLARINDS,SOLAR INDUSTRIES INDIA LTD,0.00530352673870264,8516,1771675.39
2026-09-22,2026-09-23T23:38:25.440000Z,ACWI,iShares,1582,267250.KS,HD HYUNDAI LTD,0.00528044723110368,11574,1763965.54
2026-09-22,2026-09-23T23:38:25.440000Z,ACWI,iShares,1583,AUBANK,AU SMALL FINANCE BANK,0.00525221484628851,161853,1754534.34
2026-09-22,2026-09-23T23:38:25.440000Z,ACWI,iShares,1584,2280,ALMARAI,0.00524490062542987,145374,1752090.98
2026-09-22,2026-09-23T23:38:25.440000Z,ACWI,iShares,1585,002371,NAURA TECHNOLOGY GROUP LTD A,0.00523662003990226,17415,1749324.8
2026-09-22,2026-09-23T23:38:25.440000Z,ACWI,iShares,1586,1816.HK,CGN POWER LTD H,0.00522943944929832,4629000,1746926.08
2026-09-22,2026-09-23T23:38:25.440000Z,ACWI,iShares,1587,ADNOCGAS,ADNOC GAS PLC,0.00519048290725725,1947523,1733912.41
2026-09-22,2026-09-23T23:38:25.440000Z,ACWI,iShares,1588,HAG.DE,HENSOLDT AG,0.00518778494713952,19593,1733011.14
2026-09-22,2026-09-23T23:38:25.440000Z,ACWI,iShares,1589,PLN,PLN CASH,0.00518530299865215,6590000,1732182.03
2026-09-22,2026-09-23T23:38:25.440000Z,ACWI,iShares,1590,7181.T,JAPAN POST INSURANCE LTD,0.00517874538726654,151200,1729991.42
2026-09-22,2026-09-23T23:38:25.440000Z,ACWI,iShares,1591,POLYCAB,POLYCAB INDIA,0.00514864184959951,19693,1719935.15
2026-09-22,2026-09-23T23:38:25.440000Z,ACWI,iShares,1592,GCARSOA1,GRUPO CARSO SERIES A1,0.00513732952766833,220381,1716156.2
2026-09-22,2026-09-23T23:38:25.440000Z,ACWI,iShares,1593,PAH3.DE,PORSCHE AUTOMOBIL HOLDING PREF,0.00513732479792366,54938,1716154.62
2026-09-22,2026-09-23T23:38:25.440000Z,ACWI,iShares,1594,INDUSTOWER,INDUS TOWERS LTD,0.00512578469987061,428439,1712299.58
2026-09-22,2026-09-23T23:38:25.440000Z,ACWI,iShares,1595,086280.KS,HYUNDAI GLOVIS LTD,0.00512114018040201,11446,1710748.05
2026-09-22,2026-09-23T23:38:25.440000Z,ACWI,iShares,1596,1171.HK,YANKUANG ENERGY GROUP COMPANY H,0.00510409630597378,1101600,1705054.44
2026-09-22,2026-09-23T23:38:25.440000Z,ACWI,iShares,1597,LI.PA,KLEPIERRE REIT SA,0.00509772983015633,40707,1702927.68
2026-09-22,2026-09-23T23:38:25.440000Z,ACWI,iShares,1598,RADL3,RAIA DROGASIL,0.0050951393370221,430122,1702062.31
2026-09-22,2026-09-23T23:38:25.440000Z,ACWI,iShares,1599,REA.AX,REA GROUP LTD,0.00509282622245868,15234,1701289.6
2026-09-22,2026-09-23T23:38:25.440000Z,ACWI,iShares,1600,HDFCLIFE,HDFC LIFE INSURANCE COMPANY LTD,0.00508608606687657,290484,1699038.01
2026-09-22,2026-09-23T23:38:25.440000Z,ACWI,iShares,1601,5871.TW,CHAILEASE HOLDING LTD,0.0050725495076728,496807,1694516.04
2026-09-22,2026-09-23T23:38:25.440000Z,ACWI,iShares,1602,RXL.PA,REXEL SA,0.00506531120220975,39582,1692098.04
2026-09-22,2026-09-23T23:38:25.440000Z,ACWI,iShares,1603,PIDILITIND,PIDILITE INDUSTRIES LTD,0.00506390311530995,102836,1691627.66
2026-09-22,2026-09-23T23:38:25.440000Z,ACWI,iShares,1604,AZRG.TA,AZRIELI GROUP LTD,0.00505911499720071,13341,1690028.16
2026-09-22,2026-09-23T23:38:25.440000Z,ACWI,iShares,1605,GFINBURO,GRUPO FINANCIERO INBURSA SRIES O,0.00504364130820033,701121,1684859.08
2026-09-22,2026-09-23T23:38:25.440000Z,ACWI,iShares,1606,DEWA,DUBAI ELECTRICITY AND WATER AUTHOR,0.00499311865451049,2227726,1667981.68
2026-09-22,2026-09-23T23:38:25.440000Z,ACWI,iShares,1607,ANA.MC,ACCIONA,0.00496138718662141,6626,1657381.59
2026-09-22,2026-09-23T23:38:25.440000Z,ACWI,iShares,1608,ASHOKLEY,ASHOK LEYLAND,0.00494129139953701,981737,1650668.47
2026-09-22,2026-09-23T23:38:25.440000Z,ACWI,iShares,1609,011070.KS,LG INNOTEK LTD,0.0049372097196851,4133,1649304.96
2026-09-22,2026-09-23T23:38:25.440000Z,ACWI,iShares,1610,7550.T,ZENSHO HOLDINGS,0.00493274753486734,24800,1647814.34
2026-09-22,2026-09-23T23:38:25.440000Z,ACWI,iShares,1611,148.HK,KINGBOARD HOLDINGS,0.00492927748883355,232500,1646655.15
2026-09-22,2026-09-23T23:38:25.440000Z,ACWI,iShares,1612,VER,VERBUND AG,0.0049289754138111,23172,1646554.24
2026-09-22,2026-09-23T23:38:25.440000Z,ACWI,iShares,1613,015760.KS,KOREA ELECTRIC POWER,0.00492339410554531,72409,1644689.77
2026-09-22,2026-09-23T23:38:25.440000Z,ACWI,iShares,1614,ICL.TA,ICL GROUP,0.00492039383092439,306067,1643687.51
2026-09-22,2026-09-23T23:38:25.440000Z,ACWI,iShares,1615,018260.KS,SAMSUNG SDS,0.00491784072672119,9873,1642834.63
2026-09-22,2026-09-23T23:38:25.440000Z,ACWI,iShares,1616,SGH.AX,SGH,0.00491444123770136,63283,1641699.01
2026-09-22,2026-09-23T23:38:25.440000Z,ACWI,iShares,1617,358.HK,JIANGXI COPPER LTD H,0.0049119596783702,375000,1640870.03
2026-09-22,2026-09-23T23:38:25.440000Z,ACWI,iShares,1618,INDUSINDBK,INDUSIND BANK,0.00488272883846646,163292,1631105.29
2026-09-22,2026-09-23T23:38:25.440000Z,ACWI,iShares,1619,BSANTANDER,BANCO SANTANDER CHILE,0.00487837938920857,18580000,1629652.33
2026-09-22,2026-09-23T23:38:25.440000Z,ACWI,iShares,1620,EVK.DE,EVONIK INDUSTRIES AG,0.00487685254979524,79186,1629142.28
2026-09-22,2026-09-23T23:38:25.440000Z,ACWI,iShares,1621,PETGAS,PETRONAS GAS,0.00484536053271427,381800,1618622.18
2026-09-22,2026-09-23T23:38:25.440000Z,ACWI,iShares,1622,2513.HK,Z AI CO LTD H,0.00484257396472155,17100,1617691.31
2026-09-22,2026-09-23T23:38:25.440000Z,ACWI,iShares,1623,RDOR3,REDE DOR SAO LUIZ SA,0.00482166573921586,214380,1610706.79
2026-09-22,2026-09-23T23:38:25.440000Z,ACWI,iShares,1624,VAML,VEDANTA ALUMINIUM METAL LTD,0.00480078547308694,360472,1603731.61
2026-09-22,2026-09-23T23:38:25.440000Z,ACWI,iShares,1625,LOTB,LOTUS BAKERIES NV,0.00479826098683255,111,1602888.29
2026-09-22,2026-09-23T23:38:25.440000Z,ACWI,iShares,1626,601288,AGRICULTURAL BANK OF CHINA LTD A,0.00479259624946285,1558900,1600995.95
2026-09-22,2026-09-23T23:38:25.440000Z,ACWI,iShares,1627,1208.HK,MMG LTD,0.00478760121999149,1432800,1599327.33
2026-09-22,2026-09-23T23:38:25.440000Z,ACWI,iShares,1628,4013,DR SULAIMAN AL HABIB MEDICAL GRP,0.00477458074178929,26328,1594977.76
2026-09-22,2026-09-23T23:38:25.440000Z,ACWI,iShares,1629,IHH,IHH HEALTHCARE,0.00476846347562023,811600,1592934.25
2026-09-22,2026-09-23T23:38:25.440000Z,ACWI,iShares,1630,12.HK,HENDERSON LAND DEVELOPMENT LTD,0.00476589058432063,473003,1592074.76
2026-09-22,2026-09-23T23:38:25.440000Z,ACWI,iShares,1631,4091.T,NIPPON SANSO HOLDINGS,0.0047553639089026,45500,1588558.26
2026-09-22,2026-09-23T23:38:25.440000Z,ACWI,iShares,1632,300.HK,MIDEA GROUP CLASS H,0.00472408772384143,128600,1578110.26
2026-09-22,2026-09-23T23:38:25.440000Z,ACWI,iShares,1633,1919.HK,COSCO SHIPPING HOLDINGS LTD H,0.00472299617061395,725800,1577745.62
2026-09-22,2026-09-23T23:38:25.440000Z,ACWI,iShares,1634,DLF,DLF LTD,0.00471375245340739,224865,1574657.7
2026-09-22,2026-09-23T23:38:25.440000Z,ACWI,iShares,1635,DNP,DINO POLSKA,0.00471092098277533,166401,1573711.83
2026-09-22,2026-09-23T23:38:25.440000Z,ACWI,iShares,1636,AKBNK.E,AKBANK A,0.00469866522645634,1048262,1569617.72
2026-09-22,2026-09-23T23:38:25.440000Z,ACWI,iShares,1637,006800.KS,MIRAE ASSET SECURITIES CO LTD,0.00469528800914563,64850,1568489.54
2026-09-22,2026-09-23T23:38:25.440000Z,ACWI,iShares,1638,2618.TW,EVA AIRWAYS,0.00468492145653951,1166000,1565026.53
2026-09-22,2026-09-23T23:38:25.440000Z,ACWI,iShares,1639,600030,CITIC SECURITIES A,0.00467444689811821,389023,1561527.44
2026-09-22,2026-09-23T23:38:25.440000Z,ACWI,iShares,1640,SDR.L,SCHRODERS PLC,0.0046736678672606,198607,1561267.2
2026-09-22,2026-09-23T23:38:25.440000Z,ACWI,iShares,1641,JBS,JBS N V NV CLASS A,0.00466704472795664,131013,1559054.7
2026-09-22,2026-09-23T23:38:25.440000Z,ACWI,iShares,1642,PPC,PUBLIC POWER CORPORATION SA,0.00465099838062909,57244,1553694.32
2026-09-22,2026-09-23T23:38:25.440000Z,ACWI,iShares,1643,2376.TW,GIGABYTE TECHNOLOGY LTD,0.004642945780769,134000,1551004.3
2026-09-22,2026-09-23T23:38:25.440000Z,ACWI,iShares,1644,BELA,JUMBO,0.00462666941218761,54029,1545567.08
2026-09-22,2026-09-23T23:38:25.440000Z,ACWI,iShares,1645,TME,TENCENT MUSIC ENTERTAINMENT GROUP,0.00462476853378851,186586,1544932.08
2026-09-22,2026-09-23T23:38:25.440000Z,ACWI,iShares,1646,1038.HK,CHEUNG KONG INFRASTRUCTURE HOLDING,0.00462282386034849,184500,1544282.45
2026-09-22,2026-09-23T23:38:25.440000Z,ACWI,iShares,1647,9435.T,HIKARI TSUSHIN INC,0.0046213959264821,6300,1543805.44
2026-09-22,2026-09-23T23:38:25.440000Z,ACWI,iShares,1648,DIXON,DIXON TECHNOLOGIES (INDIA) LTD,0.00459609514518474,11219,1535353.56
2026-09-22,2026-09-23T23:38:25.440000Z,ACWI,iShares,1649,CPR.MI,DAVIDE CAMPARI MILANO NV,0.00458954094639972,220521,1533164.09
2026-09-22,2026-09-23T23:38:25.440000Z,ACWI,iShares,1650,SRF,SRF LTD,0.00458943455707956,57746,1533128.55
2026-09-22,2026-09-23T23:38:25.440000Z,ACWI,iShares,1651,LTM,LTM LTD,0.00455673079737311,34998,1522203.66
2026-09-22,2026-09-23T23:38:25.440000Z,ACWI,iShares,1652,1336.HK,NEW CHINA LIFE INSURANCE COMPANY L,0.00455115391950107,252000,1520340.67
2026-09-22,2026-09-23T23:38:25.440000Z,ACWI,iShares,1653,DIE,DIETEREN (D) SA,0.00454905400266928,8203,1519639.18
2026-09-22,2026-09-23T23:38:25.440000Z,ACWI,iShares,1654,AC*,ARCA CONTINENTAL,0.00454515343012941,132952,1518336.17
2026-09-22,2026-09-23T23:38:25.440000Z,ACWI,iShares,1655,4938.TW,PEGATRON,0.00453507581103996,533000,1514969.68
2026-09-22,2026-09-23T23:38:25.440000Z,ACWI,iShares,1656,WTC.AX,WISETECH GLOBAL,0.00452332853220895,65073,1511045.43
2026-09-22,2026-09-23T23:38:25.440000Z,ACWI,iShares,1657,NEM.DE,NEMETSCHEK,0.00448722246958395,21232,1498983.98
2026-09-22,2026-09-23T23:38:25.440000Z,ACWI,iShares,1658,IQCD,INDUSTRIES QATAR,0.00448680804815785,556867,1498845.54
2026-09-22,2026-09-23T23:38:25.440000Z,ACWI,iShares,1659,BHARATFORG,BHARAT FORGE,0.00448658646860021,71325,1498771.52
2026-09-22,2026-09-23T23:38:25.440000Z,ACWI,iShares,1660,788.HK,CHINA TOWER CORP LTD H,0.00444480827463755,1294000,1484815.26
2026-09-22,2026-09-23T23:38:25.440000Z,ACWI,iShares,1661,4904.TW,FAR EASTONE TELECOMMUNICATIONS LTD,0.00443840884028282,445000,1482677.49
2026-09-22,2026-09-23T23:38:25.440000Z,ACWI,iShares,1662,1138.HK,COSCO SHIPPING ENERGY TRANSPORTATI,0.00443525152616455,604000,1481622.77
2026-09-22,2026-09-23T23:38:25.440000Z,ACWI,iShares,1663,836.HK,CHINA RESOURCES POWER LTD,0.00441224506019227,612000,1473937.32
2026-09-22,2026-09-23T23:38:25.440000Z,ACWI,iShares,1664,YTLPOWR,YTL POWER INTERNATIONAL,0.00440669479461781,1011840,1472083.22
2026-09-22,2026-09-23T23:38:25.440000Z,ACWI,iShares,1665,ASURB,GRUPO AEROPORTUARIO DEL SURESTE B,0.00439627642436589,60228,1468602.9
2026-09-22,2026-09-23T23:38:25.440000Z,ACWI,iShares,1666,6618.HK,JD HEALTH INTERNATIONAL INC,0.00437415391175183,317300,1461212.74
2026-09-22,2026-09-23T23:38:25.440000Z,ACWI,iShares,1667,ZAIN,MOBILE TEL,0.00436095888202294,739167,1456804.86
2026-09-22,2026-09-23T23:38:25.440000Z,ACWI,iShares,1668,9602.T,TOHO (TOKYO),0.00435896921613829,144900,1456140.2
2026-09-22,2026-09-23T23:38:25.440000Z,ACWI,iShares,1669,OUT,OUTSURANCE GROUP,0.00432367858544386,271621,1444351.15
2026-09-22,2026-09-23T23:38:25.440000Z,ACWI,iShares,1670,ADNOCDRILL,ADNOC DRILLING COMPANY,0.00431738799508691,939214,1442249.74
2026-09-22,2026-09-23T23:38:25.440000Z,ACWI,iShares,1671,MOTV3,MOTIVA INFRAESTRUTURA DE MOBILIDAD,0.00429248660779902,439222,1433931.28
2026-09-22,2026-09-23T23:38:25.440000Z,ACWI,iShares,1672,3533.TW,LOTES,0.00428927223739368,26000,1432857.5
2026-09-22,2026-09-23T23:38:25.440000Z,ACWI,iShares,1673,AUROPHARMA,AUROBINDO PHARMA,0.00428350063174232,80474,1430929.46
2026-09-22,2026-09-23T23:38:25.440000Z,ACWI,iShares,1674,TUB,FINANCIERE DE TUBIZE SA,0.00427853532781821,6924,1429270.77
2026-09-22,2026-09-23T23:38:25.440000Z,ACWI,iShares,1675,1140,BANK ALBILAD,0.0042782811489444,218438,1429185.86
2026-09-22,2026-09-23T23:38:25.440000Z,ACWI,iShares,1676,2688.HK,ENN ENERGY HOLDINGS LTD,0.00427509491752639,232200,1428121.48
2026-09-22,2026-09-23T23:38:25.440000Z,ACWI,iShares,1677,4768.T,OTSUKA CORP,0.00427482454376732,61600,1428031.16
2026-09-22,2026-09-23T23:38:25.440000Z,ACWI,iShares,1678,688041,HYGON INFORMATION TECHNOLOGY LTD A,0.00424905922969835,37144,1419424.1
2026-09-22,2026-09-23T23:38:25.440000Z,ACWI,iShares,1679,DIB,DB ISLAMIC BANK,0.00424744527916469,715845,1418884.95
2026-09-22,2026-09-23T23:38:25.440000Z,ACWI,iShares,1680,FORTIS,FORTIS HEALTHCARE LTD,0.0042465476754041,151275,1418585.1
2026-09-22,2026-09-23T23:38:25.440000Z,ACWI,iShares,1681,GAIL,GAIL INDIA LTD,0.00422487990678628,785228,1411346.85
2026-09-22,2026-09-23T23:38:25.440000Z,ACWI,iShares,1682,601901,FOUNDER SECURITIES LTD A,0.00421515474348062,1367100,1408098.1
2026-09-22,2026-09-23T23:38:25.440000Z,ACWI,iShares,1683,7201.T,NISSAN MOTOR,0.00420967745966265,708200,1406268.38
2026-09-22,2026-09-23T23:38:25.440000Z,ACWI,iShares,1684,NATIONALUM,NATIONAL ALUMINIUM CO LTD,0.00419138499250959,380079,1400157.67
2026-09-22,2026-09-23T23:38:25.440000Z,ACWI,iShares,1685,BAAKOMB,KOMERCNI BANK,0.00418920987872444,28577,1399431.06
2026-09-22,2026-09-23T23:38:25.440000Z,ACWI,iShares,1686,3606.HK,FUYAO GLASS INDUSTRY GROUP LTD H,0.00417963115789325,202800,1396231.23
2026-09-22,2026-09-23T23:38:25.440000Z,ACWI,iShares,1687,KOFUBL,COCA-COLA FEMSA CLASS UBL UNITS,0.0041782633336934,124900,1395774.3
2026-09-22,2026-09-23T23:38:25.440000Z,ACWI,iShares,1688,601318,PING AN INSURANCE (GROUP) OF CHINA,0.00416381854377106,171100,1390948.93
2026-09-22,2026-09-23T23:38:25.440000Z,ACWI,iShares,1689,2268.HK,WUXI XDC CAYMAN INC,0.00415026243695162,135000,1386420.43
2026-09-22,2026-09-23T23:38:25.440000Z,ACWI,iShares,1690,UNITDSPR,UNITED SPIRITS,0.00413304460969855,94421,1380668.71
2026-09-22,2026-09-23T23:38:25.440000Z,ACWI,iShares,1691,KCHOL.E,KOC HOLDING A,0.00413287484778672,304843,1380612
2026-09-22,2026-09-23T23:38:25.440000Z,ACWI,iShares,1692,BOUBYAN,BOUBYAN BANK,0.00412846936003492,647651,1379140.32
2026-09-22,2026-09-23T23:38:25.440000Z,ACWI,iShares,1693,BZ,KANZHUN AMERICAN DEPOSITORY SHARES,0.00412743121101317,93036,1378793.52
2026-09-22,2026-09-23T23:38:25.440000Z,ACWI,iShares,1694,CMIG4,CIA ENERGETICA DE MINAS GERAIS PRE,0.00412144164795042,619587,1376792.67
2026-09-22,2026-09-23T23:38:25.440000Z,ACWI,iShares,1695,6030.HK,CITIC SECURITIES COMPANY H,0.0041137255784047,422025,1374215.07
2026-09-22,2026-09-23T23:38:25.440000Z,ACWI,iShares,1696,19.HK,SWIRE PACIFIC LTD A,0.00410703948560036,105500,1371981.54
2026-09-22,2026-09-23T23:38:25.440000Z,ACWI,iShares,1697,POWERINDIA,HITACHI ENERGY INDIA LTD,0.00410271718747173,4171,1370537.65
2026-09-22,2026-09-23T23:38:25.440000Z,ACWI,iShares,1698,272210.KS,HANWHA SYSTEMS LTD,0.00409897688741924,24028,1369288.18
2026-09-22,2026-09-23T23:38:25.440000Z,ACWI,iShares,1699,9698.HK,GDS HOLDINGS CLASS A,0.00409663162256605,323500,1368504.73
2026-09-22,2026-09-23T23:38:25.440000Z,ACWI,iShares,1700,VAR.OL,VAR ENERGI,0.004095334624796,250979,1368071.46
2026-09-22,2026-09-23T23:38:25.440000Z,ACWI,iShares,1701,PHP,PHP CASH,0.00408707981338337,85639314,1365313.89
2026-09-22,2026-09-23T23:38:25.440000Z,ACWI,iShares,1702,2356.TW,INVENTEC,0.0040848014833979,706000,1364552.8
2026-09-22,2026-09-23T23:38:25.440000Z,ACWI,iShares,1703,BCVN.SW,BC VAUD N,0.00408127740452142,8778,1363375.56
2026-09-22,2026-09-23T23:38:25.440000Z,ACWI,iShares,1704,RAIL3,RUMO SA,0.00405675095427209,442403,1355182.35
2026-09-22,2026-09-23T23:38:25.440000Z,ACWI,iShares,1705,HDFCAMC,HDFC ASSET MANAGEMENT COMPANY LTD,0.00401616109369226,52785,1341623.06
2026-09-22,2026-09-23T23:38:25.440000Z,ACWI,iShares,1706,600183,SHENGYI TECHNOLOGY LTD A,0.00401272164132341,62600,1340474.09
2026-09-22,2026-09-23T23:38:25.440000Z,ACWI,iShares,1707,HINDPETRO,HINDUSTAN PETROLEUM CORP LTD,0.00401199038687406,355238,1340229.81
2026-09-22,2026-09-23T23:38:25.440000Z,ACWI,iShares,1708,ENEV3,ENEVA,0.00401124727812793,247304,1339981.57
2026-09-22,2026-09-23T23:38:25.440000Z,ACWI,iShares,1709,BIMBOA,GRUPO BIMBO A,0.00400448239615909,417726,1337721.72
2026-09-22,2026-09-23T23:38:25.440000Z,ACWI,iShares,1710,GAMUDA,GAMUDA,0.00398969278390164,1122400,1332781.16
2026-09-22,2026-09-23T23:38:25.440000Z,ACWI,iShares,1711,1080,ARAB NATIONAL BANK,0.00398903220620663,220060,1332560.49
2026-09-22,2026-09-23T23:38:25.440000Z,ACWI,iShares,1712,2912.TW,PRESIDENT CHAIN STORE CORP,0.00398561029580222,197000,1331417.38
2026-09-22,2026-09-23T23:38:25.440000Z,ACWI,iShares,1713,AMUN.PA,AMUNDI SA,0.00398521260809305,12544,1331284.53
2026-09-22,2026-09-23T23:38:25.440000Z,ACWI,iShares,1714,3908.HK,CHINA INTERNATIONAL CAPITAL H,0.00396479645564444,500400,1324464.39
2026-09-22,2026-09-23T23:38:25.440000Z,ACWI,iShares,1715,BDO,BDO UNIBANK,0.00394982376035882,738958,1319462.67
2026-09-22,2026-09-23T23:38:25.440000Z,ACWI,iShares,1716,AVOL.SW,AVOLTA AG,0.00393713313694528,24763,1315223.29
2026-09-22,2026-09-23T23:38:25.440000Z,ACWI,iShares,1717,WIPRO,WIPRO,0.00392818616631463,755770,1312234.5
2026-09-22,2026-09-23T23:38:25.440000Z,ACWI,iShares,1718,DU,EMIRATES INTEGRATED TELECOMMUNICAT,0.00392431639698536,397925,1310941.78
2026-09-22,2026-09-23T23:38:25.440000Z,ACWI,iShares,1719,RECLTD,REC,0.00390629807541307,406248,1304922.65
2026-09-22,2026-09-23T23:38:25.440000Z,ACWI,iShares,1720,MARICO,MARICO,0.00386963527993032,148901,1292675.22
2026-09-22,2026-09-23T23:38:25.440000Z,ACWI,iShares,1721,T.TO,TELUS,0.00386481300588008,150181,1291064.31
2026-09-22,2026-09-23T23:38:25.440000Z,ACWI,iShares,1722,603259,WUXI APPTEC A,0.00385964034156746,51459,1289336.35
2026-09-22,2026-09-23T23:38:25.440000Z,ACWI,iShares,1723,2207.TW,HOTAI MOTOR LTD,0.00384190975610812,78000,1283413.34
2026-09-22,2026-09-23T23:38:25.440000Z,ACWI,iShares,1724,ILS,ILS CASH,0.00383347907602471,3860616,1280597.02
2026-09-22,2026-09-23T23:38:25.440000Z,ACWI,iShares,1725,HTO,HELLENIC TELECOMMUNICATIONS ORGANI,0.00383068804770315,56482,1279664.66
2026-09-22,2026-09-23T23:38:25.440000Z,ACWI,iShares,1726,NYKAA,FSN E-COMMERCE VENTURES,0.00382514867850251,366263,1277814.2
2026-09-22,2026-09-23T23:38:25.440000Z,ACWI,iShares,1727,PHOENIXLTD,PHOENIX MILLS,0.00381721525024725,62411,1275163.99
2026-09-22,2026-09-23T23:38:25.440000Z,ACWI,iShares,1728,83.HK,SINO LAND LTD,0.00380850530568218,988000,1272254.38
2026-09-22,2026-09-23T23:38:25.440000Z,ACWI,iShares,1729,010950.KS,S-OIL,0.00380687058019404,11194,1271708.29
2026-09-22,2026-09-23T23:38:25.440000Z,ACWI,iShares,1730,AMBANK,AMMB HOLDINGS,0.00380323738790395,779900,1270494.6
2026-09-22,2026-09-23T23:38:25.440000Z,ACWI,iShares,1731,CEN.NZ,CONTACT ENERGY LTD,0.00379990010400717,252402,1269379.76
2026-09-22,2026-09-23T23:38:25.440000Z,ACWI,iShares,1732,INDIANB,INDIAN BANK,0.00379083114787296,143995,1266350.22
2026-09-22,2026-09-23T23:38:25.440000Z,ACWI,iShares,1733,PPH,PEPKOR HOLDINGS SHS LTD,0.00378745982777555,1112123,1265224.01
2026-09-22,2026-09-23T23:38:25.440000Z,ACWI,iShares,1734,601328,BANK OF COMMUNICATIONS LTD A,0.00376745103207111,1116700,1258539.95
2026-09-22,2026-09-23T23:38:25.440000Z,ACWI,iShares,1735,PCHEM,PETRONAS CHEMICALS GROUP,0.00376640459102863,1129600,1258190.38
2026-09-22,2026-09-23T23:38:25.440000Z,ACWI,iShares,1736,291.HK,CHINA RESOURCES BEER HOLDINGS LTD,0.00375034992174525,535500,1252827.22
2026-09-22,2026-09-23T23:38:25.440000Z,ACWI,iShares,1737,IOC,INDIAN OIL CORP,0.003746250729864,868267,1251457.86
2026-09-22,2026-09-23T23:38:25.440000Z,ACWI,iShares,1738,2600.HK,ALUMINUM CORPORATION OF CHINA LTD,0.0037451803407472,1232000,1251100.29
2026-09-22,2026-09-23T23:38:25.440000Z,ACWI,iShares,1739,TAL,TAL EDUCATION GROUP ADR REPTG,0.0037351176592691,105117,1247738.79
2026-09-22,2026-09-23T23:38:25.440000Z,ACWI,iShares,1740,APLAPOLLO,APL APOLLO TUBES LTD,0.00373017049601129,54275,1246086.16
2026-09-22,2026-09-23T23:38:25.440000Z,ACWI,iShares,1741,1519.TW,FORTUNE ELECTRIC,0.00372217165957804,55297,1243414.1
2026-09-22,2026-09-23T23:38:25.440000Z,ACWI,iShares,1742,OMAB,GRUPO AEROPORTUARIO DEL CENTRO NOR,0.00371477990682879,96424,1240944.84
2026-09-22,2026-09-23T23:38:25.440000Z,ACWI,iShares,1743,002475,LUXSHARE PRECISION INDUSTRY LTD A,0.00370864551778659,151340,1238895.61
2026-09-22,2026-09-23T23:38:25.440000Z,ACWI,iShares,1744,ICICIGI,ICICI LOMBARD GENERAL INSURANCE CO,0.00369162987215097,79664,1233211.43
2026-09-22,2026-09-23T23:38:25.440000Z,ACWI,iShares,1745,966.HK,CHINA TAIPING INSURANCE HLDGS LTD,0.00365078825743985,459000,1219568.04
2026-09-22,2026-09-23T23:38:25.440000Z,ACWI,iShares,1746,F34.SI,WILMAR INTERNATIONAL,0.00364053255448274,425000,1216142.06
2026-09-22,2026-09-23T23:38:25.440000Z,ACWI,iShares,1747,005830.KS,DB INSURANCE LTD,0.00362609806223236,8850,1211320.13
2026-09-22,2026-09-23T23:38:25.440000Z,ACWI,iShares,1748,GJF.OL,GJENSIDIGE FORSIKRING,0.00361654370856678,42183,1208128.44
2026-09-22,2026-09-23T23:38:25.440000Z,ACWI,iShares,1749,6886.HK,HUATAI SECURITIES H,0.00361350011786644,554000,1207111.71
2026-09-22,2026-09-23T23:38:25.440000Z,ACWI,iShares,1750,BVT,BIDVEST GROUP,0.00361092845390564,85142,1206252.63
2026-09-22,2026-09-23T23:38:25.440000Z,ACWI,iShares,1751,9660.HK,HORIZON ROBOTICS,0.00360681878474187,2310600,1204879.77
2026-09-22,2026-09-23T23:38:25.440000Z,ACWI,iShares,1752,BARN.SW,BARRY CALLEBAUT AG,0.00359908502355625,865,1202296.26
2026-09-22,2026-09-23T23:38:25.440000Z,ACWI,iShares,1753,BEPC.TO,BROOKFIELD RENEWABLE SUBORDINATE V,0.00359243799604815,40003,1200075.78
2026-09-22,2026-09-23T23:38:25.440000Z,ACWI,iShares,1754,SIEMENS,SIEMENS LTD,0.00358960697444248,29716,1199130.06
2026-09-22,2026-09-23T23:38:25.440000Z,ACWI,iShares,1755,2587.T,SUNTORY BEVERAGE & FOOD LTD,0.00358197298692149,41700,1196579.88
2026-09-22,2026-09-23T23:38:25.440000Z,ACWI,iShares,1756,TRUE.R,TRUE CORPORATION NON-VOTING DR,0.00357505911799528,3093090,1194270.26
2026-09-22,2026-09-23T23:38:25.440000Z,ACWI,iShares,1757,EDPR,EDP RENEWABLES SA,0.00356724079017222,78777,1191658.5
2026-09-22,2026-09-23T23:38:25.440000Z,ACWI,iShares,1758,ABB,ABB INDIA LTD,0.00356717816595788,16000,1191637.58
2026-09-22,2026-09-23T23:38:25.440000Z,ACWI,iShares,1759,MIL,BANK MILLENNIUM SA,0.00356180038638871,194362,1189841.1
2026-09-22,2026-09-23T23:38:25.440000Z,ACWI,iShares,1760,601398,INDUSTRIAL AND COMMERCIAL BANK OF,0.00355620330232895,980091,1187971.36
2026-09-22,2026-09-23T23:38:25.440000Z,ACWI,iShares,1761,7203,AL-ELM INFORMATION SECURITY COMPAN,0.00355250548017329,7490,1186736.08
2026-09-22,2026-09-23T23:38:25.440000Z,ACWI,iShares,1762,3808.HK,SINOTRUK (HONG KONG) LTD,0.00354638144867323,252500,1184690.31
2026-09-22,2026-09-23T23:38:25.440000Z,ACWI,iShares,1763,FALABELLA,FALABELLA SACI,0.00354277840102169,170213,1183486.69
2026-09-22,2026-09-23T23:38:25.440000Z,ACWI,iShares,1764,1530.HK,3SBIO INC,0.00354263929264499,553500,1183440.22
2026-09-22,2026-09-23T23:38:25.440000Z,ACWI,iShares,1765,DEMANT,DEMANT,0.0035133985442255,24815,1173672.17
2026-09-22,2026-09-23T23:38:25.440000Z,ACWI,iShares,1766,SUZLON,SUZLON ENERGY,0.00351306455839402,2609296,1173560.6
2026-09-22,2026-09-23T23:38:25.440000Z,ACWI,iShares,1767,2331.HK,LI NING LTD,0.0035096810547138,744000,1172430.32
2026-09-22,2026-09-23T23:38:25.440000Z,ACWI,iShares,1768,1928.HK,SANDS CHINA LTD,0.00349929992371745,754000,1168962.44
2026-09-22,2026-09-23T23:38:25.440000Z,ACWI,iShares,1769,JINDALSTEL,JINDAL STEEL LTD,0.00349378857376376,97795,1167121.34
2026-09-22,2026-09-23T23:38:25.440000Z,ACWI,iShares,1770,FIBRAPL14,PROLOGIS PROPERTY MEXICO REIT,0.00347370604792551,271328,1160412.65
2026-09-22,2026-09-23T23:38:25.440000Z,ACWI,iShares,1771,247540.KQ,ECOPRO BM LTD,0.00346590080173804,15077,1157805.26
2026-09-22,2026-09-23T23:38:25.440000Z,ACWI,iShares,1772,011200.KS,HMM LTD,0.00344889296916166,73812,1152123.69
2026-09-22,2026-09-23T23:38:25.440000Z,ACWI,iShares,1773,MYR,MYR CASH,0.00344872254867779,4695824,1152066.76
2026-09-22,2026-09-23T23:38:25.440000Z,ACWI,iShares,1774,003230.KS,SAM YANG FOODS INC,0.00344654261534268,1249,1151338.54
2026-09-22,2026-09-23T23:38:25.440000Z,ACWI,iShares,1775,FUNO11,FIBRA UNO ADMINISTRACION REIT,0.00343547261798852,674500,1147640.54
2026-09-22,2026-09-23T23:38:25.440000Z,ACWI,iShares,1776,135.HK,KUNLUN ENERGY LTD,0.00343478417072202,1192000,1147410.56
2026-09-22,2026-09-23T23:38:25.440000Z,ACWI,iShares,1777,IGM.TO,IGM FINANCIAL INC,0.00343144784474821,18624,1146296.04
2026-09-22,2026-09-23T23:38:25.440000Z,ACWI,iShares,1778,IDEA,VODAFONE IDEA LTD,0.00342234841468943,7659597,1143256.32
2026-09-22,2026-09-23T23:38:25.440000Z,ACWI,iShares,1779,OPCE.TA,OPC ENERGY LTD,0.00342039643708675,37417,1142604.25
2026-09-22,2026-09-23T23:38:25.440000Z,ACWI,iShares,1780,VIPS,VIPSHOP HOLDINGS SPONSORED ADS REP,0.00341698799747414,90092,1141465.64
2026-09-22,2026-09-23T23:38:25.440000Z,ACWI,iShares,1781,ADNOCLS,ADNOC LOGISTICS & SERVICES PLC,0.003413378633518,576860,1140259.91
2026-09-22,2026-09-23T23:38:25.440000Z,ACWI,iShares,1782,HLBANK,HONG LEONG BANK,0.00340668996629567,198400,1138025.52
2026-09-22,2026-09-23T23:38:25.440000Z,ACWI,iShares,1783,EMAARDEV,EMAAR DEVELOPMENT,0.00340630565957303,314235,1137897.14
2026-09-22,2026-09-23T23:38:25.440000Z,ACWI,iShares,1784,603993,CHINA MOLYBDENUM A,0.00339825482588342,427000,1135207.71
2026-09-22,2026-09-23T23:38:25.440000Z,ACWI,iShares,1785,601211,GUOTAI HAITONG SECURITIES LTD A,0.00339288084807105,428732,1133412.5
2026-09-22,2026-09-23T23:38:25.440000Z,ACWI,iShares,1786,MUTHOOTFIN,MUTHOOT FINANCE LTD,0.0033823365408833,38151,1129890.11
2026-09-22,2026-09-23T23:38:25.440000Z,ACWI,iShares,1787,BOSCHLTD,BOSCH LTD,0.00337780598431336,2234,1128376.65
2026-09-22,2026-09-23T23:38:25.440000Z,ACWI,iShares,1788,270.HK,GUANGDONG INVESTMENT LTD,0.00337398578749793,1022000,1127100.49
2026-09-22,2026-09-23T23:38:25.440000Z,ACWI,iShares,1789,BBNI,BANK NEGARA INDONESIA,0.0033730849806824,5635576,1126799.57
2026-09-22,2026-09-23T23:38:25.440000Z,ACWI,iShares,1790,2018.HK,AAC TECHNOLOGIES HOLDINGS,0.00336792123702746,220500,1125074.59
2026-09-22,2026-09-23T23:38:25.440000Z,ACWI,iShares,1791,VOD,VODACOM GROUP LTD,0.00336026551662902,119982,1122517.15
2026-09-22,2026-09-23T23:38:25.440000Z,ACWI,iShares,1792,EMP.A,EMPIRE CLASS A,0.00335217049874229,33415,1119812.96
2026-09-22,2026-09-23T23:38:25.440000Z,ACWI,iShares,1793,HAVELLS,HAVELLS INDIA LTD,0.0033487122471351,98219,1118657.71
2026-09-22,2026-09-23T23:38:25.440000Z,ACWI,iShares,1794,CLS,CLICKS GROUP,0.00332812495576039,85382,1111780.4
2026-09-22,2026-09-23T23:38:25.440000Z,ACWI,iShares,1795,GODREJCP,GODREJ CONSUMER PRODUCTS LTD,0.00332241998562583,121464,1109874.62
2026-09-22,2026-09-23T23:38:25.440000Z,ACWI,iShares,1796,CDR,CD PROJEKT RED,0.00330480450059868,16970,1103990.06
2026-09-22,2026-09-23T23:38:25.440000Z,ACWI,iShares,1797,2313.HK,SHENZHOU INTERNATIONAL GROUP,0.00330340701072177,250300,1103523.22
2026-09-22,2026-09-23T23:38:25.440000Z,ACWI,iShares,1798,SALIK,SALIK COMPANY P.J.S.C,0.0033012201923153,752861,1102792.7
2026-09-22,2026-09-23T23:38:25.440000Z,ACWI,iShares,1799,259960.KS,KRAFTON,0.00329947671263466,7411,1102210.28
2026-09-22,2026-09-23T23:38:25.440000Z,ACWI,iShares,1800,THYAO.E,TURK HAVA YOLLARI AO A,0.00329095604766199,180102,1099363.9
2026-09-22,2026-09-23T23:38:25.440000Z,ACWI,iShares,1801,BPI,BANK OF THE PHILIPPINE ISLANDS,0.00328214058189445,695378,1096419.04
2026-09-22,2026-09-23T23:38:25.440000Z,ACWI,iShares,1802,9626.HK,BILIBILI INC,0.0032756771463111,72428,1094259.89
2026-09-22,2026-09-23T23:38:25.440000Z,ACWI,iShares,1803,000858,WULIANGYE YIBIN LTD A,0.00327187691620263,103800,1092990.4
2026-09-22,2026-09-23T23:38:25.440000Z,ACWI,iShares,1804,1818.HK,ZHAOJIN MINING INDUSTRY LTD H,0.00325893259287677,444500,1088666.27
2026-09-22,2026-09-23T23:38:25.440000Z,ACWI,iShares,1805,902.HK,HUANENG POWER INTERNATIONAL INC H,0.00325859863698039,1526000,1088554.71
2026-09-22,2026-09-23T23:38:25.440000Z,ACWI,iShares,1806,601939,CHINA CONSTRUCTION BANK CORP A,0.00323860965830745,663700,1081877.27
2026-09-22,2026-09-23T23:38:25.440000Z,ACWI,iShares,1807,002463,WUS PRINTED CIRCUIT (KUNSHAN) A,0.00322653300364927,57700,1077842.99
2026-09-22,2026-09-23T23:38:25.440000Z,ACWI,iShares,1808,CPLE3,CIA PARANAENSE DE ENERGIA COPEL,0.00321838236635994,340538,1075120.22
2026-09-22,2026-09-23T23:38:25.440000Z,ACWI,iShares,1809,002916,SHENNAN CIRCUITS LTD A,0.00318158947296345,17800,1062829.33
2026-09-22,2026-09-23T23:38:25.440000Z,ACWI,iShares,1810,BSE,BSE LTD,0.00314263828930401,31026,1049817.45
2026-09-22,2026-09-23T23:38:25.440000Z,ACWI,iShares,1811,YESBANK,YES BANK,0.00314212565083811,4325549,1049646.2
2026-09-22,2026-09-23T23:38:25.440000Z,ACWI,iShares,1812,MANKIND,MANKIND PHARMA LTD,0.00314113069815542,40452,1049313.83
2026-09-22,2026-09-23T23:38:25.440000Z,ACWI,iShares,1813,SOF,SOFINA SA,0.00313186872054219,3672,1046219.81
2026-09-22,2026-09-23T23:38:25.440000Z,ACWI,iShares,1814,000333,MIDEA GROUP A,0.00313138383190741,84900,1046057.83
2026-09-22,2026-09-23T23:38:25.440000Z,ACWI,iShares,1815,002384,SUZHOU DONGSHAN PRECISION MANUFACT,0.00312512341612411,35300,1043966.5
2026-09-22,2026-09-23T23:38:25.440000Z,ACWI,iShares,1816,2611.HK,GUOTAI HAITONG SECURITIES CO LTD H,0.0031168731548456,550312,1041210.45
2026-09-22,2026-09-23T23:38:25.440000Z,ACWI,iShares,1817,603986,GIGADEVICE SEMICONDUCTOR INC A,0.00310845313165526,17300,1038397.69
2026-09-22,2026-09-23T23:38:25.440000Z,ACWI,iShares,1818,601995,CHINA INTERNATIONAL CAPITAL A,0.00310770690965947,218700,1038148.41
2026-09-22,2026-09-23T23:38:25.440000Z,ACWI,iShares,1819,CPF.R,CHAROEN POKPHAND FOODS NON-VOTING,0.00310183774554035,1540400,1036187.78
2026-09-22,2026-09-23T23:38:25.440000Z,ACWI,iShares,1820,TIINDIA,TUBE INVESTMENTS OF INDIA LTD,0.0030535465734156,37888,1020055.82
2026-09-22,2026-09-23T23:38:25.440000Z,ACWI,iShares,1821,LUND-B.ST,LUNDBERGFORETAGEN CLASS B,0.00303087265639034,16751,1012481.46
2026-09-22,2026-09-23T23:38:25.440000Z,ACWI,iShares,1822,6881.HK,CHINA GALAXY SECURITIES LTD H,0.00302386077996998,1035000,1010139.1
2026-09-22,2026-09-23T23:38:25.440000Z,ACWI,iShares,1823,CBQK,COMMERCIAL BANK OF QATAR,0.00301160699936712,900003,1006045.65
2026-09-22,2026-09-23T23:38:25.440000Z,ACWI,iShares,1824,VEDL,VEDANTA LTD,0.00300418264730171,364818,1003565.5
2026-09-22,2026-09-23T23:38:25.440000Z,ACWI,iShares,1825,RICHTER,GEDEON RICHTER,0.00300184196251772,25206,1002783.58
2026-09-22,2026-09-23T23:38:25.440000Z,ACWI,iShares,1826,688361,SKYVERSE TECHNOLOGY LTD A,0.00299516984940177,17693,1000554.72
2026-09-22,2026-09-23T23:38:25.440000Z,ACWI,iShares,1827,688012,ADVANCED MICRO-FABRICATION EQUIPME,0.00298615651267017,19090,997543.76
2026-09-22,2026-09-23T23:38:25.440000Z,ACWI,iShares,1828,9202.T,ANA HOLDINGS,0.00296795573670666,52300,991463.68
2026-09-22,2026-09-23T23:38:25.440000Z,ACWI,iShares,1829,MBK,MBANK SA,0.00296435828691749,2468,990261.93
2026-09-22,2026-09-23T23:38:25.440000Z,ACWI,iShares,1830,ABCAPITAL,ADITYA BIRLA CAPITAL LTD,0.00296003688684164,238129,988818.34
2026-09-22,2026-09-23T23:38:25.440000Z,ACWI,iShares,1831,QGTS,QATAR GAS TRANSPORT COMPANY LTD,0.00295001000773466,909529,985468.8
2026-09-22,2026-09-23T23:38:25.440000Z,ACWI,iShares,1832,SALM.OL,SALMAR,0.00293644668655783,17034,980937.89
2026-09-22,2026-09-23T23:38:25.440000Z,ACWI,iShares,1833,SMPH,SM PRIME HOLDINGS,0.00293201135351841,3815925,979456.24
2026-09-22,2026-09-23T23:38:25.440000Z,ACWI,iShares,1834,1766.HK,CRRC CORP LTD H,0.00292962328148236,1479000,978658.49
2026-09-22,2026-09-23T23:38:25.440000Z,ACWI,iShares,1835,TIMS3,TIM,0.00292742341137538,258500,977923.61
2026-09-22,2026-09-23T23:38:25.440000Z,ACWI,iShares,1836,AUGO,AURA MINERALS INC,0.00292343060881429,10527,976589.79
2026-09-22,2026-09-23T23:38:25.440000Z,ACWI,iShares,1837,AXIA7,AXIA ENERGIA PRF SA,0.00292081631728121,89137,975716.47
2026-09-22,2026-09-23T23:38:25.440000Z,ACWI,iShares,1838,8069,E INK HOLDINGS,0.002919862764832,213000,975397.93
2026-09-22,2026-09-23T23:38:25.440000Z,ACWI,iShares,1839,LODHA,LODHA DEVELOPERS LTD,0.00291033993281925,81250,972216.77
2026-09-22,2026-09-23T23:38:25.440000Z,ACWI,iShares,1840,688008,MONTAGE TECHNOLOGY A,0.00290962436435858,29353,971977.73
2026-09-22,2026-09-23T23:38:25.440000Z,ACWI,iShares,1841,005387.KS,HYUNDAI MOTOR S2 PREF,0.00290839968977298,7519,971568.62
2026-09-22,2026-09-23T23:38:25.440000Z,ACWI,iShares,1842,BZU.MI,BUZZI,0.00290613941064853,22661,970813.56
2026-09-22,2026-09-23T23:38:25.440000Z,ACWI,iShares,1843,ADANIENSOL,ADANI ENERGY SOLUTIONS LTD,0.00290323627540406,67108,969843.75
2026-09-22,2026-09-23T23:38:25.440000Z,ACWI,iShares,1844,600999,CHINA MERCHANTS SECURITIES LTD A,0.00289157910120269,359300,965949.6
2026-09-22,2026-09-23T23:38:25.440000Z,ACWI,iShares,1845,GFC.PA,GECINA SA,0.00288990255638977,12822,965389.54
2026-09-22,2026-09-23T23:38:25.440000Z,ACWI,iShares,1846,600406,NARI TECHNOLOGY LTD A,0.00286701544163288,288620,957743.96
2026-09-22,2026-09-23T23:38:25.440000Z,ACWI,iShares,1847,5110,SAUDI ENERGY,0.00286653297774062,223911,957582.79
2026-09-22,2026-09-23T23:38:25.440000Z,ACWI,iShares,1848,2228.HK,XTALPI HOLDINGS LTD,0.0028589513766322,863000,955050.11
2026-09-22,2026-09-23T23:38:25.440000Z,ACWI,iShares,1849,SUNDARMFIN,SUNDARAM FINANCE LTD,0.00284106572739165,19095,949075.3
2026-09-22,2026-09-23T23:38:25.440000Z,ACWI,iShares,1850,688498,YUANJIE SEMICONDUCTOR TECHNOLOGY L,0.00283739164376465,3622,947847.95
2026-09-22,2026-09-23T23:38:25.440000Z,ACWI,iShares,1851,1898.HK,CHINA COAL ENERGY LTD H,0.00283290691782195,695000,946349.8
2026-09-22,2026-09-23T23:38:25.440000Z,ACWI,iShares,1852,MBRF3,MARFRIG GLOBAL FOODS SA,0.00283257942790563,280430,946240.4
2026-09-22,2026-09-23T23:38:25.440000Z,ACWI,iShares,1853,144.HK,CHINA MERCHANTS PORT HOLDINGS LTD,0.00282484626542186,444000,943657.09
2026-09-22,2026-09-23T23:38:25.440000Z,ACWI,iShares,1854,GMRAIRPORT,GMR AIRPORTS LTD,0.00282153858733196,916257,942552.14
2026-09-22,2026-09-23T23:38:25.440000Z,ACWI,iShares,1855,601166,INDUSTRIAL BANK A,0.00280995792722803,351500,938683.55
2026-09-22,2026-09-23T23:38:25.440000Z,ACWI,iShares,1856,JSL,JINDAL STAINLESS LTD,0.00279478272103895,120061,933614.18
2026-09-22,2026-09-23T23:38:25.440000Z,ACWI,iShares,1857,ENRIN,SIEMENS ENERGY INDIA LTD,0.00278670356875145,27512,930915.29
2026-09-22,2026-09-23T23:38:25.440000Z,ACWI,iShares,1858,601919,COSCO SHIPPING HOLDINGS LTD A,0.0027682938757746,374100,924765.42
2026-09-22,2026-09-23T23:38:25.440000Z,ACWI,iShares,1859,AYV.PA,AYVENS SA,0.00276721761937959,79048,924405.89
2026-09-22,2026-09-23T23:38:25.440000Z,ACWI,iShares,1860,1988.HK,CHINA MINSHENG BANKING H,0.00275460371960916,2071000,920192.14
2026-09-22,2026-09-23T23:38:25.440000Z,ACWI,iShares,1861,LTF,L&T FINANCE LTD,0.00274945904460839,288002,918473.53
2026-09-22,2026-09-23T23:38:25.440000Z,ACWI,iShares,1862,COPEC,EMPRESAS COPEC SA,0.00274936256380398,131685,918441.3
2026-09-22,2026-09-23T23:38:25.440000Z,ACWI,iShares,1863,300408,CHAOZHOU THREE-CIRCLE (GROUP) LTD,0.00274249081355348,47400,916145.75
2026-09-22,2026-09-23T23:38:25.440000Z,ACWI,iShares,1864,CVC.AS,CVC CAPITAL PARTNERS PLC,0.00273581067783263,62791,913914.21
2026-09-22,2026-09-23T23:38:25.440000Z,ACWI,iShares,1865,3888.HK,KINGSOFT,0.00273170451107473,283800,912542.52
2026-09-22,2026-09-23T23:38:25.440000Z,ACWI,iShares,1866,INDU-A.ST,INDUSTRIVARDEN A,0.00271837471355761,16252,908089.62
2026-09-22,2026-09-23T23:38:25.440000Z,ACWI,iShares,1867,TRY,TRY CASH,0.00269866065877786,44010975,901504.02
2026-09-22,2026-09-23T23:38:25.440000Z,ACWI,iShares,1868,MEL.NZ,MERIDIAN ENERGY LTD,0.00269584532316087,280071,900563.54
2026-09-22,2026-09-23T23:38:25.440000Z,ACWI,iShares,1869,600028,CHINA PETROLEUM & CHEMICAL A,0.00268651638074483,1132220,897447.15
2026-09-22,2026-09-23T23:38:25.440000Z,ACWI,iShares,1870,VOLTAS,VOLTAS LTD,0.0026663970646774,77361,890726.17
2026-09-22,2026-09-23T23:38:25.440000Z,ACWI,iShares,1871,AMBUJACEM,AMBUJA CEMENTS LTD,0.00266402339142105,219910,889933.23
2026-09-22,2026-09-23T23:38:25.440000Z,ACWI,iShares,1872,SWB,SUNWAY BHD,0.0026568188228077,776300,887526.5
2026-09-22,2026-09-23T23:38:25.440000Z,ACWI,iShares,1873,RAA.DE,RATIONAL AG,0.00265202037709141,1343,885923.55
2026-09-22,2026-09-23T23:38:25.440000Z,ACWI,iShares,1874,600309,WANHUA CHEMICAL GROUP LTD A,0.00264130954098186,83653,882345.53
2026-09-22,2026-09-23T23:38:25.440000Z,ACWI,iShares,1875,CENCOSUD,CENCOSUD,0.00263507235483064,407331,880261.96
2026-09-22,2026-09-23T23:38:25.440000Z,ACWI,iShares,1876,BIM.PA,BIOMERIEUX SA,0.00262070177400359,10445,875461.38
2026-09-22,2026-09-23T23:38:25.440000Z,ACWI,iShares,1877,MXN,MXN CASH,0.0026154269412189,15117357,873699.29
2026-09-22,2026-09-23T23:38:25.440000Z,ACWI,iShares,1878,BANKBARODA,BANK OF BARODA LTD,0.00260264884746392,354696,869430.69
2026-09-22,2026-09-23T23:38:25.440000Z,ACWI,iShares,1879,000100.KS,YUHAN,0.002593239708934,15667,866287.51
2026-09-22,2026-09-23T23:38:25.440000Z,ACWI,iShares,1880,2615.TW,WAN HAI LINES,0.0025838587393265,234600,863153.74
2026-09-22,2026-09-23T23:38:25.440000Z,ACWI,iShares,1881,UPL,UPL,0.00258248034803886,147310,862693.28
2026-09-22,2026-09-23T23:38:25.440000Z,ACWI,iShares,1882,CZK,CZK CASH,0.00256841711081061,18256511,857995.37
2026-09-22,2026-09-23T23:38:25.440000Z,ACWI,iShares,1883,HUF,HUF CASH,0.00256500217528285,271377843,856854.59
2026-09-22,2026-09-23T23:38:25.440000Z,ACWI,iShares,1884,AAF.L,AIRTEL AFRICA PLC,0.00255296739981964,204806,852834.3
2026-09-22,2026-09-23T23:38:25.440000Z,ACWI,iShares,1885,4300,DAR AL ARKAN REAL ESTATE DEVELOPME,0.00255098542725387,168874,852172.21
2026-09-22,2026-09-23T23:38:25.440000Z,ACWI,iShares,1886,090430.KS,AMOREPACIFIC,0.00254946840655101,8146,851665.44
2026-09-22,2026-09-23T23:38:25.440000Z,ACWI,iShares,1887,ADNOCDIST,ABU DHABI NATIONAL OIL COMPANY FOR,0.00254508860310892,774855,850202.34
2026-09-22,2026-09-23T23:38:25.440000Z,ACWI,iShares,1888,4250,JABAL OMAR DEVELOPMENT,0.00254491222554156,185613,850143.42
2026-09-22,2026-09-23T23:38:25.440000Z,ACWI,iShares,1889,MABANEE,MABANEE COMPANY,0.00254350380935574,280501,849672.93
2026-09-22,2026-09-23T23:38:25.440000Z,ACWI,iShares,1890,1209.HK,CHINA RESOURCES MIXC LIFESTYLE SER,0.00254350204318526,178000,849672.34
2026-09-22,2026-09-23T23:38:25.440000Z,ACWI,iShares,1891,KLBN11,KLABIN UNITS SA,0.00254116629769161,224974,848892.07
2026-09-22,2026-09-23T23:38:25.440000Z,ACWI,iShares,1892,RNI,REINET INVESTMENTS S.C.A.,0.00254103910348188,31273,848849.58
2026-09-22,2026-09-23T23:38:25.440000Z,ACWI,iShares,1893,8210,BUPA ARABIA,0.0025176451876022,19939,841034.7
2026-09-22,2026-09-23T23:38:25.440000Z,ACWI,iShares,1894,IDFCFIRSTB,IDFC FIRST BANK LTD,0.00247971104872402,927687,828362.57
2026-09-22,2026-09-23T23:38:25.440000Z,ACWI,iShares,1895,SEK,SEK CASH,0.00247680842237613,8151682,827392.93
2026-09-22,2026-09-23T23:38:25.440000Z,ACWI,iShares,1896,JSWENERGY,JSW ENERGY LTD,0.00247605747063566,152664,827142.07
2026-09-22,2026-09-23T23:38:25.440000Z,ACWI,iShares,1897,BKW.SW,BKW N AG,0.00244849877508619,5428,817935.92
2026-09-22,2026-09-23T23:38:25.440000Z,ACWI,iShares,1898,SIGMAFA,ALFA A,0.00243980562410823,772303,815031.92
2026-09-22,2026-09-23T23:38:25.440000Z,ACWI,iShares,1899,003490.KS,KOREAN AIR LINES LTD,0.00243592840094083,35198,813736.71
2026-09-22,2026-09-23T23:38:25.440000Z,ACWI,iShares,1900,601088,CHINA SHENHUA ENERGY LTD A,0.00243507641826182,114700,813452.1
2026-09-22,2026-09-23T23:38:25.440000Z,ACWI,iShares,1901,601658,POSTAL SAVINGS BANK OF CHINA LTD A,0.00243054891507136,1020500,811939.66
2026-09-22,2026-09-23T23:38:25.440000Z,ACWI,iShares,1902,600276,JIANGSU HENGRUI MEDICINE LTD A,0.00242133390561889,118518,808861.33
2026-09-22,2026-09-23T23:38:25.440000Z,ACWI,iShares,1903,NRP,NEPI ROCKCASTLE,0.00239796732047904,88615,801055.58
2026-09-22,2026-09-23T23:38:25.440000Z,ACWI,iShares,1904,4151.T,KYOWA KIRIN LTD,0.00239604081764041,55800,800412.02
2026-09-22,2026-09-23T23:38:25.440000Z,ACWI,iShares,1905,161390.KS,HANKOOK TIRE & TECHNOLOGY LTD,0.00239560639957225,18903,800266.9
2026-09-22,2026-09-23T23:38:25.440000Z,ACWI,iShares,1906,300857,SHARETRONIC DATA TECHNOLOGY LTD A,0.00239408354152628,19600,799758.18
2026-09-22,2026-09-23T23:38:25.440000Z,ACWI,iShares,1907,BAJAJHLDNG,BAJAJ HOLDINGS AND INVESTMENT LTD,0.00238634068007242,6814,797171.63
2026-09-22,2026-09-23T23:38:25.440000Z,ACWI,iShares,1908,ZAB,ZABKA GROUP SOCIETE ANONYME SA,0.00238177315366275,95882,795645.82
2026-09-22,2026-09-23T23:38:25.440000Z,ACWI,iShares,1909,600674,SICHUAN CHUANTOU ENERGY LTD A,0.00237966760903349,334300,794942.45
2026-09-22,2026-09-23T23:38:25.440000Z,ACWI,iShares,1910,3898.HK,ZHUZHOU CRRC TIMES ELECTRIC LTD H,0.00237202844274143,216100,792390.54
2026-09-22,2026-09-23T23:38:25.440000Z,ACWI,iShares,1911,AIRARABIA,AIR ARABIA,0.00237101205653222,590078,792051.01
2026-09-22,2026-09-23T23:38:25.440000Z,ACWI,iShares,1912,PGE,PGE POLSKA GRUPA ENERGETYCZNA SA,0.00236222326293246,219055,789115.06
2026-09-22,2026-09-23T23:38:25.440000Z,ACWI,iShares,1913,RHBBANK,RHB BANK,0.00235791000520188,406400,787674.19
2026-09-22,2026-09-23T23:38:25.440000Z,ACWI,iShares,1914,VSURE.ST,VERISURE PLC,0.0023527902661335,82697,785963.91
2026-09-22,2026-09-23T23:38:25.440000Z,ACWI,iShares,1915,688702,SUZHOU CENTEC COMMUNICATIONS LTD A,0.00234669392459438,16011,783927.39
2026-09-22,2026-09-23T23:38:25.440000Z,ACWI,iShares,1916,TCELL.E,TURKCELL ILETISIM HIZMETLERI A,0.0023465171878059,381536,783868.35
2026-09-22,2026-09-23T23:38:25.440000Z,ACWI,iShares,1917,1519.HK,J&T GLOBAL EXPRESS,0.00234635383200395,700600,783813.78
2026-09-22,2026-09-23T23:38:25.440000Z,ACWI,iShares,1918,OFSS,ORACLE FINANCIAL SERVICES SOFTWARE,0.00233420147149583,6784,779754.21
2026-09-22,2026-09-23T23:38:25.440000Z,ACWI,iShares,1919,MARK,MASRAF AL RAYAN,0.00233305690321883,1481824,779371.86
2026-09-22,2026-09-23T23:38:25.440000Z,ACWI,iShares,1920,TM,TELEKOM MALAYSIA,0.00233145609419095,404400,778837.1
2026-09-22,2026-09-23T23:38:25.440000Z,ACWI,iShares,1921,000776,GF SECURITIES A,0.00232933103188112,248700,778127.21
2026-09-22,2026-09-23T23:38:25.440000Z,ACWI,iShares,1922,392.HK,BEIJING ENTERPRISES HOLDINGS LTD,0.00232743305718603,204500,777493.18
2026-09-22,2026-09-23T23:38:25.440000Z,ACWI,iShares,1923,CPFE3,CPFL ENERGIA,0.00230406162256112,85932,769685.81
2026-09-22,2026-09-23T23:38:25.440000Z,ACWI,iShares,1924,6990.HK,SICHUAN KELUN-BIOTECH BIOPHARM LTD,0.00230120159385043,12300,768730.4
2026-09-22,2026-09-23T23:38:25.440000Z,ACWI,iShares,1925,300059,EAST MONEY INFORMATION LTD A,0.00230117270648578,274360,768720.75
2026-09-22,2026-09-23T23:38:25.440000Z,ACWI,iShares,1926,352820.KS,HYBE,0.00229843328626438,6672,767805.63
2026-09-22,2026-09-23T23:38:25.440000Z,ACWI,iShares,1927,COROMANDEL,COROMANDEL INTERNATIONAL LTD,0.00229232308477724,37643,765764.48
2026-09-22,2026-09-23T23:38:25.440000Z,ACWI,iShares,1928,NHPC,NHPC LTD,0.00228748383752933,961154,764147.9
2026-09-22,2026-09-23T23:38:25.440000Z,ACWI,iShares,1929,BBDC3,BANCO BRADESCO,0.00228636231927386,239546,763773.25
2026-09-22,2026-09-23T23:38:25.440000Z,ACWI,iShares,1930,PRESTIGE,PRESTIGE ESTATES PROJECTS,0.00227694916944149,49149,760628.73
2026-09-22,2026-09-23T23:38:25.440000Z,ACWI,iShares,1931,WAAREEENER,WAAREE ENERGIES LTD,0.00227476399746512,29121,759898.76
2026-09-22,2026-09-23T23:38:25.440000Z,ACWI,iShares,1932,600188,YANKUANG ENERGY GROUP A,0.00226526870573784,249110,756726.8
2026-09-22,2026-09-23T23:38:25.440000Z,ACWI,iShares,1933,600150,CHINA CSSC HOLDINGS LTD A,0.00226247833598833,126200,755794.66
2026-09-22,2026-09-23T23:38:25.440000Z,ACWI,iShares,1934,601456,GUOLIAN MINSHENG SECURITIES LTD A,0.00225494394252141,580700,753277.75
2026-09-22,2026-09-23T23:38:25.440000Z,ACWI,iShares,1935,002142,BANK OF NINGBO A,0.00223722221784957,144200,747357.7
2026-09-22,2026-09-23T23:38:25.440000Z,ACWI,iShares,1936,ALWN,ALLWYN AG,0.00223608441490356,53509,746977.61
2026-09-22,2026-09-23T23:38:25.440000Z,ACWI,iShares,1937,601816,BEIJING-SHANGHAI HIGH SPEED RAILWA,0.00223521048980146,1055300,746685.67
2026-09-22,2026-09-23T23:38:25.440000Z,ACWI,iShares,1938,688082,ACM RESEARCH (SHANGHAI) INC A,0.00222698639179415,17268,743938.36
2026-09-22,2026-09-23T23:38:25.440000Z,ACWI,iShares,1939,VMM,VISHAL MEGA MART,0.00222377956503222,682714,742867.1
2026-09-22,2026-09-23T23:38:25.440000Z,ACWI,iShares,1940,316.HK,ORIENT OVERSEAS (INTERNATIONAL) LT,0.00221515260054467,40000,739985.21
2026-09-22,2026-09-23T23:38:25.440000Z,ACWI,iShares,1941,000001,PING AN BANK LTD A,0.00221026809143629,422400,738353.51
2026-09-22,2026-09-23T23:38:25.440000Z,ACWI,iShares,1942,1929.HK,CHOW TAI FOOK JEWELLERY GROUP LTD,0.00220020529021782,523600,734991.97
2026-09-22,2026-09-23T23:38:25.440000Z,ACWI,iShares,1943,PNB,PUNJAB NATIONAL BANK,0.00219767828941564,599907,734147.81
2026-09-22,2026-09-23T23:38:25.440000Z,ACWI,iShares,1944,ZYDUSLIFE,ZYDUS LIFESCIENCES LTD,0.00218697427850727,60094,730572.07
2026-09-22,2026-09-23T23:38:25.440000Z,ACWI,iShares,1945,322.HK,TINGYI (CAYMAN ISLANDS) HOLDINGS,0.00218607778234512,502000,730272.59
2026-09-22,2026-09-23T23:38:25.440000Z,ACWI,iShares,1946,ALKEM,ALKEM LABORATORIES LTD,0.00217931804921226,13055,728014.46
2026-09-22,2026-09-23T23:38:25.440000Z,ACWI,iShares,1947,UNIONBANK,UNION BANK OF INDIA LTD,0.00216929395406891,389228,724665.85
2026-09-22,2026-09-23T23:38:25.440000Z,ACWI,iShares,1948,BDX,BUDIMEX SA,0.00216595664023703,3836,723551
2026-09-22,2026-09-23T23:38:25.440000Z,ACWI,iShares,1949,NMDC,NMDC LTD,0.00216115382399718,860631,721946.59
2026-09-22,2026-09-23T23:38:25.440000Z,ACWI,iShares,1950,763.HK,ZTE CORP H,0.00216067602997941,243600,721786.98
2026-09-22,2026-09-23T23:38:25.440000Z,ACWI,iShares,1951,ADP.PA,AEROPORTS DE PARIS SA,0.00216056769487821,5652,721750.79
2026-09-22,2026-09-23T23:38:25.440000Z,ACWI,iShares,1952,1787.HK,SHANDONG GOLD MINING LTD H,0.00215794565015607,262250,720874.88
2026-09-22,2026-09-23T23:38:25.440000Z,ACWI,iShares,1953,ENGI11,ENERGISA UNITS,0.00215290012018299,69332,719189.39
2026-09-22,2026-09-23T23:38:25.440000Z,ACWI,iShares,1954,ASTOR.E,ASTOR ENERJI A.S.,0.00213899131809901,135077,714543.07
2026-09-22,2026-09-23T23:38:25.440000Z,ACWI,iShares,1955,MISC,MISC,0.00213286435295984,365300,712496.32
2026-09-22,2026-09-23T23:38:25.440000Z,ACWI,iShares,1956,002938,AVARY HOLDING (SHENZHEN) LTD A,0.00212170014986834,53200,708766.85
2026-09-22,2026-09-23T23:38:25.440000Z,ACWI,iShares,1957,168.HK,TSINGTAO BREWERY COMPANY-500 LTD H,0.00210523462143492,140000,703266.44
2026-09-22,2026-09-23T23:38:25.440000Z,ACWI,iShares,1958,600000,SHANGHAI PUDONG DEVELOPMENT BANK A,0.00209799892032496,519365,700849.31
2026-09-22,2026-09-23T23:38:25.440000Z,ACWI,iShares,1959,600887,INNER MONGOLIA YILI INDUSTRIAL GRO,0.00209458826551548,175100,699709.96
2026-09-22,2026-09-23T23:38:25.440000Z,ACWI,iShares,1960,300760,SHENZHEN MINDRAY BIO-MEDICAL ELECT,0.00209338400666323,29900,699307.67
2026-09-22,2026-09-23T23:38:25.440000Z,ACWI,iShares,1961,MAXIS,MAXIS,0.00208933435736072,808200,697954.86
2026-09-22,2026-09-23T23:38:25.440000Z,ACWI,iShares,1962,TORNTPOWER,TORRENT POWER LTD,0.00208712721302616,53485,697217.55
2026-09-22,2026-09-23T23:38:25.440000Z,ACWI,iShares,1963,OBEROIRLTY,OBEROI REALTY,0.00208386545536877,36061,696127.94
2026-09-22,2026-09-23T23:38:25.440000Z,ACWI,iShares,1964,EREGL.E,EREGLI DEMIR VE CELIK FABRIKALARI,0.00208095151355576,897332,695154.52
2026-09-22,2026-09-23T23:38:25.440000Z,ACWI,iShares,1965,PAGEIND,PAGE INDUSTRIES,0.00207397963041952,1783,692825.52
2026-09-22,2026-09-23T23:38:25.440000Z,ACWI,iShares,1966,ENELCHILE,ENEL CHILE SA,0.00206090676580475,7801320,688458.45
2026-09-22,2026-09-23T23:38:25.440000Z,ACWI,iShares,1967,KIMBERA,KIMBERLY-CLARK DE MEXICO CLASS A,0.00205694764022317,306900,687135.88
2026-09-22,2026-09-23T23:38:25.440000Z,ACWI,iShares,1968,CDB,CELCOMDIGI,0.00205634807024749,1068683,686935.59
2026-09-22,2026-09-23T23:38:25.440000Z,ACWI,iShares,1969,2333.HK,GREAT WALL MOTOR COMPANY LTD H,0.00204760402961161,725000,684014.59
2026-09-22,2026-09-23T23:38:25.440000Z,ACWI,iShares,1970,300394,SUZHOU TFC OPTICAL COMMUNICATIONIN,0.00203625159465595,16520,680222.24
2026-09-22,2026-09-23T23:38:25.440000Z,ACWI,iShares,1971,600176,CHINA JUSHI LTD A,0.00203386995866488,100100,679426.64
2026-09-22,2026-09-23T23:38:25.440000Z,ACWI,iShares,1972,600919,BANK OF JIANGSU CORPORATION A,0.00202267585041557,374400,675687.18
2026-09-22,2026-09-23T23:38:25.440000Z,ACWI,iShares,1973,CNH,CNH CASH,0.00200465884598737,4486176,669668.49
2026-09-22,2026-09-23T23:38:25.440000Z,ACWI,iShares,1974,600031,SANY HEAVY INDUSTRY LTD A,0.00200410289144204,253100,669482.77
2026-09-22,2026-09-23T23:38:25.440000Z,ACWI,iShares,1975,688120,HWATSING TECHNOLOGY LTD A,0.00199608052602578,17521,666802.85
2026-09-22,2026-09-23T23:38:25.440000Z,ACWI,iShares,1976,SAHOL.E,HACI OMER SABANCI HOLDING A,0.00199526234006665,356990,666529.53
2026-09-22,2026-09-23T23:38:25.440000Z,ACWI,iShares,1977,MAP.MC,MAPFRE SA,0.00199483824960555,132359,666387.86
2026-09-22,2026-09-23T23:38:25.440000Z,ACWI,iShares,1978,BRMS,BUMI RESOURCES MINERALS,0.0019931141978002,17876800,665811.93
2026-09-22,2026-09-23T23:38:25.440000Z,ACWI,iShares,1979,000166,SHENWAN HONGYUAN GROUP LTD A,0.00199172104851176,992700,665346.54
2026-09-22,2026-09-23T23:38:25.440000Z,ACWI,iShares,1980,000725,BOE TECHNOLOGY GROUP LTD A,0.00199072768238899,742500,665014.7
2026-09-22,2026-09-23T23:38:25.440000Z,ACWI,iShares,1981,SHREECEM,SHREE CEMENT LTD,0.0019803399656722,2849,661544.62
2026-09-22,2026-09-23T23:38:25.440000Z,ACWI,iShares,1982,002001,ZHEJIANG NHU A,0.00197638104963627,165900,660222.12
2026-09-22,2026-09-23T23:38:25.440000Z,ACWI,iShares,1983,002156,TONGFU MICROELECTRONICS LTD A,0.00196417750011929,69200,656145.45
2026-09-22,2026-09-23T23:38:25.440000Z,ACWI,iShares,1984,900948,INNER MONGOLIA YITAI COAL LTD B,0.00194494435260697,185900,649720.5
2026-09-22,2026-09-23T23:38:25.440000Z,ACWI,iShares,1985,600489,ZHONGJIN GOLD CORP LTD A,0.00194335731372182,185300,649190.34
2026-09-22,2026-09-23T23:38:25.440000Z,ACWI,iShares,1986,4100,MAKKAH CONSTRUCTION AND DEVELOPMEN,0.00193830534770376,31234,647502.7
2026-09-22,2026-09-23T23:38:25.440000Z,ACWI,iShares,1987,532483,CANARA BANK LTD,0.00193807185397915,503644,647424.7
2026-09-22,2026-09-23T23:38:25.440000Z,ACWI,iShares,1988,2618.HK,JD LOGISTICS INC,0.00193779288884842,488200,647331.51
2026-09-22,2026-09-23T23:38:25.440000Z,ACWI,iShares,1989,285.HK,BYD ELECTRONIC (INTERNATIONAL) LTD,0.00193446482496025,215500,646219.75
2026-09-22,2026-09-23T23:38:25.440000Z,ACWI,iShares,1990,WARBABANK,WARBABANK,0.00193392302971387,742104,646038.76
2026-09-22,2026-09-23T23:38:25.440000Z,ACWI,iShares,1991,603288,FOSHAN HAI TIAN FLAVOURING & FOOD,0.00192483665135559,125621,643003.4
2026-09-22,2026-09-23T23:38:25.440000Z,ACWI,iShares,1992,2588.HK,BOC AVIATION LTD,0.00191962399375885,70100,641262.08
2026-09-22,2026-09-23T23:38:25.440000Z,ACWI,iShares,1993,301526,CHONGQING POLYCOMP INTERNATIONAL C,0.00191856102854509,138500,640906.99
2026-09-22,2026-09-23T23:38:25.440000Z,ACWI,iShares,1994,601872,CHINA MERCHANTS ENERGY SHIPPING LT,0.00191295927461085,199300,639035.69
2026-09-22,2026-09-23T23:38:25.440000Z,ACWI,iShares,1995,COLPAL,COLGATE PALMOLIVE INDIA LTD,0.00191184535986897,32670,638663.58
2026-09-22,2026-09-23T23:38:25.440000Z,ACWI,iShares,1996,6969.HK,SMOORE INTERNATIONAL HOLDINGS,0.00191067980709185,536000,638274.22
2026-09-22,2026-09-23T23:38:25.440000Z,ACWI,iShares,1997,600989,NINGXIA BAOFENG ENERGY GROUP LTD A,0.00191042026983641,184200,638187.52
2026-09-22,2026-09-23T23:38:25.440000Z,ACWI,iShares,1998,603893,ROCKCHIP ELECTRONICS LTD A,0.00190755952268349,19600,637231.87
2026-09-22,2026-09-23T23:38:25.440000Z,ACWI,iShares,1999,688396,CHINA RESOURCES MICROELECTRONICS L,0.00190597050808221,69400,636701.05
2026-09-22,2026-09-23T23:38:25.440000Z,ACWI,iShares,2000,601229,BANK OF SHANGHAI LTD A,0.00190525464027062,447400,636461.91
2026-09-22,2026-09-23T23:38:25.440000Z,ACWI,iShares,2001,914.HK,ANHUI CONCH CEMENT H,0.00190250656880737,314500,635543.9
2026-09-22,2026-09-23T23:38:25.440000Z,ACWI,iShares,2002,601225,SHAANXI COAL INDUSTRY LTD A,0.00189943528814609,163300,634517.92
2026-09-22,2026-09-23T23:38:25.440000Z,ACWI,iShares,2003,2883.HK,CHINA OILFIELD SERVICES LTD H,0.00189866134625427,670000,634259.38
2026-09-22,2026-09-23T23:38:25.440000Z,ACWI,iShares,2004,301308,SHENZHEN LONGSYS ELECTRONICS A,0.00189862871700301,12200,634248.48
2026-09-22,2026-09-23T23:38:25.440000Z,ACWI,iShares,2005,NZD,NZD CASH,0.00189421891859783,1105961,632775.36
2026-09-22,2026-09-23T23:38:25.440000Z,ACWI,iShares,2006,6862.HK,HAIDILAO INTERNATIONAL HOLDING LTD,0.00189279331966869,529000,632299.13
2026-09-22,2026-09-23T23:38:25.440000Z,ACWI,iShares,2007,000538,YUNNAN BAIYAO GROUP LTD A,0.0018919286145752,82500,632010.27
2026-09-22,2026-09-23T23:38:25.440000Z,ACWI,iShares,2008,1099.HK,SINOPHARM GROUP LTD H,0.00189069915037473,329600,631599.56
2026-09-22,2026-09-23T23:38:25.440000Z,ACWI,iShares,2009,241.HK,ALIBABA HEALTH INFORMATION TECH,0.00188715812823568,1738000,630416.66
2026-09-22,2026-09-23T23:38:25.440000Z,ACWI,iShares,2010,390.HK,CHINA RAILWAY GROUP LTD H,0.00188652838368635,1507000,630206.29
2026-09-22,2026-09-23T23:38:25.440000Z,ACWI,iShares,2011,8010,THE COOPERATIVE INSURANCE,0.0018837284646422,25897,629270.96
2026-09-22,2026-09-23T23:38:25.440000Z,ACWI,iShares,2012,9863.HK,ZHEJIANG LEAPMOTOR TECHNOLOGY LTD,0.00188331631828317,138300,629133.28
2026-09-22,2026-09-23T23:38:25.440000Z,ACWI,iShares,2013,9880.HK,UBTECH ROBOTICS CORP LTD H,0.00187929211380962,61550,627788.97
2026-09-22,2026-09-23T23:38:25.440000Z,ACWI,iShares,2014,323410.KS,KAKAOBANK,0.00187434851282786,42100,626137.53
2026-09-22,2026-09-23T23:38:25.440000Z,ACWI,iShares,2015,002353,YANTAI JEREH OILFIELD SERVICES GRO,0.00187051724002806,35200,624857.67
2026-09-22,2026-09-23T23:38:25.440000Z,ACWI,iShares,2016,002352,S.F. HOLDING LTD A,0.00186922314596202,135200,624425.37
2026-09-22,2026-09-23T23:38:25.440000Z,ACWI,iShares,2017,UNTR,UNITED TRACTORS,0.00185685067271582,455306,620292.27
2026-09-22,2026-09-23T23:38:25.440000Z,ACWI,iShares,2018,600584,JCET GROUP LTD A,0.00184967960147142,57300,617896.73
2026-09-22,2026-09-23T23:38:25.440000Z,ACWI,iShares,2019,600886,SDIC POWER HOLDINGS LTD A,0.00184798515547295,289200,617330.69
2026-09-22,2026-09-23T23:38:25.440000Z,ACWI,iShares,2020,601985,CHINA NATIONAL NUCLEAR POWER LTD A,0.00184257106463609,465400,615522.08
2026-09-22,2026-09-23T23:38:25.440000Z,ACWI,iShares,2021,000657,CHINA TUNGSTEN AND HIGHTECH MATERI,0.00183913658149266,68300,614374.77
2026-09-22,2026-09-23T23:38:25.440000Z,ACWI,iShares,2022,MOH,MOTOR OIL (HELLAS) CORINTH REFINER,0.00182960237414461,8307,611189.81
2026-09-22,2026-09-23T23:38:25.440000Z,ACWI,iShares,2023,601601,CHINA PACIFIC INSURANCE (GROUP) A,0.0018259144605047,127097,609957.84
2026-09-22,2026-09-23T23:38:25.440000Z,ACWI,iShares,2024,MRF,MRF LTD,0.00182049890284829,466,608148.74
2026-09-22,2026-09-23T23:38:25.440000Z,ACWI,iShares,2025,688072,PIOTECH INC A,0.00181884127701409,5634,607595
2026-09-22,2026-09-23T23:38:25.440000Z,ACWI,iShares,2026,DABUR,DABUR INDIA,0.0018113362798084,149060,605087.91
2026-09-22,2026-09-23T23:38:25.440000Z,ACWI,iShares,2027,OIL,OIL INDIA LTD,0.00181120175150091,123867,605042.97
2026-09-22,2026-09-23T23:38:25.440000Z,ACWI,iShares,2028,600795,GD POWER DEVELOPMENT LTD A,0.00178645222493929,770300,596775.24
2026-09-22,2026-09-23T23:38:25.440000Z,ACWI,iShares,2029,000792,QINGHAI SALT LAKE INDUSTRY LTD A,0.00178367191338099,160500,595846.46
2026-09-22,2026-09-23T23:38:25.440000Z,ACWI,iShares,2030,002714,MUYUAN FOODS GROUP LTD A,0.00176974054023696,94612,591192.6
2026-09-22,2026-09-23T23:38:25.440000Z,ACWI,iShares,2031,600905,CHINA THREE GORGES RENEWABLES(GROU,0.00176919075232078,1087700,591008.94
2026-09-22,2026-09-23T23:38:25.440000Z,ACWI,iShares,2032,PIIND,P.I. INDUSTRIES,0.00176566646389865,23399,589831.63
2026-09-22,2026-09-23T23:38:25.440000Z,ACWI,iShares,2033,151.HK,WANT WANT CHINA HOLDINGS,0.00175806175289852,1672000,587291.23
2026-09-22,2026-09-23T23:38:25.440000Z,ACWI,iShares,2034,002600,LINGYI ITECH (GUANGDONG) A,0.00175515825843294,310500,586321.3
2026-09-22,2026-09-23T23:38:25.440000Z,ACWI,iShares,2035,603228,SHENZHEN KINWONG ELECTRONIC LTD A,0.00175453935038724,37000,586114.55
2026-09-22,2026-09-23T23:38:25.440000Z,ACWI,iShares,2036,1193.HK,CHINA RESOURCES GAS GROUP LTD,0.00174835230551663,284000,584047.73
2026-09-22,2026-09-23T23:38:25.440000Z,ACWI,iShares,2037,ACP,ASSECO POLAND SA,0.00174587754145156,9766,583221.02
2026-09-22,2026-09-23T23:38:25.440000Z,ACWI,iShares,2038,SUPREMEIND,SUPREME INDUSTRIES LTD,0.00174293522117048,16086,582238.12
2026-09-22,2026-09-23T23:38:25.440000Z,ACWI,iShares,2039,SM,SM INVESTMENTS,0.00173799736772656,70920,580588.6
2026-09-22,2026-09-23T23:38:25.440000Z,ACWI,iShares,2040,601881,CHINA GALAXY SECURITIES LTD A,0.00173512093458496,318800,579627.71
2026-09-22,2026-09-23T23:38:25.440000Z,ACWI,iShares,2041,1044.HK,HENGAN INTERNATIONAL GROUP,0.00173237603624156,226500,578710.76
2026-09-22,2026-09-23T23:38:25.440000Z,ACWI,iShares,2042,KLK,KUALA LUMPUR KEPONG,0.00173049219091032,103800,578081.45
2026-09-22,2026-09-23T23:38:25.440000Z,ACWI,iShares,2043,600019,BAOSHAN IRON & STEEL LTD A,0.00172524103678411,673800,576327.27
2026-09-22,2026-09-23T23:38:25.440000Z,ACWI,iShares,2044,GRUMAB,GRUMA,0.00171908665109985,42125,574271.36
2026-09-22,2026-09-23T23:38:25.440000Z,ACWI,iShares,2045,002602,ZHEJIANG CENTURY HUATONG GROUP LTD,0.00171621461841691,262700,573311.94
2026-09-22,2026-09-23T23:38:25.440000Z,ACWI,iShares,2046,CLP,CLP CASH,0.00171339323591115,541633204,572369.44
2026-09-22,2026-09-23T23:38:25.440000Z,ACWI,iShares,2047,ISCTR.E,TURKIYE IS BANKASI C,0.00171138417208631,2065879,571698.3
2026-09-22,2026-09-23T23:38:25.440000Z,ACWI,iShares,2048,2382,ADES HOLDING CO,0.00170804173935355,127542,570581.74
2026-09-22,2026-09-23T23:38:25.440000Z,ACWI,iShares,2049,DUBK,DUKHAN BANK,0.0017058054681736,665203,569834.7
2026-09-22,2026-09-23T23:38:25.440000Z,ACWI,iShares,2050,601100,JIANGSU HENGLI HYDRAULIC A,0.00170505804877409,41300,569585.02
2026-09-22,2026-09-23T23:38:25.440000Z,ACWI,iShares,2051,000408,ZANGGE MINING LTD A,0.0017013013442907,51800,568330.07
2026-09-22,2026-09-23T23:38:25.440000Z,ACWI,iShares,2052,601818,CHINA EVERBRIGHT BANK LTD A,0.0017011887584063,1264800,568292.46
2026-09-22,2026-09-23T23:38:25.440000Z,ACWI,iShares,2053,3998.HK,BOSIDENG INTERNATIONAL,0.00169406504447887,1128000,565912.74
2026-09-22,2026-09-23T23:38:25.440000Z,ACWI,iShares,2054,601336,NEW CHINA LIFE INSURANCE LTD A,0.00169127398622222,64500,564980.37
2026-09-22,2026-09-23T23:38:25.440000Z,ACWI,iShares,2055,601857,PETROCHINA A,0.00168464536879625,349400,562766.04
2026-09-22,2026-09-23T23:38:25.440000Z,ACWI,iShares,2056,300604,HANGZHOU CHANG CHUAN TECHNOLOGY LT,0.00167035459492688,13700,557992.12
2026-09-22,2026-09-23T23:38:25.440000Z,ACWI,iShares,2057,1776.HK,GF SECURITIES H,0.00165734938362206,248000,553647.65
2026-09-22,2026-09-23T23:38:25.440000Z,ACWI,iShares,2058,GODREJPROP,GODREJ PROPERTIES LTD,0.00164932839522007,30995,550968.19
2026-09-22,2026-09-23T23:38:25.440000Z,ACWI,iShares,2059,1258.HK,CHINA NONFERROUS MINING CORPORATIO,0.0016426631372404,269000,548741.62
2026-09-22,2026-09-23T23:38:25.440000Z,ACWI,iShares,2060,300433,LENS TECHNOLOGY A,0.00164207015298515,106700,548543.53
2026-09-22,2026-09-23T23:38:25.440000Z,ACWI,iShares,2061,024110.KS,INDUSTRIAL BANK OF KOREA,0.00164138287318728,37236,548313.94
2026-09-22,2026-09-23T23:38:25.440000Z,ACWI,iShares,2062,YKBNK.E,YAPI VE KREDI BANKASI A,0.00162741450026843,721997,543647.72
2026-09-22,2026-09-23T23:38:25.440000Z,ACWI,iShares,2063,2290,YANBU NATIONAL PETROCHEMICALS,0.0016249256068395,64223,542816.29
2026-09-22,2026-09-23T23:38:25.440000Z,ACWI,iShares,2064,600522,JIANGSU ZHONGTIAN TECHNOLOGY LTD A,0.00162162397563836,98400,541713.36
2026-09-22,2026-09-23T23:38:25.440000Z,ACWI,iShares,2065,ICICIPRULI,ICICI PRUDENTIAL LIFE INSURANCE CO,0.00161257471679528,105830,538690.4
2026-09-22,2026-09-23T23:38:25.440000Z,ACWI,iShares,2066,300757,ROBOTECHNIK INTELLIGENT TECHNOLOGY,0.00159735990647829,5900,533607.8
2026-09-22,2026-09-23T23:38:25.440000Z,ACWI,iShares,2067,002281,ACCELINK TECHNOLOGIES LTD A,0.00158225181476749,18600,528560.85
2026-09-22,2026-09-23T23:38:25.440000Z,ACWI,iShares,2068,384.HK,CHINA GAS HOLDINGS LTD,0.00158050450339495,772600,527977.15
2026-09-22,2026-09-23T23:38:25.440000Z,ACWI,iShares,2069,000651,GREE ELECTRIC APPLIANCES INC OF ZH,0.00157471430805091,92300,526042.9
2026-09-22,2026-09-23T23:38:25.440000Z,ACWI,iShares,2070,LENSKART,LENSKART SOLUTIONS LTD,0.00156333645820138,72210,522242.06
2026-09-22,2026-09-23T23:38:25.440000Z,ACWI,iShares,2071,SDG,SD GUTHRIE,0.00155015310315872,336100,517838.08
2026-09-22,2026-09-23T23:38:25.440000Z,ACWI,iShares,2072,GEKTERNA,GEK TERNA,0.00154241883307652,10521,515254.4
2026-09-22,2026-09-23T23:38:25.440000Z,ACWI,iShares,2073,688347,HUA HONG GRACE SEMICONDUCTOR LTD A,0.00153546350404665,14872,512930.93
2026-09-22,2026-09-23T23:38:25.440000Z,ACWI,iShares,2074,002241,GOERTEK A,0.00153375492868433,139300,512360.17
2026-09-22,2026-09-23T23:38:25.440000Z,ACWI,iShares,2075,MBT,METROPOLITAN BANK AND TRUST CO,0.00153275683281688,517180,512026.75
2026-09-22,2026-09-23T23:38:25.440000Z,ACWI,iShares,2076,BRPT,BARITO PACIFIC,0.00151984199555753,5792464,507712.47
2026-09-22,2026-09-23T23:38:25.440000Z,ACWI,iShares,2077,300476,VICTORY GIANT TECHNOLOGY HUIZHOU L,0.00151456171458593,14000,505948.56
2026-09-22,2026-09-23T23:38:25.440000Z,ACWI,iShares,2078,600016,CHINA MINSHENG BANKING A,0.00151284134479701,967300,505373.86
2026-09-22,2026-09-23T23:38:25.440000Z,ACWI,iShares,2079,600111,CHINA NORTHERN RARE EARTH (GROUP),0.00150897157546773,89100,504081.14
2026-09-22,2026-09-23T23:38:25.440000Z,ACWI,iShares,2080,600089,TBEA LTD A,0.00150375146403286,184800,502337.33
2026-09-22,2026-09-23T23:38:25.440000Z,ACWI,iShares,2081,MPHASIS,MPHASIS LTD,0.00148114307492596,20885,494784.86
2026-09-22,2026-09-23T23:38:25.440000Z,ACWI,iShares,2082,TATACOMM,TATA COMMUNICATIONS LTD,0.00148076424632531,27944,494658.31
2026-09-22,2026-09-23T23:38:25.440000Z,ACWI,iShares,2083,300498,WENS FOODSTUFF GROUP,0.00147421022715085,221416,492468.9
2026-09-22,2026-09-23T23:38:25.440000Z,ACWI,iShares,2084,005940.KS,NH INVESTMENT & SECURITIES,0.00147344793001017,25614,492214.25
2026-09-22,2026-09-23T23:38:25.440000Z,ACWI,iShares,2085,000977,INSPUR ELECTRONIC INFORMATION INDU,0.00146693842431885,45500,490039.71
2026-09-22,2026-09-23T23:38:25.440000Z,ACWI,iShares,2086,ISA,INTERCONEXION ELECTRICA SA,0.00146689340193913,51571,490024.67
2026-09-22,2026-09-23T23:38:25.440000Z,ACWI,iShares,2087,000425,XCMG CONSTRUCTION MACHINERY A,0.00146301728637016,448500,488729.83
2026-09-22,2026-09-23T23:38:25.440000Z,ACWI,iShares,2088,COV.PA,COVIVIO SA,0.00146111332465649,9045,488093.8
2026-09-22,2026-09-23T23:38:25.440000Z,ACWI,iShares,2089,002080,SINOMA SCIENCE & TECHNOLOGY A,0.00145506332264117,52100,486072.76
2026-09-22,2026-09-23T23:38:25.440000Z,ACWI,iShares,2090,000938,UNISPLENDOUR CORP LTD A,0.00144865990691908,96000,483933.66
2026-09-22,2026-09-23T23:38:25.440000Z,ACWI,iShares,2091,600809,SHANXI XINGHUACUN FEN WINE FACTORY,0.00144669377001746,28600,483276.86
2026-09-22,2026-09-23T23:38:25.440000Z,ACWI,iShares,2092,1585.HK,YADEA GROUP HOLDINGS,0.00144176513658215,446000,481630.42
2026-09-22,2026-09-23T23:38:25.440000Z,ACWI,iShares,2093,3618.HK,CHONGQING RURAL COMMERCIAL BANK LT,0.00143887786693692,597000,480665.91
2026-09-22,2026-09-23T23:38:25.440000Z,ACWI,iShares,2094,9995.HK,REMEGEN H,0.00143852292654041,47500,480547.34
2026-09-22,2026-09-23T23:38:25.440000Z,ACWI,iShares,2095,1772.HK,GANFENG LITHIUM LTD H,0.00143532729550323,112800,479479.82
2026-09-22,2026-09-23T23:38:25.440000Z,ACWI,iShares,2096,300033,HITHINK ROYALFLUSH INFORMATION NET,0.00143450638545065,15260,479205.59
2026-09-22,2026-09-23T23:38:25.440000Z,ACWI,iShares,2097,300475,SHANNON SEMICONDUCTOR TECHNOLOGY L,0.00142506611442412,17600,476052.01
2026-09-22,2026-09-23T23:38:25.440000Z,ACWI,iShares,2098,688521,VERISILICON MICROELECTRONICS (SHAN,0.00140358364403134,15099,468875.66
2026-09-22,2026-09-23T23:38:25.440000Z,ACWI,iShares,2099,GROWW,BILLIONBRAINS GARAGE VENTURES LTD,0.001396347823181,235735,466458.49
2026-09-22,2026-09-23T23:38:25.440000Z,ACWI,iShares,2100,916.HK,CHINA LONGYUAN POWER GROUP H,0.00138992429107649,699000,464312.67
2026-09-22,2026-09-23T23:38:25.440000Z,ACWI,iShares,2101,601009,BANK OF NANJING LTD A,0.00138954758786745,264200,464186.83
2026-09-22,2026-09-23T23:38:25.440000Z,ACWI,iShares,2102,1030,SAUDI INVESTMENT BANK,0.00137829399858854,117622,460427.5
2026-09-22,2026-09-23T23:38:25.440000Z,ACWI,iShares,2103,EGIE3,ENGIE BRASIL ENERGIA SA,0.00137054520998628,76365,457838.97
2026-09-22,2026-09-23T23:38:25.440000Z,ACWI,iShares,2104,000338,WEICHAI POWER LTD A,0.00136123815012315,112700,454729.89
2026-09-22,2026-09-23T23:38:25.440000Z,ACWI,iShares,2105,600926,BANK OF HANGZHOU A,0.00136006514350789,178200,454338.04
2026-09-22,2026-09-23T23:38:25.440000Z,ACWI,iShares,2106,PETRONET,PETRONET LNG,0.00135956615544435,154114,454171.35
2026-09-22,2026-09-23T23:38:25.440000Z,ACWI,iShares,2107,000895,HENAN SHUANGHUI INVESTMENT & DEVEL,0.00135085016399052,129300,451259.72
2026-09-22,2026-09-23T23:38:25.440000Z,ACWI,iShares,2108,780.HK,TONGCHENG TRAVEL HOLDINGS,0.00134070318529082,336800,447870.06
2026-09-22,2026-09-23T23:38:25.440000Z,ACWI,iShares,2109,300274,SUNGROW POWER SUPPLY LTD A,0.00133529166887195,33880,446062.31
2026-09-22,2026-09-23T23:38:25.440000Z,ACWI,iShares,2110,601628,CHINA LIFE INSURANCE LTD A,0.00132950267093162,76900,444128.46
2026-09-22,2026-09-23T23:38:25.440000Z,ACWI,iShares,2111,1882.HK,HAITIAN INTERNATIONAL LTD,0.00131358091346072,196000,438809.7
2026-09-22,2026-09-23T23:38:25.440000Z,ACWI,iShares,2112,002311,GUANGDONG HAID GROUP LTD A,0.00130746792800995,69500,436767.62
2026-09-22,2026-09-23T23:38:25.440000Z,ACWI,iShares,2113,600050,CHINA UNITED NETWORK COMMUNICATION,0.00130163606301659,691900,434819.45
2026-09-22,2026-09-23T23:38:25.440000Z,ACWI,iShares,2114,3323.HK,CHINA NATIONAL BUILDING MATERIAL L,0.00129661232579114,1060000,433141.24
2026-09-22,2026-09-23T23:38:25.440000Z,ACWI,iShares,2115,601825,SHANGHAI RURAL COMMERCIAL BANK LTD,0.00129517145996461,326400,432659.91
2026-09-22,2026-09-23T23:38:25.440000Z,ACWI,iShares,2116,600487,HENGTONG OPTIC ELECTRIC LTD A,0.00129176107457097,39600,431520.65
2026-09-22,2026-09-23T23:38:25.440000Z,ACWI,iShares,2117,601668,CHINA STATE CONSTRUCTION ENGINEERI,0.00128906703595041,670877,430620.69
2026-09-22,2026-09-23T23:38:25.440000Z,ACWI,iShares,2118,601169,BANK OF BEIJING LTD A,0.00127055882658282,515100,424437.91
2026-09-22,2026-09-23T23:38:25.440000Z,ACWI,iShares,2119,600346,HENGLI PETROCHEMICAL LTD A,0.00126237247672765,170800,421703.21
2026-09-22,2026-09-23T23:38:25.440000Z,ACWI,iShares,2120,600196,SHANGHAI FOSUN PHARMACEUTICAL (GRO,0.00124131723998074,120100,414669.58
2026-09-22,2026-09-23T23:38:25.440000Z,ACWI,iShares,2121,601066,CHINA SECURITIES LTD A,0.00124061256789389,116800,414434.18
2026-09-22,2026-09-23T23:38:25.440000Z,ACWI,iShares,2122,600015,HUA XIA BANK LTD A,0.00122213788583035,438300,408262.6
2026-09-22,2026-09-23T23:38:25.440000Z,ACWI,iShares,2123,002493,RONGSHENG PETRO CHEMICAL LTD A,0.001217438345661,207500,406692.69
2026-09-22,2026-09-23T23:38:25.440000Z,ACWI,iShares,2124,AC,AYALA CORP,0.00121250845495179,51850,405045.83
2026-09-22,2026-09-23T23:38:25.440000Z,ACWI,iShares,2125,688525,BIWIN STORAGE TECHNOLOGY LTD A,0.00120525970214132,12417,402624.34
2026-09-22,2026-09-23T23:38:25.440000Z,ACWI,iShares,2126,601766,CRRC CORP LTD A,0.00120274718992409,450100,401785.02
2026-09-22,2026-09-23T23:38:25.440000Z,ACWI,iShares,2127,002230,IFLYTEK LTD A,0.0012009356378422,68700,401179.86
2026-09-22,2026-09-23T23:38:25.440000Z,ACWI,iShares,2128,960.HK,LONGFOR GROUP HOLDINGS,0.00119255282397234,555000,398379.53
2026-09-22,2026-09-23T23:38:25.440000Z,ACWI,iShares,2129,000426,INNER MONGOLIA XINGYE SILVER&TIN M,0.00117182854961251,76100,391456.46
2026-09-22,2026-09-23T23:38:25.440000Z,ACWI,iShares,2130,600436,ZHANGZHOU PIENTZEHUANG PHARMACEUTI,0.00117112318901853,21692,391220.83
2026-09-22,2026-09-23T23:38:25.440000Z,ACWI,iShares,2131,601868,CHINA ENERGY ENGINEERING CORP LTD,0.00116338125555254,1071400,388634.59
2026-09-22,2026-09-23T23:38:25.440000Z,ACWI,iShares,2132,601012,LONGI GREEN ENERGY TECHNOLOGY A,0.00115342074254651,226820,385307.22
2026-09-22,2026-09-23T23:38:25.440000Z,ACWI,iShares,2133,SAR,SAR CASH(COMMITTED),0.00115118318415757,1444137,384559.75
2026-09-22,2026-09-23T23:38:25.440000Z,ACWI,iShares,2134,600958,ORIENT SECURITIES A,0.00114395927747421,285400,382146.56
2026-09-22,2026-09-23T23:38:25.440000Z,ACWI,iShares,2135,6186.HK,CHINA FEIHE LTD,0.00114197338341127,1185000,381483.16
2026-09-22,2026-09-23T23:38:25.440000Z,ACWI,iShares,2136,002422,SICHUAN KELUN PHARMACEUTICAL LTD A,0.00114108242524131,60800,381185.53
2026-09-22,2026-09-23T23:38:25.440000Z,ACWI,iShares,2137,601888,CHINA TOURISM GROUP DUTY FREE CORP,0.00113729797092679,48692,379921.31
2026-09-22,2026-09-23T23:38:25.440000Z,ACWI,iShares,2138,688111,BEIJING KINGSOFT OFFICE SOFTWARE A,0.00113702502274974,11000,379830.13
2026-09-22,2026-09-23T23:38:25.440000Z,ACWI,iShares,2139,3360.HK,FAR EAST HORIZON,0.00113642596167064,462000,379630.01
2026-09-22,2026-09-23T23:38:25.440000Z,ACWI,iShares,2140,002709,GUANGZHOU TINCI MATERIALS TECHNOLO,0.00113569919748523,76300,379387.23
2026-09-22,2026-09-23T23:38:25.440000Z,ACWI,iShares,2141,1908.HK,C D INTERNATIONAL INVESTMENT GROUP,0.00112260606681257,234000,375013.39
2026-09-22,2026-09-23T23:38:25.440000Z,ACWI,iShares,2142,000568,LUZHOU LAO JIAO LTD A,0.0011211295782255,35100,374520.16
2026-09-22,2026-09-23T23:38:25.440000Z,ACWI,iShares,2143,000988,HUAGONG TECH A,0.00111498492144643,23300,372467.5
2026-09-22,2026-09-23T23:38:25.440000Z,ACWI,iShares,2144,300442,RANGE INTELLIGENT COMPUTING TECHNO,0.00110924687303422,37200,370550.67
2026-09-22,2026-09-23T23:38:25.440000Z,ACWI,iShares,2145,000157,ZOOMLION HEAVY INDUSTRY SCIENCE AN,0.00110834600634851,402000,370249.73
2026-09-22,2026-09-23T23:38:25.440000Z,ACWI,iShares,2146,600585,ANHUI CONCH CEMENT A,0.00109467012922238,143092,365681.22
2026-09-22,2026-09-23T23:38:25.440000Z,ACWI,iShares,2147,002837,SHENZHEN ENVICOOL TECHNOLOGY LTD A,0.00109356663189283,39780,365312.59
2026-09-22,2026-09-23T23:38:25.440000Z,ACWI,iShares,2148,600160,ZHEJIANG JU HUA LTD A,0.00105475144336044,68200,352346.14
2026-09-22,2026-09-23T23:38:25.440000Z,ACWI,iShares,2149,MPHC,MESAIEED PETROCHEMICAL HOLDING,0.00104866183721721,1233545,350311.87
2026-09-22,2026-09-23T23:38:25.440000Z,ACWI,iShares,2150,002050,ZHEJIANG SANHUA INTELLIGENT CONTRO,0.00104659101729572,64700,349620.1
2026-09-22,2026-09-23T23:38:25.440000Z,ACWI,iShares,2151,TMGH,TALAAT MOUSTAFA GROUP,0.00104565488707057,191013,349307.38
2026-09-22,2026-09-23T23:38:25.440000Z,ACWI,iShares,2152,LEGN,LEGEND BIOTECH ADR REP,0.00101052012840487,18110,337570.4
2026-09-22,2026-09-23T23:38:25.440000Z,ACWI,iShares,2153,603501,OMNIVISION INTEGRATED CIRCUITS GRO,0.000996245040524172,26900,332801.72
2026-09-22,2026-09-23T23:38:25.440000Z,ACWI,iShares,2154,032640.KS,LG UPLUS,0.000994529430415021,30970,332228.61
2026-09-22,2026-09-23T23:38:25.440000Z,ACWI,iShares,2155,600115,CHINA EASTERN AIRLINES CORP LTD A,0.000989887664974965,642100,330678
2026-09-22,2026-09-23T23:38:25.440000Z,ACWI,iShares,2156,300015,AIER EYE HOSPITAL GROUP LTD A,0.000983693405746967,272786,328608.77
2026-09-22,2026-09-23T23:38:25.440000Z,ACWI,iShares,2157,300014,EVE ENERGY A,0.000973559688293422,43100,325223.54
2026-09-22,2026-09-23T23:38:25.440000Z,ACWI,iShares,2158,6181.HK,LAOPU GOLD H,0.000969262834993752,7000,323788.15
2026-09-22,2026-09-23T23:38:25.440000Z,ACWI,iShares,2159,600690,HAIER SMART HOME LTD A,0.000952287272447518,105500,318117.36
2026-09-22,2026-09-23T23:38:25.440000Z,ACWI,iShares,2160,601727,SHANGHAI ELECTRIC GROUP LTD A,0.000951012845737517,318600,317691.63
2026-09-22,2026-09-23T23:38:25.440000Z,ACWI,iShares,2161,601006,DAQIN RAILWAY LTD A,0.000949418921781002,451100,317159.17
2026-09-22,2026-09-23T23:38:25.440000Z,ACWI,iShares,2162,005385.KS,HYUNDAI MOTOR S1 PREF,0.00094767645989352,2457,316577.09
2026-09-22,2026-09-23T23:38:25.440000Z,ACWI,iShares,2163,688271,SHANGHAI UNITED IMAGING HEALTHCARE,0.000930530836084526,20344,310849.49
2026-09-22,2026-09-23T23:38:25.440000Z,ACWI,iShares,2164,600875,DONGFANG ELECTRIC CORP LTD A,0.000929549174583079,85500,310521.56
2026-09-22,2026-09-23T23:38:25.440000Z,ACWI,iShares,2165,605499,EASTROC BEVERAGE (GROUP) LTD A,0.000906730311837999,17576,302898.78
2026-09-22,2026-09-23T23:38:25.440000Z,ACWI,iShares,2166,601689,NINGBO TUOPU GROUP CLS LTD A,0.000900361590888583,44080,300771.27
2026-09-22,2026-09-23T23:38:25.440000Z,ACWI,iShares,2167,600703,SANAN OPTOELECTRONICS LTD A,0.00089715461445119,156000,299699.96
2026-09-22,2026-09-23T23:38:25.440000Z,ACWI,iShares,2168,TEL,PLDT INC,0.00089693459151838,16515,299626.46
2026-09-22,2026-09-23T23:38:25.440000Z,ACWI,iShares,2169,603799,ZHEJIANG HUAYOU COBALT LTD A,0.000887883327024073,54200,296602.83
2026-09-22,2026-09-23T23:38:25.440000Z,ACWI,iShares,2170,605117,NINGBO DEYE TECHNOLOGY CORP A,0.000850350378260928,23100,284064.72
2026-09-22,2026-09-23T23:38:25.440000Z,ACWI,iShares,2171,000876,NEW HOPE LIUHE LTD A,0.000830765732887779,257500,277522.35
2026-09-22,2026-09-23T23:38:25.440000Z,ACWI,iShares,2172,600104,SAIC MOTOR CORP LTD A,0.000821209313700797,166013,274329.97
2026-09-22,2026-09-23T23:38:25.440000Z,ACWI,iShares,2173,300136,SHENZHEN SUNWAY COMMUNICATION LTD,0.000809208694178589,30600,270321.09
2026-09-22,2026-09-23T23:38:25.440000Z,ACWI,iShares,2174,600085,BEIJING TONGRENTANG LTD A,0.000808798463665497,76500,270184.05
2026-09-22,2026-09-23T23:38:25.440000Z,ACWI,iShares,2175,301377,GUANGDONG DTECH TECHNOLOGY LTD A,0.000800312762881337,4500,267349.35
2026-09-22,2026-09-23T23:38:25.440000Z,ACWI,iShares,2176,600438,TONGWEI LTD A,0.000794993416613506,151800,265572.39
2026-09-22,2026-09-23T23:38:25.440000Z,ACWI,iShares,2177,2367.HK,GIANT BIOGENE HOLDING LTD,0.00076301396641485,81600,254889.46
2026-09-22,2026-09-23T23:38:25.440000Z,ACWI,iShares,2178,600893,AECC AVIATION POWER LTD A,0.000722882142691468,40800,241483.18
2026-09-22,2026-09-23T23:38:25.440000Z,ACWI,iShares,2179,600418,ANHUI JIANGHUAI AUTOMOBILE CORP LT,0.000707848260075961,74300,236461.02
2026-09-22,2026-09-23T23:38:25.440000Z,ACWI,iShares,2180,000596,ANHUI GUJING DISTILLERY LTD A,0.000698214997505506,16300,233242.97
2026-09-22,2026-09-23T23:38:25.440000Z,ACWI,iShares,2181,9896.HK,MINISO GROUP HOLDING LTD,0.00068223462712271,100424,227904.63
2026-09-22,2026-09-23T23:38:25.440000Z,ACWI,iShares,2182,600673,GUANGDONG HEC TECHNOLOGY HOLDING L,0.000659618574632021,45900,220349.6
2026-09-22,2026-09-23T23:38:25.440000Z,ACWI,iShares,2183,002304,JIANGSU YANGHE BREWERY JOINT-STOCK,0.000634061279523607,37000,211812.03
2026-09-22,2026-09-23T23:38:25.440000Z,ACWI,iShares,2184,002460,GANFENG LITHIUM GROUP LTD A,0.000611519825284424,29500,204281.92
2026-09-22,2026-09-23T23:38:25.440000Z,ACWI,iShares,2185,300124,SHENZHEN INOVANCE TECHNOLOGY A,0.000611055082967162,25300,204126.67
2026-09-22,2026-09-23T23:38:25.440000Z,ACWI,iShares,2186,600547,SHANDONG GOLD-MINING LTD A,0.000607111613439168,43200,202809.33
2026-09-22,2026-09-23T23:38:25.440000Z,ACWI,iShares,2187,INR,INR CASH,0.000601277413508562,19203508,200860.38
2026-09-22,2026-09-23T23:38:25.440000Z,ACWI,iShares,2188,IDR,IDR CASH,0.000569823354125382,3398752121,190352.96
2026-09-22,2026-09-23T23:38:25.440000Z,ACWI,iShares,2189,601127,SERES GROUP A,0.000557250944393704,26100,186153.07
2026-09-22,2026-09-23T23:38:25.440000Z,ACWI,iShares,2190,688506,SICHUAN BIOKIN PHARMACEUTICAL A,0.000515565848569964,4600,172227.91
2026-09-22,2026-09-23T23:38:25.440000Z,ACWI,iShares,2191,001979,CHINA MERCHANTS SHEKOU INDUSTRIAL,0.000508083751710345,156400,169728.47
2026-09-22,2026-09-23T23:38:25.440000Z,ACWI,iShares,2192,000625,CHONGQING CHANGAN AUTOMOBILE LTD A,0.000498585466473774,155400,166555.51
2026-09-22,2026-09-23T23:38:25.440000Z,ACWI,iShares,2193,601233,TONGKUN GROUP A,0.000486336325810315,45500,162463.61
2026-09-22,2026-09-23T23:38:25.440000Z,ACWI,iShares,2194,688172,BEIJING YANDONG MICRO ELECTRONIC L,0.000419862578258535,20000,140257.65
2026-09-22,2026-09-23T23:38:25.440000Z,ACWI,iShares,2195,THB,THB CASH,0.000417945804325101,4628490,139617.34
2026-09-22,2026-09-23T23:38:25.440000Z,ACWI,iShares,2196,688578,SHANGHAI ALLIST PHARMACEUTICALS LT,0.000312398139233,6800,104358.5
2026-09-22,2026-09-23T23:38:25.440000Z,ACWI,iShares,2197,QAR,QAR CASH,0.000287932187806414,350211,96185.5
2026-09-22,2026-09-23T23:38:25.440000Z,ACWI,iShares,2198,688617,APT MEDICAL INC A,0.00024256339919086,2230,81029.78
2026-09-22,2026-09-23T23:38:25.440000Z,ACWI,iShares,2199,603268,GUANGDONG SONGFA CERAMICS LTD A,0.000185935303693655,1900,62112.82
2026-09-22,2026-09-23T23:38:25.440000Z,ACWI,iShares,2200,534091,MULTI COMMODITY EXCHANGE OF INDIA,0.000163140987724751,1597,54498.24
2026-09-22,2026-09-23T23:38:25.440000Z,ACWI,iShares,2201,0126Z0.KS,SAMSUNG EPIS HOLDINGS LTD,0.000116901596802407,160,39051.69
2026-09-22,2026-09-23T23:38:25.440000Z,ACWI,iShares,2202,2475401G.KQ,ECOPROBM R RIGHTS LTD,4.47867007341281e-05,1373,14961.27
2026-09-22,2026-09-23T23:38:25.440000Z,ACWI,iShares,2203,028300.KQ,HLB LTD,4.25665945043455e-05,622,14219.63
2026-09-22,2026-09-23T23:38:25.440000Z,ACWI,iShares,2204,RUB,RUB CASH,2.82164892808438e-05,794131,9425.89
2026-09-22,2026-09-23T23:38:25.440000Z,ACWI,iShares,2205,001309,SHENZHEN TECHWINSEMI TECHNOLOGY LT,1.52646223115748e-05,83,5099.24
2026-09-22,2026-09-23T23:38:25.440000Z,ACWI,iShares,2206,HOLX,HOLOGIC INC,2.16236143557983e-06,72235,722.35
2026-09-22,2026-09-23T23:38:25.440000Z,ACWI,iShares,2207,SBER,SBERBANK ROSSII,9.08739615143584e-07,2557600,303.57
2026-09-22,2026-09-23T23:38:25.440000Z,ACWI,iShares,2208,MOEX,MOSCOW EXCHANGE,1.74222240673837e-07,490370,58.2
2026-09-22,2026-09-23T23:38:25.440000Z,ACWI,iShares,2209,MTSS,MOBILNYE TELESISTEMY,1.71348471755505e-07,482206,57.24
2026-09-22,2026-09-23T23:38:25.440000Z,ACWI,iShares,2210,ALRS,AK ALROSA,1.67696390421793e-07,472000,56.02
2026-09-22,2026-09-23T23:38:25.440000Z,ACWI,iShares,2211,ROSN,NK ROSNEFT,1.25248428690607e-07,352530,41.84
2026-09-22,2026-09-23T23:38:25.440000Z,ACWI,iShares,2212,CHMF,SEVERSTAL,1.70031327667937e-08,47814,5.68
2026-09-22,2026-09-23T23:38:25.440000Z,ACWI,iShares,2213,PHOR.L,PJSC PHOSAGRO GDR,1.52968324715345e-08,511,5.11
2026-09-22,2026-09-23T23:38:25.440000Z,ACWI,iShares,2214,TCSG,TCS GROUP HOLDING REPR CLASS A RE,1.25428039248003e-08,35279,4.19
2026-09-22,2026-09-23T23:38:25.440000Z,ACWI,iShares,2215,FIVE,X5 RETAIL GROUP GDR NV,8.53150147629613e-09,24002,2.85
2026-09-22,2026-09-23T23:38:25.440000Z,ACWI,iShares,2216,PLZL,POLYUS,3.47247077631702e-09,97810,1.16
2026-09-22,2026-09-23T23:38:25.440000Z,ACWI,iShares,2217,NMC.L,NMC HEALTH PLC,7.78312415381401e-10,19275,0.26
2026-09-22,2026-09-23T23:38:25.440000Z,ACWI,iShares,2218,2299955D.TO,CONSTELLATION SOFTWARE INC,1.19740371597139e-10,5990,0.04
2026-09-22,2026-09-23T23:38:25.440000Z,ACWI,iShares,2219,BES,BANCO ESPIRITO SANTO CLASS N SA,0,3,0
2026-09-22,2026-09-23T23:38:25.440000Z,ACWI,iShares,2220,COP,COP CASH,0,0,0
2026-09-22,2026-09-23T23:38:25.440000Z,ACWI,iShares,2221,AED,AED CASH,0,0,0
2026-09-22,2026-09-23T23:38:25.440000Z,ACWI,iShares,2222,MESZ6,MSCI EMER MKT INDEX (ICE) DEC 26,0,147,0
2026-09-22,2026-09-23T23:38:25.440000Z,ACWI,iShares,2223,MFSZ6,MSCI EAFE INDEX DEC 26,0,159,0
2026-09-22,2026-09-23T23:38:25.440000Z,ACWI,iShares,2224,ESZ6,S&P500 EMINI DEC 26,0,175,0
2026-09-23,2026-09-23T23:38:25.440000Z,XLF,SPDR/State Street,1,BRK.B,BERKSHIRE HATHAWAY INC CL B,12.133901,12492883,
2026-09-23,2026-09-23T23:38:25.440000Z,XLF,SPDR/State Street,2,JPM,JPMORGAN CHASE + CO,11.694535,17830237,
2026-09-23,2026-09-23T23:38:25.440000Z,XLF,SPDR/State Street,3,V,VISA INC CLASS A SHARES,7.983334,11430910,
2026-09-23,2026-09-23T23:38:25.440000Z,XLF,SPDR/State Street,4,MA,MASTERCARD INC A,5.81633,5423920,
2026-09-23,2026-09-23T23:38:25.440000Z,XLF,SPDR/State Street,5,BAC,BANK OF AMERICA CORP,4.729268,43622515,
2026-09-23,2026-09-23T23:38:25.440000Z,XLF,SPDR/State Street,6,GS,GOLDMAN SACHS GROUP INC,3.576811,1952804,
2026-09-23,2026-09-23T23:38:25.440000Z,XLF,SPDR/State Street,7,WFC,WELLS FARGO + CO,3.253635,20284284,
2026-09-23,2026-09-23T23:38:25.440000Z,XLF,SPDR/State Street,8,MS,MORGAN STANLEY,3.091921,8006833,
2026-09-23,2026-09-23T23:38:25.440000Z,XLF,SPDR/State Street,9,C,CITIGROUP INC,2.875369,11251984,
2026-09-23,2026-09-23T23:38:25.440000Z,XLF,SPDR/State Street,10,SCHW,SCHWAB (CHARLES) CORP,2.110832,10904088,
2026-09-23,2026-09-23T23:38:25.440000Z,XLF,SPDR/State Street,11,AXP,AMERICAN EXPRESS CO,2.079237,3533113,
2026-09-23,2026-09-23T23:38:25.440000Z,XLF,SPDR/State Street,12,BLK,BLACKROCK INC,1.988079,966186,
2026-09-23,2026-09-23T23:38:25.440000Z,XLF,SPDR/State Street,13,COF,CAPITAL ONE FINANCIAL CORP,1.592164,4115458,
2026-09-23,2026-09-23T23:38:25.440000Z,XLF,SPDR/State Street,14,SPGI,S+P GLOBAL INC,1.572445,2025478,
2026-09-23,2026-09-23T23:38:25.440000Z,XLF,SPDR/State Street,15,PGR,PROGRESSIVE CORP,1.556703,3899550,
2026-09-23,2026-09-23T23:38:25.440000Z,XLF,SPDR/State Street,16,CB,CHUBB LTD,1.525491,2355162,
2026-09-23,2026-09-23T23:38:25.440000Z,XLF,SPDR/State Street,17,BNY,BANK OF NEW YORK MELLON CORP,1.318418,4551168,
2026-09-23,2026-09-23T23:38:25.440000Z,XLF,SPDR/State Street,18,HOOD,ROBINHOOD MARKETS INC A,1.271152,5303396,
2026-09-23,2026-09-23T23:38:25.440000Z,XLF,SPDR/State Street,19,CME,CME GROUP INC,1.243403,2412194,
2026-09-23,2026-09-23T23:38:25.440000Z,XLF,SPDR/State Street,20,BX,BLACKSTONE INC,1.204487,5034989,
2026-09-23,2026-09-23T23:38:25.440000Z,XLF,SPDR/State Street,21,USB,US BANCORP,1.198353,10451033,
2026-09-23,2026-09-23T23:38:25.440000Z,XLF,SPDR/State Street,22,PNC,PNC FINANCIAL SERVICES GROUP,1.17689,2676272,
2026-09-23,2026-09-23T23:38:25.440000Z,XLF,SPDR/State Street,23,ICE,INTERCONTINENTAL EXCHANGE IN,1.110875,3765527,
2026-09-23,2026-09-23T23:38:25.440000Z,XLF,SPDR/State Street,24,MRSH,MARSH + MCLENNAN COS,1.049747,3200834,
2026-09-23,2026-09-23T23:38:25.440000Z,XLF,SPDR/State Street,25,TRV,TRAVELERS COS INC/THE,0.977105,1399181,
2026-09-23,2026-09-23T23:38:25.440000Z,XLF,SPDR/State Street,26,MCO,MOODY S CORP,0.904428,999132,
2026-09-23,2026-09-23T23:38:25.440000Z,XLF,SPDR/State Street,27,KKR,KKR + CO INC,0.880396,4636174,
2026-09-23,2026-09-23T23:38:25.440000Z,XLF,SPDR/State Street,28,AON,AON PLC CLASS A,0.785114,1422551,
2026-09-23,2026-09-23T23:38:25.440000Z,XLF,SPDR/State Street,29,AJG,ARTHUR J GALLAGHER + CO,0.764352,1719371,
2026-09-23,2026-09-23T23:38:25.440000Z,XLF,SPDR/State Street,30,TFC,TRUIST FINANCIAL CORP,0.75989,8194638,
2026-09-23,2026-09-23T23:38:25.440000Z,XLF,SPDR/State Street,31,APO,APOLLO GLOBAL MANAGEMENT INC,0.759019,3169269,
2026-09-23,2026-09-23T23:38:25.440000Z,XLF,SPDR/State Street,32,ALL,ALLSTATE CORP,0.750952,1696221,
2026-09-23,2026-09-23T23:38:25.440000Z,XLF,SPDR/State Street,33,MET,METLIFE INC,0.662521,3580499,
2026-09-23,2026-09-23T23:38:25.440000Z,XLF,SPDR/State Street,34,AFL,AFLAC INC,0.661607,2992736,
2026-09-23,2026-09-23T23:38:25.440000Z,XLF,SPDR/State Street,35,STT,STATE STREET CORP,0.640599,1842316,
2026-09-23,2026-09-23T23:38:25.440000Z,XLF,SPDR/State Street,36,FITB,FIFTH THIRD BANCORP,0.619147,6083339,
2026-09-23,2026-09-23T23:38:25.440000Z,XLF,SPDR/State Street,37,AMP,AMERIPRISE FINANCIAL INC,0.585674,592550,
2026-09-23,2026-09-23T23:38:25.440000Z,XLF,SPDR/State Street,38,PYPL,PAYPAL HOLDINGS INC,0.585465,5738263,
2026-09-23,2026-09-23T23:38:25.440000Z,XLF,SPDR/State Street,39,COIN,COINBASE GLOBAL INC CLASS A,0.579726,1494613,
2026-09-23,2026-09-23T23:38:25.440000Z,XLF,SPDR/State Street,40,XYZ,BLOCK INC,0.542537,3627544,
2026-09-23,2026-09-23T23:38:25.440000Z,XLF,SPDR/State Street,41,NDAQ,NASDAQ INC,0.540024,2962338,
2026-09-23,2026-09-23T23:38:25.440000Z,XLF,SPDR/State Street,42,IBKR,INTERACTIVE BROKERS GRO CL A,0.538721,3039458,
2026-09-23,2026-09-23T23:38:25.440000Z,XLF,SPDR/State Street,43,PRU,PRUDENTIAL FINANCIAL INC,0.525197,2313910,
2026-09-23,2026-09-23T23:38:25.440000Z,XLF,SPDR/State Street,44,MSCI,MSCI INC,0.516392,487703,
2026-09-23,2026-09-23T23:38:25.440000Z,XLF,SPDR/State Street,45,AIG,AMERICAN INTERNATIONAL GROUP,0.508718,3507745,
2026-09-23,2026-09-23T23:38:25.440000Z,XLF,SPDR/State Street,46,HIG,HARTFORD INSURANCE GROUP INC,0.451227,1817057,
2026-09-23,2026-09-23T23:38:25.440000Z,XLF,SPDR/State Street,47,ACGL,ARCH CAPITAL GROUP LTD,0.417552,2279654,
2026-09-23,2026-09-23T23:38:25.440000Z,XLF,SPDR/State Street,48,MTB,M + T BANK CORP,0.417536,968779,
2026-09-23,2026-09-23T23:38:25.440000Z,XLF,SPDR/State Street,49,NTRS,NORTHERN TRUST CORP,0.410535,1227310,
2026-09-23,2026-09-23T23:38:25.440000Z,XLF,SPDR/State Street,50,HBAN,HUNTINGTON BANCSHARES INC,0.410188,13552287,
2026-09-23,2026-09-23T23:38:25.440000Z,XLF,SPDR/State Street,51,WTW,WILLIS TOWERS WATSON PLC,0.362633,623020,
2026-09-23,2026-09-23T23:38:25.440000Z,XLF,SPDR/State Street,52,ARES,ARES MANAGEMENT CORP A,0.361353,1501925,
2026-09-23,2026-09-23T23:38:25.440000Z,XLF,SPDR/State Street,53,CBOE,CBOE GLOBAL MARKETS INC,0.360596,700551,
2026-09-23,2026-09-23T23:38:25.440000Z,XLF,SPDR/State Street,54,RJF,RAYMOND JAMES FINANCIAL INC,0.35695,1160913,
2026-09-23,2026-09-23T23:38:25.440000Z,XLF,SPDR/State Street,55,CFG,CITIZENS FINANCIAL GROUP,0.356889,2824955,
2026-09-23,2026-09-23T23:38:25.440000Z,XLF,SPDR/State Street,56,CPAY,CORPAY INC,0.333893,440477,
2026-09-23,2026-09-23T23:38:25.440000Z,XLF,SPDR/State Street,57,CINF,CINCINNATI FINANCIAL CORP,0.327357,1029153,
2026-09-23,2026-09-23T23:38:25.440000Z,XLF,SPDR/State Street,58,FISV,FISERV INC,0.31724,3567299,
2026-09-23,2026-09-23T23:38:25.440000Z,XLF,SPDR/State Street,59,RF,REGIONS FINANCIAL CORP,0.307675,5714601,
2026-09-23,2026-09-23T23:38:25.440000Z,XLF,SPDR/State Street,60,SYF,SYNCHRONY FINANCIAL,0.305923,2182281,
2026-09-23,2026-09-23T23:38:25.440000Z,XLF,SPDR/State Street,61,TROW,T ROWE PRICE GROUP INC,0.28756,1431000,
2026-09-23,2026-09-23T23:38:25.440000Z,XLF,SPDR/State Street,62,PFG,PRINCIPAL FINANCIAL GROUP,0.286391,1306990,
2026-09-23,2026-09-23T23:38:25.440000Z,XLF,SPDR/State Street,63,GPN,GLOBAL PAYMENTS INC,0.243875,1491171,
2026-09-23,2026-09-23T23:38:25.440000Z,XLF,SPDR/State Street,64,KEY,KEYCORP,0.240378,6084395,
2026-09-23,2026-09-23T23:38:25.440000Z,XLF,SPDR/State Street,65,FIS,FIDELITY NATIONAL INFO SERV,0.233278,3459043,
2026-09-23,2026-09-23T23:38:25.440000Z,XLF,SPDR/State Street,66,BRO,BROWN + BROWN INC,0.232524,1930444,
2026-09-23,2026-09-23T23:38:25.440000Z,XLF,SPDR/State Street,67,L,LOEWS CORP,0.22694,1110780,
2026-09-23,2026-09-23T23:38:25.440000Z,XLF,SPDR/State Street,68,WRB,WR BERKLEY CORP,0.19971,1518654,
2026-09-23,2026-09-23T23:38:25.440000Z,XLF,SPDR/State Street,69,IVZ,INVESCO LTD,0.176257,2961714,
2026-09-23,2026-09-23T23:38:25.440000Z,XLF,SPDR/State Street,70,AIZ,ASSURANT INC,0.173018,330862,
2026-09-23,2026-09-23T23:38:25.440000Z,XLF,SPDR/State Street,71,EG,EVEREST GROUP LTD,0.171194,239230,
2026-09-23,2026-09-23T23:38:25.440000Z,XLF,SPDR/State Street,72,GL,GLOBE LIFE INC,0.168484,515491,
2026-09-23,2026-09-23T23:38:25.440000Z,XLF,SPDR/State Street,73,JKHY,JACK HENRY + ASSOCIATES INC,0.137145,476821,
2026-09-23,2026-09-23T23:38:25.440000Z,XLF,SPDR/State Street,74,FDS,FACTSET RESEARCH SYSTEMS INC,0.127246,238632,
2026-09-23,2026-09-23T23:38:25.440000Z,XLF,SPDR/State Street,75,BEN,FRANKLIN TEMPLETON INC,0.126339,1976836,
2026-09-23,2026-09-23T23:38:25.440000Z,XLF,SPDR/State Street,76,ERIE,ERIE INDEMNITY COMPANY CL A,0.078436,173480,
2026-09-23,2026-09-23T23:38:25.440000Z,XLF,SPDR/State Street,77,IXAZ6,XAF FINANCIAL DEC26,-0.00577,113750,
2026-09-23,2026-09-23T23:38:25.440000Z,XLI,SPDR/State Street,1,CAT,CATERPILLAR INC,6.850701,2577995,
2026-09-23,2026-09-23T23:38:25.440000Z,XLI,SPDR/State Street,2,GE,GENERAL ELECTRIC,6.109027,5818965,
2026-09-23,2026-09-23T23:38:25.440000Z,XLI,SPDR/State Street,3,RTX,RTX CORP,4.747776,7558635,
2026-09-23,2026-09-23T23:38:25.440000Z,XLI,SPDR/State Street,4,GEV,GE VERNOVA INC,4.66819,1493691,
2026-09-23,2026-09-23T23:38:25.440000Z,XLI,SPDR/State Street,5,DE,DEERE + CO,3.255701,1407923,
2026-09-23,2026-09-23T23:38:25.440000Z,XLI,SPDR/State Street,6,ETN,EATON CORP PLC,3.169922,2178256,
2026-09-23,2026-09-23T23:38:25.440000Z,XLI,SPDR/State Street,7,UNP,UNION PACIFIC CORP,3.006857,3331782,
2026-09-23,2026-09-23T23:38:25.440000Z,XLI,SPDR/State Street,8,BA,BOEING CO/THE,2.882385,4432668,
2026-09-23,2026-09-23T23:38:25.440000Z,XLI,SPDR/State Street,9,UBER,UBER TECHNOLOGIES INC,2.63305,11455336,
2026-09-23,2026-09-23T23:38:25.440000Z,XLI,SPDR/State Street,10,PH,PARKER HANNIFIN CORP,2.243848,707127,
2026-09-23,2026-09-23T23:38:25.440000Z,XLI,SPDR/State Street,11,ADP,AUTOMATIC DATA PROCESSING,1.975722,2227949,
2026-09-23,2026-09-23T23:38:25.440000Z,XLI,SPDR/State Street,12,LMT,LOCKHEED MARTIN CORP,1.956714,1139037,
2026-09-23,2026-09-23T23:38:25.440000Z,XLI,SPDR/State Street,13,VRT,VERTIV HOLDINGS CO A,1.799803,2159133,
2026-09-23,2026-09-23T23:38:25.440000Z,XLI,SPDR/State Street,14,PWR,QUANTA SERVICES INC,1.782036,843178,
2026-09-23,2026-09-23T23:38:25.440000Z,XLI,SPDR/State Street,15,TT,TRANE TECHNOLOGIES PLC,1.776744,1233937,
2026-09-23,2026-09-23T23:38:25.440000Z,XLI,SPDR/State Street,16,HWM,HOWMET AEROSPACE INC,1.657677,2236593,
2026-09-23,2026-09-23T23:38:25.440000Z,XLI,SPDR/State Street,17,JCI,JOHNSON CONTROLS INTERNATION,1.636117,3397179,
2026-09-23,2026-09-23T23:38:25.440000Z,XLI,SPDR/State Street,18,MMM,3M CO,1.610432,2892340,
2026-09-23,2026-09-23T23:38:25.440000Z,XLI,SPDR/State Street,19,GD,GENERAL DYNAMICS CORP,1.608381,1424181,
2026-09-23,2026-09-23T23:38:25.440000Z,XLI,SPDR/State Street,20,CSX,CSX CORP,1.591895,10389278,
2026-09-23,2026-09-23T23:38:25.440000Z,XLI,SPDR/State Street,21,EMR,EMERSON ELECTRIC CO,1.586351,3128288,
2026-09-23,2026-09-23T23:38:25.440000Z,XLI,SPDR/State Street,22,BE,BLOOM ENERGY CORP A,1.502192,1651760,
2026-09-23,2026-09-23T23:38:25.440000Z,XLI,SPDR/State Street,23,WM,WASTE MANAGEMENT INC,1.423944,2084789,
2026-09-23,2026-09-23T23:38:25.440000Z,XLI,SPDR/State Street,24,CMI,CUMMINS INC,1.335904,772051,
2026-09-23,2026-09-23T23:38:25.440000Z,XLI,SPDR/State Street,25,UPS,UNITED PARCEL SERVICE CL B,1.325049,4202550,
2026-09-23,2026-09-23T23:38:25.440000Z,XLI,SPDR/State Street,26,NSC,NORFOLK SOUTHERN CORP,1.300843,1259676,
2026-09-23,2026-09-23T23:38:25.440000Z,XLI,SPDR/State Street,27,ITW,ILLINOIS TOOL WORKS,1.292913,1453497,
2026-09-23,2026-09-23T23:38:25.440000Z,XLI,SPDR/State Street,28,CTAS,CINTAS CORP,1.261924,1930103,
2026-09-23,2026-09-23T23:38:25.440000Z,XLI,SPDR/State Street,29,NOC,NORTHROP GRUMMAN CORP,1.255835,748937,
2026-09-23,2026-09-23T23:38:25.440000Z,XLI,SPDR/State Street,30,HON,HONEYWELL INTERNATIONAL INC,1.238435,1777496,
2026-09-23,2026-09-23T23:38:25.440000Z,XLI,SPDR/State Street,31,FDX,FEDEX CORP,1.200978,1233943,
2026-09-23,2026-09-23T23:38:25.440000Z,XLI,SPDR/State Street,32,URI,UNITED RENTALS INC,1.197508,349093,
2026-09-23,2026-09-23T23:38:25.440000Z,XLI,SPDR/State Street,33,TDG,TRANSDIGM GROUP INC,1.134202,310017,
2026-09-23,2026-09-23T23:38:25.440000Z,XLI,SPDR/State Street,34,PCAR,PACCAR INC,1.105799,2951998,
2026-09-23,2026-09-23T23:38:25.440000Z,XLI,SPDR/State Street,35,FAST,FASTENAL CO,1.059956,6435577,
2026-09-23,2026-09-23T23:38:25.440000Z,XLI,SPDR/State Street,36,FIX,COMFORT SYSTEMS USA INC,1.05325,197064,
2026-09-23,2026-09-23T23:38:25.440000Z,XLI,SPDR/State Street,37,AME,AMETEK INC,1.037711,1285725,
2026-09-23,2026-09-23T23:38:25.440000Z,XLI,SPDR/State Street,38,GWW,WW GRAINGER INC,1.013968,243028,
2026-09-23,2026-09-23T23:38:25.440000Z,XLI,SPDR/State Street,39,HONA,HONEYWELL AEROSPACE INC,0.978176,1777596,
2026-09-23,2026-09-23T23:38:25.440000Z,XLI,SPDR/State Street,40,DAL,DELTA AIR LINES INC,0.921303,3338111,
2026-09-23,2026-09-23T23:38:25.440000Z,XLI,SPDR/State Street,41,WAB,WABTEC CORP,0.902585,947302,
2026-09-23,2026-09-23T23:38:25.440000Z,XLI,SPDR/State Street,42,ROK,ROCKWELL AUTOMATION INC,0.87501,622810,
2026-09-23,2026-09-23T23:38:25.440000Z,XLI,SPDR/State Street,43,CARR,CARRIER GLOBAL CORP,0.840193,4623087,
2026-09-23,2026-09-23T23:38:25.440000Z,XLI,SPDR/State Street,44,LHX,L3HARRIS TECHNOLOGIES INC,0.823933,1044344,
2026-09-23,2026-09-23T23:38:25.440000Z,XLI,SPDR/State Street,45,FERG,FERGUSON ENTERPRISES INC,0.789135,1084898,
2026-09-23,2026-09-23T23:38:25.440000Z,XLI,SPDR/State Street,46,RSG,REPUBLIC SERVICES INC,0.77308,1099051,
2026-09-23,2026-09-23T23:38:25.440000Z,XLI,SPDR/State Street,47,UAL,UNITED AIRLINES HOLDINGS INC,0.689752,1820399,
2026-09-23,2026-09-23T23:38:25.440000Z,XLI,SPDR/State Street,48,AXON,AXON ENTERPRISE INC,0.688213,455587,
2026-09-23,2026-09-23T23:38:25.440000Z,XLI,SPDR/State Street,49,PAYX,PAYCHEX INC,0.676248,1795355,
2026-09-23,2026-09-23T23:38:25.440000Z,XLI,SPDR/State Street,50,EME,EMCOR GROUP INC,0.615424,247360,
2026-09-23,2026-09-23T23:38:25.440000Z,XLI,SPDR/State Street,51,ODFL,OLD DOMINION FREIGHT LINE,0.610347,1046665,
2026-09-23,2026-09-23T23:38:25.440000Z,XLI,SPDR/State Street,52,OTIS,OTIS WORLDWIDE CORP,0.477997,2134858,
2026-09-23,2026-09-23T23:38:25.440000Z,XLI,SPDR/State Street,53,IR,INGERSOLL RAND INC,0.470371,1936663,
2026-09-23,2026-09-23T23:38:25.440000Z,XLI,SPDR/State Street,54,XYL,XYLEM INC,0.464469,1309484,
2026-09-23,2026-09-23T23:38:25.440000Z,XLI,SPDR/State Street,55,DOV,DOVER CORP,0.463374,755307,
2026-09-23,2026-09-23T23:38:25.440000Z,XLI,SPDR/State Street,56,EXPD,EXPEDITORS INTL WASH INC,0.449602,729067,
2026-09-23,2026-09-23T23:38:25.440000Z,XLI,SPDR/State Street,57,CPRT,COPART INC,0.447456,4724953,
2026-09-23,2026-09-23T23:38:25.440000Z,XLI,SPDR/State Street,58,HUBB,HUBBELL INC,0.447114,296299,
2026-09-23,2026-09-23T23:38:25.440000Z,XLI,SPDR/State Street,59,VLTO,VERALTO CORP,0.430724,1367235,
2026-09-23,2026-09-23T23:38:25.440000Z,XLI,SPDR/State Street,60,VRSK,VERISK ANALYTICS INC,0.412789,729987,
2026-09-23,2026-09-23T23:38:25.440000Z,XLI,SPDR/State Street,61,LUV,SOUTHWEST AIRLINES CO,0.379693,2743601,
2026-09-23,2026-09-23T23:38:25.440000Z,XLI,SPDR/State Street,62,SNA,SNAP ON INC,0.354723,290097,
2026-09-23,2026-09-23T23:38:25.440000Z,XLI,SPDR/State Street,63,EFX,EQUIFAX INC,0.34622,658860,
2026-09-23,2026-09-23T23:38:25.440000Z,XLI,SPDR/State Street,64,BR,BROADRIDGE FINANCIAL SOLUTIO,0.342865,639509,
2026-09-23,2026-09-23T23:38:25.440000Z,XLI,SPDR/State Street,65,DD,DUPONT DE NEMOURS INC,0.328305,757400,
2026-09-23,2026-09-23T23:38:25.440000Z,XLI,SPDR/State Street,66,JBHT,HUNT (JB) TRANSPRT SVCS INC,0.324898,416113,
2026-09-23,2026-09-23T23:38:25.440000Z,XLI,SPDR/State Street,67,CHRW,C.H. ROBINSON WORLDWIDE INC,0.322336,655325,
2026-09-23,2026-09-23T23:38:25.440000Z,XLI,SPDR/State Street,68,NDSN,NORDSON CORP,0.312109,296871,
2026-09-23,2026-09-23T23:38:25.440000Z,XLI,SPDR/State Street,69,FTV,FORTIVE CORP,0.311674,1693809,
2026-09-23,2026-09-23T23:38:25.440000Z,XLI,SPDR/State Street,70,J,JACOBS SOLUTIONS INC,0.308985,656449,
2026-09-23,2026-09-23T23:38:25.440000Z,XLI,SPDR/State Street,71,IEX,IDEX CORP,0.306916,413496,
2026-09-23,2026-09-23T23:38:25.440000Z,XLI,SPDR/State Street,72,LDOS,LEIDOS HOLDINGS INC,0.285407,703770,
2026-09-23,2026-09-23T23:38:25.440000Z,XLI,SPDR/State Street,73,FDXF,FEDEX FREIGHT HOLDING CO,0.262565,670894,
2026-09-23,2026-09-23T23:38:25.440000Z,XLI,SPDR/State Street,74,SWK,STANLEY BLACK + DECKER INC,0.256619,846937,
2026-09-23,2026-09-23T23:38:25.440000Z,XLI,SPDR/State Street,75,MAS,MASCO CORP,0.254442,1105868,
2026-09-23,2026-09-23T23:38:25.440000Z,XLI,SPDR/State Street,76,TXT,TEXTRON INC,0.247061,964590,
2026-09-23,2026-09-23T23:38:25.440000Z,XLI,SPDR/State Street,77,ALLE,ALLEGION PLC,0.241487,476955,
2026-09-23,2026-09-23T23:38:25.440000Z,XLI,SPDR/State Street,78,GNRC,GENERAC HOLDINGS INC,0.224385,330927,
2026-09-23,2026-09-23T23:38:25.440000Z,XLI,SPDR/State Street,79,LII,LENNOX INTERNATIONAL INC,0.21558,176361,
2026-09-23,2026-09-23T23:38:25.440000Z,XLI,SPDR/State Street,80,HII,HUNTINGTON INGALLS INDUSTRIE,0.196933,221000,
2026-09-23,2026-09-23T23:38:25.440000Z,XLI,SPDR/State Street,81,ROL,ROLLINS INC,0.180289,1668271,
2026-09-23,2026-09-23T23:38:25.440000Z,XLI,SPDR/State Street,82,PNR,PENTAIR PLC,0.163388,895299,
2026-09-23,2026-09-23T23:38:25.440000Z,XLI,SPDR/State Street,83,AOS,SMITH (A.O.) CORP,0.118046,617151,
2026-09-23,2026-09-23T23:38:25.440000Z,XLI,SPDR/State Street,84,IXIZ6,XAI EMINI INDUSTR DEC26,0.000447,24500,
2026-09-23,2026-09-23T23:38:25.440000Z,XLC,SPDR/State Street,1,META,META PLATFORMS INC CLASS A,22.027375,6945570,
2026-09-23,2026-09-23T23:38:25.440000Z,XLC,SPDR/State Street,2,GOOGL,ALPHABET INC CL A,11.620338,7685774,
2026-09-23,2026-09-23T23:38:25.440000Z,XLC,SPDR/State Street,3,GOOG,ALPHABET INC CL C,9.312222,6225653,
2026-09-23,2026-09-23T23:38:25.440000Z,XLC,SPDR/State Street,4,WBD,WARNER BROS DISCOVERY INC,4.814504,36270362,
2026-09-23,2026-09-23T23:38:25.440000Z,XLC,SPDR/State Street,5,APP,APPLOVIN CORP CLASS A,4.696713,3318399,
2026-09-23,2026-09-23T23:38:25.440000Z,XLC,SPDR/State Street,6,T,AT+T INC,4.349848,40250774,
2026-09-23,2026-09-23T23:38:25.440000Z,XLC,SPDR/State Street,7,DIS,WALT DISNEY CO/THE,4.343464,9716930,
2026-09-23,2026-09-23T23:38:25.440000Z,XLC,SPDR/State Street,8,TTWO,TAKE TWO INTERACTIVE SOFTWRE,4.24269,4794463,
2026-09-23,2026-09-23T23:38:25.440000Z,XLC,SPDR/State Street,9,NFLX,NETFLIX INC,4.136644,13314522,
2026-09-23,2026-09-23T23:38:25.440000Z,XLC,SPDR/State Street,10,VZ,VERIZON COMMUNICATIONS INC,4.070217,20351937,
2026-09-23,2026-09-23T23:38:25.440000Z,XLC,SPDR/State Street,11,TMUS,T MOBILE US INC,3.991545,5708239,
2026-09-23,2026-09-23T23:38:25.440000Z,XLC,SPDR/State Street,12,CMCSA,COMCAST CORP CLASS A,3.973889,41167458,
2026-09-23,2026-09-23T23:38:25.440000Z,XLC,SPDR/State Street,13,LYV,LIVE NATION ENTERTAINMENT IN,3.300844,4513972,
2026-09-23,2026-09-23T23:38:25.440000Z,XLC,SPDR/State Street,14,RDDT,REDDIT INC CL A,2.790307,4163139,
2026-09-23,2026-09-23T23:38:25.440000Z,XLC,SPDR/State Street,15,OMC,OMNICOM GROUP,2.535813,7817456,
2026-09-23,2026-09-23T23:38:25.440000Z,XLC,SPDR/State Street,16,ECHO,ECHOSTAR CORP A,1.621498,3945200,
2026-09-23,2026-09-23T23:38:25.440000Z,XLC,SPDR/State Street,17,CHTR,CHARTER COMMUNICATIONS INC A,1.60831,3185618,
2026-09-23,2026-09-23T23:38:25.440000Z,XLC,SPDR/State Street,18,FOXA,FOX CORP CLASS A,1.571786,5681908,
2026-09-23,2026-09-23T23:38:25.440000Z,XLC,SPDR/State Street,19,TKO,TKO GROUP HOLDINGS INC,1.389132,1708262,
2026-09-23,2026-09-23T23:38:25.440000Z,XLC,SPDR/State Street,20,NWSA,NEWS CORP CLASS A,1.293692,10272568,
2026-09-23,2026-09-23T23:38:25.440000Z,XLC,SPDR/State Street,21,FOX,FOX CORP CLASS B,0.944804,3828331,
2026-09-23,2026-09-23T23:38:25.440000Z,XLC,SPDR/State Street,22,PSKY,PARAMOUNT SKYDANCE CL B,0.676266,15536047,
2026-09-23,2026-09-23T23:38:25.440000Z,XLC,SPDR/State Street,23,NWS,NEWS CORP CLASS B,0.473383,3395545,
2026-09-23,2026-09-23T23:38:25.440000Z,XLC,SPDR/State Street,24,XASZ6,S+P EMINI COM SER DEC26,-0.002134,64250,
2026-09-22,2026-09-23T23:38:25.440000Z,PPH,VanEck,1,LLY,Eli Lilly & Co,20.4679725157232,177760,208004086.4
2026-09-22,2026-09-23T23:38:25.440000Z,PPH,VanEck,2,MRK,Merck & Co Inc,13.5294416408931,911085,137491837.35
2026-09-22,2026-09-23T23:38:25.440000Z,PPH,VanEck,3,NVO,Novo Nordisk A/S,5.69263563511568,1468298,57850941.2
2026-09-22,2026-09-23T23:38:25.440000Z,PPH,VanEck,4,PFE,Pfizer Inc,4.94269497465398,1798415,50229730.95
2026-09-22,2026-09-23T23:38:25.440000Z,PPH,VanEck,5,BMY,Bristol-Myers Squibb Co,4.75128312214632,775655,48284523.75
2026-09-22,2026-09-23T23:38:25.440000Z,PPH,VanEck,6,TEVA,Teva Pharmaceutical Industries Ltd,4.63918585332631,1192949,47145344.48
2026-09-22,2026-09-23T23:38:25.440000Z,PPH,VanEck,7,GSK,Gsk Plc,4.61469144588496,924614,46896422.08
2026-09-22,2026-09-23T23:38:25.440000Z,PPH,VanEck,8,MCK,Mckesson Corp,4.42237826553774,50427,44942055.21
2026-09-22,2026-09-23T23:38:25.440000Z,PPH,VanEck,9,COR,Cencora Inc,4.30286049185902,139069,43727465.67
2026-09-22,2026-09-23T23:38:25.440000Z,PPH,VanEck,10,HLN,Haleon Plc,3.71011424865559,4076079,37703730.75
2026-09-22,2026-09-23T23:38:25.440000Z,PPH,VanEck,11,AZN,Astrazeneca Plc,3.64971128083213,220288,37089890.56
2026-09-22,2026-09-23T23:38:25.440000Z,PPH,VanEck,12,ABBV,Abbvie Inc,3.59582002034866,137786,36542225.06
2026-09-22,2026-09-23T23:38:25.440000Z,PPH,VanEck,13,NVS,Novartis Ag,3.49597323498068,251469,35527540.32
2026-09-22,2026-09-23T23:38:25.440000Z,PPH,VanEck,14,JNJ,Johnson & Johnson,3.428813039502,129444,34845030.36
2026-09-22,2026-09-23T23:38:25.440000Z,PPH,VanEck,15,SNY,Sanofi Sa/France,3.374946947242,806813,34297620.63
2026-09-22,2026-09-23T23:38:25.440000Z,PPH,VanEck,16,TAK,Takeda Pharmaceutical Co Ltd,2.7627729393455,1481607,28076452.65
2026-09-22,2026-09-23T23:38:25.440000Z,PPH,VanEck,17,ZTS,Zoetis Inc,2.52211995699694,351782,25630836.52
2026-09-22,2026-09-23T23:38:25.440000Z,PPH,VanEck,18,VTRS,Viatris Inc,1.42285869872194,841658,14459684.44
2026-09-22,2026-09-23T23:38:25.440000Z,PPH,VanEck,19,JAZZ,Jazz Pharmaceuticals Plc,1.34133212467536,56662,13631177.34
2026-09-22,2026-09-23T23:38:25.440000Z,PPH,VanEck,20,AXSM,Axsome Therapeutics Inc,0.789663191210166,39512,8024887.2
2026-09-22,2026-09-23T23:38:25.440000Z,PPH,VanEck,21,CORT,Corcept Therapeutics Inc,0.767751800994315,66399,7802214.5
2026-09-22,2026-09-23T23:38:25.440000Z,PPH,VanEck,22,DFTX,Definium Therapeutics Inc,0.505546469959559,127420,5137574.4
2026-09-22,2026-09-23T23:38:25.440000Z,PPH,VanEck,23,ELAN,Elanco Animal Health Inc,0.498071837233281,220742,5061614.06
2026-09-22,2026-09-23T23:38:25.440000Z,PPH,VanEck,24,OGN,Organon & Co,0.282310586084531,209413,2868958.1
2026-09-22,2026-09-23T23:38:25.440000Z,PPH,VanEck,25,PRGO,Perrigo Co Plc,0.101075534308955,71780,1027171.8
2026-09-22,2026-09-23T23:38:25.440000Z,MLPX,Global X,1,WMB,WILLIAMS COS INC,9.03177714597958,4487651,318533467.98
2026-09-22,2026-09-23T23:38:25.440000Z,MLPX,Global X,2,TRP,TC ENERGY CORP,8.93209708742949,5269621,315017943.38
2026-09-22,2026-09-23T23:38:25.440000Z,MLPX,Global X,3,ENB,ENBRIDGE INC,8.88308211915425,6540486,313289279.4
2026-09-22,2026-09-23T23:38:25.440000Z,MLPX,Global X,4,TRGP,TARGA RESOURCES CORP,7.86691673019065,983346,277451073.9
2026-09-22,2026-09-23T23:38:25.440000Z,MLPX,Global X,5,KMI,KINDER MORGAN INC,7.06658926536958,7970101,249225058.27
2026-09-22,2026-09-23T23:38:25.440000Z,MLPX,Global X,6,OKE,FALCON TOPCO INC,6.33526517663335,2480105,223432659.45
2026-09-22,2026-09-23T23:38:25.440000Z,MLPX,Global X,7,MPLX,MPLX LP,4.69753580940518,2800424,165673083.84
2026-09-22,2026-09-23T23:38:25.440000Z,MLPX,Global X,8,EPD,ENTERPRISE PRODUCTS PARTNERS,4.65352719514455,4317837,164120984.37
2026-09-22,2026-09-23T23:38:25.440000Z,MLPX,Global X,9,LNG,CHENIERE ENERGY INC,4.65164752934042,601021,164054692.16
2026-09-22,2026-09-23T23:38:25.440000Z,MLPX,Global X,10,ET,ENERGY TRANSFER LP,4.48852329815851,7759883,158301613.2
2026-09-22,2026-09-23T23:38:25.440000Z,MLPX,Global X,11,PBA,PEMBINA PIPELINE CORP,4.4102392025067,3387210,155540683.2
2026-09-22,2026-09-23T23:38:25.440000Z,MLPX,Global X,12,DTM,DT MIDSTREAM INC,3.85591111498854,1088273,135990594.08
2026-09-22,2026-09-23T23:38:25.440000Z,MLPX,Global X,13,PAA,PLAINS ALL AMER PIPELINE LP,3.83577669981109,5510407,135280491.85
2026-09-22,2026-09-23T23:38:25.440000Z,MLPX,Global X,14,WES,WESTERN MIDSTREAM PARTNERS L,3.57148172657138,2734679,125959314.74
2026-09-22,2026-09-23T23:38:25.440000Z,MLPX,Global X,15,SOBO,SOUTH BOW CORP,2.19071598320365,2233016,77262353.6
2026-09-22,2026-09-23T23:38:25.440000Z,MLPX,Global X,16,AM,ANTERO MIDSTREAM CORP,2.1145365009368,3531044,74575649.28
2026-09-22,2026-09-23T23:38:25.440000Z,MLPX,Global X,17,VG,VENTURE GLOBAL INC-CL A,2.04635792442559,5590327,72171121.57
2026-09-22,2026-09-23T23:38:25.440000Z,MLPX,Global X,18,KGS,KODIAK GAS SERVICES INC,1.66967084340862,1076725,58886090.25
2026-09-22,2026-09-23T23:38:25.440000Z,MLPX,Global X,19,PAGP,PLAINS GP HOLDINGS LP,1.5768633111739,2069704,55612946.48
2026-09-22,2026-09-23T23:38:25.440000Z,MLPX,Global X,20,AROC,ARCHROCK INC,1.57635454295166,1828783,55595003.2
2026-09-22,2026-09-23T23:38:25.440000Z,MLPX,Global X,21,HESM,HESS MIDSTREAM LP - CLASS A,1.52115138807557,1369622,53648093.74
2026-09-22,2026-09-23T23:38:25.440000Z,MLPX,Global X,22,KNTK,KINETIK HOLDINGS INC,1.01059518944942,680316,35641755.24
2026-09-22,2026-09-23T23:38:25.440000Z,MLPX,Global X,23,CQP,CHENIERE ENERGY PARTNERS LP,0.895770180528299,478161,31592097.27
2026-09-22,2026-09-23T23:38:25.440000Z,MLPX,Global X,24,USAC,USA COMPRESSION PARTNERS LP,0.743335317908969,1026067,26216011.85
2026-09-22,2026-09-23T23:38:25.440000Z,MLPX,Global X,25,NGL,NGL ENERGY PARTNERS LP,0.636100510824289,1389105,22434045.75
2026-09-22,2026-09-23T23:38:25.440000Z,MLPX,Global X,26,GEL,GENESIS ENERGY L.P.,0.538437987776842,1297109,18989675.76
2026-09-22,2026-09-23T23:38:25.440000Z,MLPX,Global X,27,DKL,DELEK LOGISTICS PARTNERS LP,0.36310210796769,236446,12805915.36
2026-09-22,2026-09-23T23:38:25.440000Z,MLPX,Global X,28,EE,EXCELERATE ENERGY INC-A,0.333817027356675,341645,11773086.7
2026-09-22,2026-09-23T23:38:25.440000Z,MLPX,Global X,29,NEXT,NEXTDECADE CORP,0.270807231322695,1410761,9550851.97
2026-09-23,2026-09-23T23:38:25.440000Z,GRID,First Trust,1,ETN,Eaton Corporation Plc,8.60935304028517,2360606,1044544548.94
2026-09-23,2026-09-23T23:38:25.440000Z,GRID,First Trust,2,PWR,"Quanta Services, Inc.",8.27696778543732,1562668,1004217336.84
2026-09-23,2026-09-23T23:38:25.440000Z,GRID,First Trust,3,ABBN.SW,ABB Ltd,8.09971188768401,9702354,982711460.51
2026-09-23,2026-09-23T23:38:25.440000Z,GRID,First Trust,4,JCI,Johnson Controls International Plc,8.02195349001718,6646253,973277289.32
2026-09-23,2026-09-23T23:38:25.440000Z,GRID,First Trust,5,SU.FP,Schneider Electric SE,7.71724986460666,2772236,936308598.47
2026-09-23,2026-09-23T23:38:25.440000Z,GRID,First Trust,6,PRY.IM,Prysmian SpA,4.1451240231279,3397259,502914293.65
2026-09-23,2026-09-23T23:38:25.440000Z,GRID,First Trust,7,NG-.LN,National Grid Plc,3.78361788471302,29902556,459053940.32
2026-09-23,2026-09-23T23:38:25.440000Z,GRID,First Trust,8,EOAN.GY,E.ON SE,3.78195431552366,22941036,458852104.93
2026-09-23,2026-09-23T23:38:25.440000Z,GRID,First Trust,9,NVT,nVent Electric plc,2.90838480684018,2169473,352864783.45
2026-09-23,2026-09-23T23:38:25.440000Z,GRID,First Trust,10,HUBB,Hubbell Incorporated,2.44260879594393,645890,296353708.7
2026-09-23,2026-09-23T23:38:25.440000Z,GRID,First Trust,11,NVDA,NVIDIA Corporation,2.02643429357408,1074237,245860622.19
2026-09-23,2026-09-23T23:38:25.440000Z,GRID,First Trust,12,TSLA,"Tesla, Inc.",2.01297748606954,644571,244227951.9
2026-09-23,2026-09-23T23:38:25.440000Z,GRID,First Trust,13,TRN.IM,TERNA - Rete Elettrica Nazionale SpA,1.82184348061649,20723888,221038290.31
2026-09-23,2026-09-23T23:38:25.440000Z,GRID,First Trust,14,CSCO,Cisco Systems Inc,1.75566356906171,2001211,213008898.84
2026-09-23,2026-09-23T23:38:25.440000Z,GRID,First Trust,15,H.CT,Hydro One Limited,1.41691606571339,4684633,171909776.01
2026-09-23,2026-09-23T23:38:25.440000Z,GRID,First Trust,16,267260.KS,"HD Hyundai Electric Co., Ltd.",1.31130262033551,302639,159096043.3
2026-09-23,2026-09-23T23:38:25.440000Z,GRID,First Trust,17,ORCL,Oracle Corporation,1.22626090928002,997173,148778211.6
2026-09-23,2026-09-23T23:38:25.440000Z,GRID,First Trust,18,010120.KS,"LS Electric Co., Ltd.",1.19380972883788,927939,144841016.38
2026-09-23,2026-09-23T23:38:25.440000Z,GRID,First Trust,19,BEAN.SE,Belimo Holding AG,1.1431999533612,135877,138700698.42
2026-09-23,2026-09-23T23:38:25.440000Z,GRID,First Trust,20,EQTL3.BZ,Equatorial Energia SA,1.08460529998174,16564669,131591601.43
2026-09-23,2026-09-23T23:38:25.440000Z,GRID,First Trust,21,SAP.GY,SAP SE,1.07314916474376,623757,130201666.14
2026-09-23,2026-09-23T23:38:25.440000Z,GRID,First Trust,22,SIE.GY,Siemens AG,1.03774029348332,401574,125905624
2026-09-23,2026-09-23T23:38:25.440000Z,GRID,First Trust,23,TXN,Texas Instruments Incorporated,1.03728044003228,463689,125849831.49
2026-09-23,2026-09-23T23:38:25.440000Z,GRID,First Trust,24,GEV,GE Vernova Inc.,0.998976270558597,127544,121202512.32
2026-09-23,2026-09-23T23:38:25.440000Z,GRID,First Trust,25,SPIE.FP,SPIE S.A.,0.970632148792365,2294946,117763613.05
2026-09-23,2026-09-23T23:38:25.440000Z,GRID,First Trust,26,IBM,International Business Machines Corporation,0.912264116724696,478356,110682011.28
2026-09-23,2026-09-23T23:38:25.440000Z,GRID,First Trust,27,NKT.DC,NKT A/S,0.902813172049046,751690,109535359.18
2026-09-23,2026-09-23T23:38:25.440000Z,GRID,First Trust,28,RED.SM,Red Electrica Corporacion S.A.,0.857908950477614,5977253,104087277.35
2026-09-23,2026-09-23T23:38:25.440000Z,GRID,First Trust,29,ELI.BB,Elia Group SA/NV,0.839633001984341,739014,101869916.5
2026-09-23,2026-09-23T23:38:25.440000Z,GRID,First Trust,30,FPS,"Forgent Power Solutions, Inc. (Class A)",0.799112713799835,2516971,96953722.92
2026-09-23,2026-09-23T23:38:25.440000Z,GRID,First Trust,31,ADI,Analog Devices Inc,0.782614405495471,243236,94952037.32
2026-09-23,2026-09-23T23:38:25.440000Z,GRID,First Trust,32,1519.TT,"Fortune Electric Co., Ltd.",0.77779727403937,4196707,94367590.57
2026-09-23,2026-09-23T23:38:25.440000Z,GRID,First Trust,33,NEX.FP,Nexans S.A.,0.77656443239987,573476,94218013.94
2026-09-23,2026-09-23T23:38:25.440000Z,GRID,First Trust,34,6501.JP,"Hitachi, Ltd.",0.756905315197407,2616920,91832837.77
2026-09-23,2026-09-23T23:38:25.440000Z,GRID,First Trust,35,CPLE3.BZ,Companhia Paranaense de Energia-Copel,0.7328567997771,28113206,88915110.32
2026-09-23,2026-09-23T23:38:25.440000Z,GRID,First Trust,36,IBE.SM,Iberdrola S.A.,0.643882915844481,3349697,78120200.99
2026-09-23,2026-09-23T23:38:25.440000Z,GRID,First Trust,37,ENGI11.BZ,Energisa SA (Units),0.482607616932958,5634655,58553198.27
2026-09-23,2026-09-23T23:38:25.440000Z,GRID,First Trust,38,MYRG,MYR Group Inc.,0.442535060796855,185751,53691326.55
2026-09-23,2026-09-23T23:38:25.440000Z,GRID,First Trust,39,ENPH,Enphase Energy Inc,0.44174625177329,1557107,53595622.94
2026-09-23,2026-09-23T23:38:25.440000Z,GRID,First Trust,40,IFX.GY,Infineon Technologies AG,0.397609930063446,700738,48240707.88
2026-09-23,2026-09-23T23:38:25.440000Z,GRID,First Trust,41,ITRI,Itron Inc,0.382011800233801,496606,46348237.98
2026-09-23,2026-09-23T23:38:25.440000Z,GRID,First Trust,42,EMR,Emerson Electric Co.,0.380379087726792,299307,46150146.33
2026-09-23,2026-09-23T23:38:25.440000Z,GRID,First Trust,43,ENEL.IM,Enel SpA,0.375168575070196,4458088,45517971.93
2026-09-23,2026-09-23T23:38:25.440000Z,GRID,First Trust,44,6656.HK,"Sigenergy Technology Co., Ltd. (Class H)",0.364757486480088,1033100,44254828.72
2026-09-23,2026-09-23T23:38:25.440000Z,GRID,First Trust,45,6508.JP,Meidensha Corporation,0.356880662847719,623599,43299159.56
2026-09-23,2026-09-23T23:38:25.440000Z,GRID,First Trust,46,TAEE11.BZ,Transmissora Alianca de Energia Electrica S.A. (Unit),0.341995450596229,5074190,41493185.61
2026-09-23,2026-09-23T23:38:25.440000Z,GRID,First Trust,47,6503.JP,Mitsubishi Electric Corporation,0.327255243338547,1219300,39704804.64
2026-09-23,2026-09-23T23:38:25.440000Z,GRID,First Trust,48,6752.JP,Panasonic Holdings Corporation,0.317882280909114,1416170,38567613.87
2026-09-23,2026-09-23T23:38:25.440000Z,GRID,First Trust,49,001440.KS,"Taihan Cable & Solution Co., Ltd.",0.304472592869211,1587747,36940660.43
2026-09-23,2026-09-23T23:38:25.440000Z,GRID,First Trust,50,HON,Honeywell International Inc.,0.296952487531826,170065,36028270.73
2026-09-23,2026-09-23T23:38:25.440000Z,GRID,First Trust,51,6409.TT,Voltronic Power Technology Corp.,0.273428119397628,1182912,33174136.35
2026-09-23,2026-09-23T23:38:25.440000Z,GRID,First Trust,52,5803.JP,Fujikura Ltd.,0.265560112619593,1024200,32219536.91
2026-09-23,2026-09-23T23:38:25.440000Z,GRID,First Trust,53,062040.KS,"Sanil Electric Co., Ltd.",0.26390029693158,212132,32018156.92
2026-09-23,2026-09-23T23:38:25.440000Z,GRID,First Trust,54,ALUP11.BZ,Alupar Investimento S.A (Unit),0.255402101426555,4855137,30987098.75
2026-09-23,2026-09-23T23:38:25.440000Z,GRID,First Trust,55,SJ.CT,Stella-Jones Inc.,0.247290898092367,602803,30002993.07
2026-09-23,2026-09-23T23:38:25.440000Z,GRID,First Trust,56,1503.TT,Shihlin Electric & Engineering Corporation,0.243965880186396,4757569,29599579.56
2026-09-23,2026-09-23T23:38:25.440000Z,GRID,First Trust,57,SEDG,SolarEdge Technologies Inc,0.239847938417127,806540,29099963.2
2026-09-23,2026-09-23T23:38:25.440000Z,GRID,First Trust,58,NXPI,NXP Semiconductors N.V.,0.239305429800261,122213,29034142.41
2026-09-23,2026-09-23T23:38:25.440000Z,GRID,First Trust,59,6622.JP,Daihen Corporation,0.22964225800421,344800,27861741.49
2026-09-23,2026-09-23T23:38:25.440000Z,GRID,First Trust,60,ISAE4.BZ,Isa Energia Brasil SA (Preference),0.218306879185212,4933006,26486457.18
2026-09-23,2026-09-23T23:38:25.440000Z,GRID,First Trust,61,ASTOR.TI,Astor Enerji A.S.,0.21800464691034,4997909,26449788.33
2026-09-23,2026-09-23T23:38:25.440000Z,GRID,First Trust,62,HPS-A.CT,Hammond Power Solutions Inc.,0.216791027500184,134428,26302543.87
2026-09-23,2026-09-23T23:38:25.440000Z,GRID,First Trust,63,ENGI.FP,Engie S.A.,0.214191748008741,953708,25987181.82
2026-09-23,2026-09-23T23:38:25.440000Z,GRID,First Trust,64,CENER.GA,Cenergy Holdings SA,0.204571890414907,938477,24820036.07
2026-09-23,2026-09-23T23:38:25.440000Z,GRID,First Trust,65,LR.FP,Legrand S.A.,0.202165619935624,152537,24528091.17
2026-09-23,2026-09-23T23:38:25.440000Z,GRID,First Trust,66,5802.JP,"Sumitomo Electric Industries, Ltd.",0.187628665188152,1722400,22764370.16
2026-09-23,2026-09-23T23:38:25.440000Z,GRID,First Trust,67,485A.JP,"PowerX, Inc.",0.186392445150171,1480800,22614383.64
2026-09-23,2026-09-23T23:38:25.440000Z,GRID,First Trust,68,1211.HK,BYD Company Limited (Class H),0.181668460201133,2125198,22041238.05
2026-09-23,2026-09-23T23:38:25.440000Z,GRID,First Trust,69,SSE.LN,SSE Plc,0.177651896349254,654239,21553921.54
2026-09-23,2026-09-23T23:38:25.440000Z,GRID,First Trust,70,6723.JP,Renesas Electronics Corporation,0.177641801046095,1025300,21552696.71
2026-09-23,2026-09-23T23:38:25.440000Z,GRID,First Trust,71,AMSC,American Superconductor Corporation,0.170859845651583,663568,20729864.32
2026-09-23,2026-09-23T23:38:25.440000Z,GRID,First Trust,72,LAND.SE,Landis+Gyr Group AG,0.165586684716669,336386,20090089.01
2026-09-23,2026-09-23T23:38:25.440000Z,GRID,First Trust,73,S92.GR,SMA Solar Technology AG,0.164465076944008,281107,19954008.02
2026-09-23,2026-09-23T23:38:25.440000Z,GRID,First Trust,74,103590.KS,"Iljin Electric Co., Ltd.",0.159772360870127,344160,19384656.18
2026-09-23,2026-09-23T23:38:25.440000Z,GRID,First Trust,75,RENE.PL,"REN - Redes Energeticas Nacionais, SGPS, S.A.",0.158464075007402,4717050,19225926.15
2026-09-23,2026-09-23T23:38:25.440000Z,GRID,First Trust,76,WLDN,"Willdan Group, Inc.",0.135913468892778,206408,16489935.12
2026-09-23,2026-09-23T23:38:25.440000Z,GRID,First Trust,77,FTS.CN,Fortis Inc.,0.130937817035659,294755,15886255.61
2026-09-23,2026-09-23T23:38:25.440000Z,GRID,First Trust,78,1609.TT,"Ta Ya Electric Wire & Cable Co., Ltd.",0.114708651344925,11566272,13917224.2
2026-09-23,2026-09-23T23:38:25.440000Z,GRID,First Trust,79,006400.KS,"Samsung SDI Co., Ltd.",0.108961460279444,33942,13219936.37
2026-09-23,2026-09-23T23:38:25.440000Z,GRID,First Trust,80,1514.TT,"Allis Electric Co., Ltd.",0.108941201674914,4103120,13217478.46
2026-09-23,2026-09-23T23:38:25.440000Z,GRID,First Trust,81,3393.HK,Wasion Holdings Limited,0.104642075411803,7360138,12695879.58
2026-09-23,2026-09-23T23:38:25.440000Z,GRID,First Trust,82,WEGE3.BZ,WEG S.A.,0.101305462203308,1210871,12291059.25
2026-09-23,2026-09-23T23:38:25.440000Z,GRID,First Trust,83,AXIA3.BZ,AXIA Energia SA,0.0855148054482283,948010,10375230.69
2026-09-23,2026-09-23T23:38:25.440000Z,GRID,First Trust,84,PLPC,Preformed Line Products Company,0.0807526862771964,23042,9797458.4
2026-09-23,2026-09-23T23:38:25.440000Z,GRID,First Trust,85,FLNC,"Fluence Energy, Inc. (Class A)",0.0796031107159526,1328471,9657984.17
2026-09-23,2026-09-23T23:38:25.440000Z,GRID,First Trust,86,PFSE.GY,PFISTERER Holding SE,0.0794564459063747,117272,9640189.81
2026-09-23,2026-09-23T23:38:25.440000Z,GRID,First Trust,87,NRGV,"Energy Vault Holdings, Inc.",0.0789751416154736,2008762,9581794.74
2026-09-23,2026-09-23T23:38:25.440000Z,GRID,First Trust,88,5801.JP,"Furukawa Electric Co., Ltd.",0.0782910666538189,383300,9498798.17
2026-09-23,2026-09-23T23:38:25.440000Z,GRID,First Trust,89,RSGN.SE,R&S Group Holding AG,0.0773543213777283,433317,9385145.94
2026-09-23,2026-09-23T23:38:25.440000Z,GRID,First Trust,90,WCC,"WESCO International, Inc.",0.0755216709643023,25306,9162796.48
2026-09-23,2026-09-23T23:38:25.440000Z,GRID,First Trust,91,EDP.PL,"EDP - Energias de Portugal, S.A.",0.0729950368072213,1593286,8856248.25
2026-09-23,2026-09-23T23:38:25.440000Z,GRID,First Trust,92,3750.HK,"Contemporary Amperex Technology Co., Ltd. (Class H)",0.0623945644575531,117116,7570127.73
2026-09-23,2026-09-23T23:38:25.440000Z,GRID,First Trust,93,MTZ,"MasTec, Inc.",0.060955892639831,33360,7395578.4
2026-09-23,2026-09-23T23:38:25.440000Z,GRID,First Trust,94,6504.JP,"Fuji Electric Co., Ltd.",0.0589443640670991,86100,7151526.24
2026-09-23,2026-09-23T23:38:25.440000Z,GRID,First Trust,95,2395.TT,"Advantech Co., Ltd.",0.0587235511214441,320907,7124735.73
2026-09-23,2026-09-23T23:38:25.440000Z,GRID,First Trust,96,6617.JP,"Takaoka Toko Co., Ltd.",0.0568587978038722,155800,6898491.33
2026-09-23,2026-09-23T23:38:25.440000Z,GRID,First Trust,97,TRMB,Trimble Inc,0.0539213019602656,110322,6542094.6
2026-09-23,2026-09-23T23:38:25.440000Z,GRID,First Trust,98,GNRC,Generac Holdings Inc.,0.0509109065101922,29960,6176853.2
2026-09-23,2026-09-23T23:38:25.440000Z,GRID,First Trust,99,6644.JP,"Osaki Electric Co., Ltd.",0.0488996137470203,628900,5932829.65
2026-09-23,2026-09-23T23:38:25.440000Z,GRID,First Trust,100,229640.KS,LS Eco Energy Ltd.,0.0488620417260084,135324,5928271.16
2026-09-23,2026-09-23T23:38:25.440000Z,GRID,First Trust,101,STM,STMicroelectronics N.V.,0.0483590821884959,109853,5867248.73
2026-09-23,2026-09-23T23:38:25.440000Z,GRID,First Trust,102,298040.KS,Hyosung Heavy Industries Corporation,0.0454552221348082,2582,5514932.92
2026-09-23,2026-09-23T23:38:25.440000Z,GRID,First Trust,103,EUPWR.TI,Europower Enerji ve Otomasyon Teknolojileri Sanayi ve Ticaret AS,0.0448252280063392,3888506,5438497.8
2026-09-23,2026-09-23T23:38:25.440000Z,GRID,First Trust,104,AEIS,Advanced Energy Industries Inc,0.0442665238636109,19642,5370712.06
2026-09-23,2026-09-23T23:38:25.440000Z,GRID,First Trust,105,AES,The AES Corporation,0.0442473188604807,362239,5368381.98
2026-09-23,2026-09-23T23:38:25.440000Z,GRID,First Trust,106,LFUS,Littelfuse Inc,0.0430042892754082,12456,5217569.28
2026-09-23,2026-09-23T23:38:25.440000Z,GRID,First Trust,107,5333.JP,NGK Corp.,0.0417429213553366,151825,5064531.65
2026-09-23,2026-09-23T23:38:25.440000Z,GRID,First Trust,108,VER.AV,Verbund AG,0.0402902446256935,68754,4888283.15
2026-09-23,2026-09-23T23:38:25.440000Z,GRID,First Trust,109,VMI,"Valmont Industries, Inc.",0.0390989671204658,10136,4743749.36
2026-09-23,2026-09-23T23:38:25.440000Z,GRID,First Trust,110,ALFEN.NA,Alfen Beheer BV,0.0383023326152982,320360,4647096.31
2026-09-23,2026-09-23T23:38:25.440000Z,GRID,First Trust,111,ACA,"Arcosa, Inc.",0.027388709208636,22667,3322982.2
2026-09-23,2026-09-23T23:38:25.440000Z,GRID,First Trust,112,ESE,ESCO Technologies Inc.,0.0258040770428212,11958,3130723.98
2026-09-23,2026-09-23T23:38:25.440000Z,GRID,First Trust,113,ENS,EnerSys,0.0249726923188424,16855,3029854.8
2026-09-23,2026-09-23T23:38:25.440000Z,GRID,First Trust,114,6845.JP,Azbil Corporation,0.0199287027523303,262400,2417884.1
2026-09-23,2026-09-23T23:38:25.440000Z,GRID,First Trust,115,6674.JP,GS Yuasa Corporation,0.0166112335546291,57935,2015386.45
2026-09-23,2026-09-23T23:38:25.440000Z,GRID,First Trust,116,PRIM,Primoris Services Corporation,0.016216787460909,25780,1967529.6
2026-09-23,2026-09-23T23:38:25.440000Z,GRID,First Trust,117,AZZ,AZZ Inc.,0.0156445972532294,13871,1898107.64
2026-09-23,2026-09-23T23:38:25.440000Z,GRID,First Trust,118,GRID.CT,Tantalus Systems Holding Inc.,0.0155621958649746,646092,1888110.15
2026-09-23,2026-09-23T23:38:25.440000Z,GRID,First Trust,119,BKW.SW,BKW AG,0.0140075449766423,11272,1699489.46
2026-09-23,2026-09-23T23:38:25.440000Z,GRID,First Trust,120,BDC,Belden Inc,0.013442040023563,14430,1630878.6
2026-09-23,2026-09-23T23:38:25.440000Z,GRID,First Trust,121,DGII,Digi International Inc,0.0108046888684825,17516,1310897.44
2026-09-23,2026-09-23T23:38:25.440000Z,GRID,First Trust,122,1513.TT,Chung-Hsin Electric and Machinery Manufacturing Corp.,0.0106616791482955,246740,1293546.54
2026-09-23,2026-09-23T23:38:25.440000Z,GRID,First Trust,123,2371.TT,"Tatung Co., Ltd.",0.00884726692704603,1154107,1073409.86
2026-09-23,2026-09-23T23:38:25.440000Z,SOXQ,Schwab/WSOD,1,NVDA,NVIDIA Corp,13.7248736840195,1900000,421200000
2026-09-23,2026-09-23T23:38:25.440000Z,SOXQ,Schwab/WSOD,2,MU,Micron Technology Inc,9.09126248300438,274700,279000000
2026-09-23,2026-09-23T23:38:25.440000Z,SOXQ,Schwab/WSOD,3,AVGO,Broadcom Inc,8.69698192370562,746300,266900000
2026-09-23,2026-09-23T23:38:25.440000Z,SOXQ,Schwab/WSOD,4,MRVL,Marvell Technology Inc,5.1777835431878,650600,158900000
2026-09-23,2026-09-23T23:38:25.440000Z,SOXQ,Schwab/WSOD,5,AMD,Advanced Micro Devices Inc,4.71507412649008,258400,144700000
2026-09-23,2026-09-23T23:38:25.440000Z,SOXQ,Schwab/WSOD,6,ASML,ASML Holding NV ADR,4.5293386564072,82700,139000000
2026-09-23,2026-09-23T23:38:25.440000Z,SOXQ,Schwab/WSOD,7,TSM,Taiwan Semiconductor Manufacturing Co Lt...,4.51630458833121,318800,138600000
2026-09-23,2026-09-23T23:38:25.440000Z,SOXQ,Schwab/WSOD,8,AMAT,Applied Materials Inc,4.29146691402035,296300,131700000
2026-09-23,2026-09-23T23:38:25.440000Z,SOXQ,Schwab/WSOD,9,INTC,Intel Corp,4.11550699499445,1200000,126300000
2026-09-23,2026-09-23T23:38:25.440000Z,SOXQ,Schwab/WSOD,10,KLAC,KLA Corp,4.00145889932953,694100,122800000
2026-09-23,2026-09-23T23:38:25.440000Z,SOXQ,Schwab/WSOD,11,ADI,Analog Devices Inc,3.94606411000656,322200,121100000
2026-09-23,2026-09-23T23:38:25.440000Z,SOXQ,Schwab/WSOD,12,LRCX,Lam Research Corp,3.93628855894957,419100,120800000
2026-09-23,2026-09-23T23:38:25.440000Z,SOXQ,Schwab/WSOD,13,TXN,Texas Instruments Inc,3.78965529309466,436300,116300000
2026-09-23,2026-09-23T23:38:25.440000Z,SOXQ,Schwab/WSOD,14,QCOM,QUALCOMM Inc,3.0760400659341,531300,94400000
2026-09-23,2026-09-23T23:38:25.440000Z,SOXQ,Schwab/WSOD,15,COHR,Coherent Corp,2.56445289395141,248100,78700000
2026-09-23,2026-09-23T23:38:25.440000Z,SOXQ,Schwab/WSOD,16,MPWR,Monolithic Power Systems Inc,2.47321441741947,62300,75900000
2026-09-23,2026-09-23T23:38:25.440000Z,SOXQ,Schwab/WSOD,17,TER,Teradyne Inc,2.40152704300151,198500,73700000
2026-09-23,2026-09-23T23:38:25.440000Z,SOXQ,Schwab/WSOD,18,NXPI,NXP Semiconductors NV,2.37871742386853,320100,73000000
2026-09-23,2026-09-23T23:38:25.440000Z,SOXQ,Schwab/WSOD,19,ALAB,Astera Labs Inc,2.14736271551967,217400,65900000
2026-09-23,2026-09-23T23:38:25.440000Z,SOXQ,Schwab/WSOD,20,MCHP,Microchip Technology Inc,1.64229257757498,687300,50400000
2026-09-23,2026-09-23T23:38:25.440000Z,SOXQ,Schwab/WSOD,21,ARM,ARM Holdings PLC ADR,1.609707407385,179200,49400000
2026-09-23,2026-09-23T23:38:25.440000Z,SOXQ,Schwab/WSOD,22,CRDO,Credo Technology Group Holding Ltd,1.33925049480817,233900,41100000
2026-09-23,2026-09-23T23:38:25.440000Z,SOXQ,Schwab/WSOD,23,ON,ON Semiconductor Corp,1.1339639226113,497000,34800000
2026-09-23,2026-09-23T23:38:25.440000Z,SOXQ,Schwab/WSOD,24,GFS,GLOBALFOUNDRIES Inc,1.08508616732633,696000,33300000
2026-09-23,2026-09-23T23:38:25.440000Z,SOXQ,Schwab/WSOD,25,ENTG,Entegris Inc,0.896092180224446,193300,27500000
2026-09-23,2026-09-23T23:38:25.440000Z,SOXQ,Schwab/WSOD,26,MTSI,MACOM Technology Solutions Holdings Inc,0.870024044072462,96800,26700000
2026-09-23,2026-09-23T23:38:25.440000Z,SOXQ,Schwab/WSOD,27,SWKS,Skyworks Solutions Inc,0.550689376210659,190900,16900000
2026-09-23,2026-09-23T23:38:25.440000Z,SOXQ,Schwab/WSOD,28,NVMI,Nova Ltd,0.46922645073571,40400,14400000
2026-09-23,2026-09-23T23:38:25.440000Z,SOXQ,Schwab/WSOD,29,QRVO,Qorvo Inc,0.426865729488736,111500,13100000
2026-09-23,2026-09-23T23:38:25.440000Z,SOXQ,Schwab/WSOD,30,RMBS,Rambus Inc,0.391022042279758,137200,12000000
